s10/b12n4r4n4ly2n48r16w1db4w3~x2~r2308029-ly3608101	4
s10/b12w2b7g15k2g4k2g15b2k7~x2	4
s10/b13dg19k2dg7k2dg7k2db18r2b13~x2	4
s10/b16db6k1y1k1db6b4dr4k1r1~x4	4
s10/b16o2b5dp12b8lg2db4b8dp23lg4~x2~b2308302-dp1105325-lg2704216-db1406275	4
s10/b24w2b6g9r6b3r6g35k2ly2~x2	4
s10/b29db8y21r3y8b16w3db3w3y8~x2	4
s10/b2w2b1w9k5dg3dr2dg5k1ly2~x4	4
s10/b30db3b3db3b3db10k10g20k2w4~x2~b2208266-db1108266	4
s10/b30k5r2k1r10w1r1w1k3w2~x4	4
s10/b36k3r6k3db10r5db3ly4k1b2~x2	4
s10/b3n30g8b2g2b2g2b8n7b2~x2	4
s10/b4dg2b18r2dg5n16r2n2r2n2~x2	4
s10/b4g44dg5w2dg2g2dg2r2g3b3~x2~g2508144-dg1304144	4
s10/b4r2k9r25k3r2k3r4db15w3~x2	4
s10/b64db3dt4r5dt8dbi12b3dbi4b2lo1~x2~db1106275-r1606028-dbi1404245	4
s10/b64g4o1g4o1g4o64do2o2do8~x2	4
s10/b6db22k12dp10g3k1g3dp10b2w2~x2~b1511266-db1108266	4
s10/b6k3b10o5b2o2b2o2b7w2~x2	4
s10/b6w1k12g6dp2w1dp2w1k12lb1~x2	4
s10/b9dr1db5g5lb2g5db5dr1b9db2~x4	4
s10/b9r2b2db12b2r2b12w1b15y2~x4	4
s10/bi5k15lb5n9lb2b2lb2b2n9k3~x2~bi2011271-b1610274	4
s10/db108w6k10w3k3w3k3g12r12w4	4
s10/db109lb12r4w4db5dy4g5k4r4lb18	4
s10/db109lb12r4w4db5y4g5k4r4lb18	4
s10/db10k1g2k2lb3k2g2k1db10w1~x8	4
s10/db10k2db4k4g7y2g7k4db10k2	4
s10/db10lb5lo2lb2w2lb5ly4lb2ly4w2~x4	4
s10/db10r2g2r6g16r1g2r1g3r6~x2	4
s10/db10r2g2r6g16r1g2r1g3r6~x4	4
s10/db10r2g2r6g16r1g2r1g3r6~x4~r1807033	4
s10/db10r2w2r16g6r1g2r1g3r6~x2	4
s10/db10w5db48k35g5k5g35r5g5dp5	4
s10/db11k4w5k1r3k1w5k4db11r1~x4~db1406275	4
s10/db11r3db2n3k12dg20y2k12db11ly3~x2	4
s10/db11r3db2n3k12dg20y2k12db11ly3~x2~ly2705081	4
s10/db11w2db11k4g8r1~x2	4
s10/db12r4db18r2k19g18r4g3y2g8~x2	4
s10/db12w1dg12r12dg2r12dg12w1db12g3~x2	4
s10/db12w4r12w5k4o12db20r4db5r4~x2	4
s10/db12w4r12w5k4w12db20r4db5r4~x2	4
s10/db13k14g6k14db14w1r1y1g1db3~x2	4
s10/db14lb2db3lb2g10lb32g10db10lb2db3~x2	4
s10/db14w2db3w2dr10w32dr10db10w2db3~x2	4
s10/db14w2db3w2g10w32g10db10w2db3~x2	4
s10/db15g7y3g7db40g7y3g7db15r5~x2~db1406275	4
s10/db16dr3g3dr10db24dr3db3dr3db3dr10~x2	4
s10/db16k4lb4db8lb24k2dr27k12lb6k1~x2	4
s10/db16w2db2w1db1w1db2w2db16w8~x4	4
s10/db17dg5db5dg17db4dg17k6dg5~x2	4
s10/db17dr2k16g17k2g17k16dr2db17lr2~x2	4
s10/db17g5db5g17db4g17k2dy2k2g5~x2	4
s10/db18g1dy3g1lr1db1dr2g2dr2lr2~x4	4
s10/db18g6db2lb10k3lb10db2g6db18g2~x2~db1406275	4
s10/db18k10g9k2r2k2g9k10db9w2~x2	4
s10/db18k17db3g18db4g18db3k17db18b4~x2	4
s10/db18k20g20k5g20k20db18lb3~x2	4
s10/db18w1db4w1lo4g1lo2g12r2g4~x2~w4000000-lo2804072	4
s10/db18w1db4w1lo4g1lo2g12r2g4~x2~w4000000-r1707033	4
s10/db19dg7db7lb2dg20k9dg6k4dg10w3~x2	4
s10/db19g7db7lb2g20k9g6k4g10w3~x2	4
s10/db19ly2db3w7db3w7db9w3db2w19~x2	4
s10/db1g4db1r1db1y1db5r6db1y1~x2	4
s10/db1k1db8k2ly1dg12ly1db8k1db1~x4	4
s10/db1k2db1k6db1k1g1k6g21y1~x2	4
s10/db1k6n35k8dp3db1k8w1~x2	4
s10/db1r1db1r1db4k4g4r1g1y1~x4	4
s10/db20dg6db6lb2dg20dr8dg6dr4dg10lr3~x2	4
s10/db20k3db3k3db3k16g2y3g12r2~x2	4
s10/db20k3db3k3db3k16g3lo3g12dr2~x2	4
s10/db20lb2w5r2db10lb5db20lb2w5r5~x2	4
s10/db20lb8lo5k6lb4r3lb3y30r2lb3~x2	4
s10/db20n2w1n5dg8y1dg2r1dg8n16~x4	4
s10/db20t2w5r2db10t5db20t2w5r5~x2	4
s10/db20w1dp8lb1r2k3r2lb1dp20db8~x2	4
s10/db22g6db5lb2g22r6g5r4g9w3~x2	4
s10/db24k24ki2w6ki2y2ki16lb5r6w2~x2~k0504259-ki0700000	4
s10/db24k2db2r2db2k20g16y2g2y3~x2	4
s10/db24r6w6r6w6r6db25k12t36y6	4
s10/db26dg6db26r2dg26w1r6db2r6db13~x2	4
s10/db28dr26w2db5w2dr26g28dr5w2dr5~x2	4
s10/db28r26w2db5w2r26g28r5w2r5~x2	4
s10/db28r3w3r3w3r3db14k12lb38y8	4
s10/db28r3w3r3w3r3db28k12lb38wi8~w3600000-wi3905105	4
s10/db29dr3w10db2w2ly10db5w2db4ly2~x2	4
s10/db2dp26dg26db2dg3db2dg3db14dp2db2~x2	4
s10/db2k3g5k7db20k2db5k2g20w1~x2	4
s10/db2k3g5k9db21k2db5k2g20w1~x2	4
s10/db2ki3db33k11ki3db3dp15db4lb1db2~x2~db1404245-ki0503284	4
s10/db2lo1db6dr1db2dr2k2g6lb1g2~x4	4
s10/db2r2db15r15db2r2~x2	4
s10/db2r2db2w1db8k8dg8r2dg2ly2~x2	4
s10/db2r2db2w1db8k8dg8r2dg2y2~x2	4
s10/db2r30g8r3g8r6db4r3db12w2~x2	4
s10/db2w18lb2w2db3t3db3lb6g24w2~x2	4
s10/db2w18lb2w2db3t3db3lb6g24w2~x2~t2105244	4
s10/db2w2dp16lg2dp2r5db37dp6lg2db2~x2	4
s10/db2y1db7w1k7w2~x6	4
s10/db32g2db2g14k2g14k2g2k15r2~x2	4
s10/db32lo4dbi12db2dbi4db2dbi2n16db67lo6~db0705267-dbi1404245	4
s10/db34ly6dg6r2w2r2dg10ly8db23w2~x2	4
s10/db35y1db3y1db3y1db20r6w1r5~x2	4
s10/db36dbi15r25w5k6db35dbi15r7w5k6~db1004274-dbi1406275	4
s10/db37dr4w9db2w2ly9db4w2db2dy2~x2	4
s10/db37w2db2y2r17w2db2g17y2db2~x2	4
s10/db3dbi3db1g26db10dt1db3dp5dbi4ly2~x2~db1004274-dbi1406275	4
s10/db3dg26db3r3db20r3db3r26dg5w3~x2	4
s10/db3dg3db24k34w1k34db24r3db3w3~x2	4
s10/db3dg8dt12dr3dp20dg3dt20db3dt20lb2~x2~db1406275-dt1202249-dr1105035-dp0904317	4
s10/db3g16y1r1w1r6g3r1g3w1~x2	4
s10/db3g16y1r1w1r6g3r1g3w1~x4	4
s10/db3g16y1r1w1r6g3r1g3w1~x4~db1406275-r2109032-w4000000	4
s10/db3g26db3r3db20r3db3r26g5w3~x2	4
s10/db3r23db3r26db3r3db25r3g24r3~x2	4
s10/db3t12k11g11y2g11k11t12db3r2~x2~db1404245	4
s10/db3w2db2w3db6y2db26y2db6r2~x2	4
s10/db3y1db12k4y2k4g8r2g8r1~x2	4
s10/db40ly1db1r9db1ly1db6ly1db1r9~x2	4
s10/db42dp4db16dg10k2r6k2dg10k3w4~x2	4
s10/db42k6db3k3db3w5db17w7dy10k3~x2	4
s10/db42k6db3k3db3w5db17w7ly10k3~x2	4
s10/db42w5db1w1y9db1dg2w1db1r1~x4	4
s10/db45dp6n6dp30dg6dp6dg30k4r4k3	4
s10/db46w1k3lb4k3t3k2t11k1lb2~x2~db1404245-t2308259	4
s10/db47dg14dp5do2dr3dg7~x2~db1204274-dg1605139-dp1105325	4
s10/db49ly3dy13db12r4db5k7g26db4r2~x2	4
s10/db4dy30do2dy2do14y2do2y1do6g3~x2	4
s10/db4dy30k2dy2k14ly2k2ly1k6ly3~x2	4
s10/db4dy3db22n6w2k6w2r26k3r4~x2	4
s10/db4dy3db22n6w2k6w2r26k3r4~x2~db1406275	4
s10/db4dy7y3dy12g15dy5db20dy5g4dy2~x2	4
s10/db4g1db2g2n6g2k3r1db8w1~x2	4
s10/db4g2dbi10y1dbi2g13db11g13dbi13y2~x2~db1204274-dbi1406275	4
s10/db4g8k8db4y3g21k3lb4k3lb4~x2	4
s10/db4k1w2k3y1n12o1k12o12r4~x2	4
s10/db4k4db23k12g10k1w23dp2w2dp4~x2	4
s10/db4k4db24g32w1g2~x4~db1406275-w4000000	4
s10/db4n4w1db2n50db20y1dg25o4k2~x2	4
s10/db4n4w1db2n50db20y1g25r4k2~x2	4
s10/db4o7y3o12g15o5db20o5g4o2~x2	4
s10/db4r17db4g4db2g4db4g27db4ly4~x2	4
s10/db4r17db4g4db2g4db4g27db4y4~x2	4
s10/db4t4db1dg24db10r1db2dr5t3r2~x2	4
s10/db4w1dy1k2db4dy2w1dy1w1dy1~x4	4
s10/db4w1k2db25k12b1k2g16k2r1~x2	4
s10/db4w1k2db25k12b1k2r16k2lo1~x2	4
s10/db4w1k2db25k12t1k2g16k2r1~x2	4
s10/db4w1k2db25k12t1k2r16k2lo1~x2	4
s10/db4y3db17b6w2do6w2r24do3r4~x2	4
s10/db50k12n2k2w2k2n12db7k7w2~x2	4
s10/db51t4db7o2db2g2db2dg10db13w2~x2	4
s10/db51t4db7o2db2g2db2dg10db13w2~x2~db1406275	4
s10/db54lb3k5lb1k2lb1k2g8dr8lb2~x2	4
s10/db56dg11r2dg7k2dg7r2dg7dbi3y4~x2~db1003265-dbi1208266	4
s10/db56k6db6k6db6k44g44y4g5y8	4
s10/db57y2db10dg4db4dg9r12db4r4lr2~x2	4
s10/db58w2db1w1db6g3r3g6r24y3~x2	4
s10/db58w2db1w1db6g3r3g6r24y3~x2~g2408144	4
s10/db5k35lb3k2r3k2g3k2w3k2~x2	4
s10/db5k3db18dg6k6dg6dy12r5dy12r3~x2	4
s10/db5lb1db44m1g12k12m5k2lp2k3~x2	4
s10/db5lb2db11g2db2g6r17ly9db1r1~x2	4
s10/db5lb2db11g2db2g6r17y9db1r1~x2	4
s10/db5n4r6ly1r9dbi35db5ly1db12w1~x2~db1004274-dbi1406275	4
s10/db5n4r6ly1r9dbi35db5ly1db12w1~x2~db1004274-dbi1406275-w3600000	4
s10/db5r12k38r4w2r2w2r2w2r4~x2	4
s10/db5r2db5w7db32w7r13db3r13w2~x2	4
s10/db5w12db4w4db4w3db37w3db3r4~x2	4
s10/db5w1db44dp1g12k12dp5k2o2k3~x2	4
s10/db60lo2db10k9lb2k2dr2k2g28lo3~x2	4
s10/db60y6db11r25db11y6~x2	4
s10/db62r1db2r1db4k14g4k2g6k4~x2	4
s10/db62r1db2r1db4k14g4w2g6k4~x2	4
s10/db64y3w3r12dr3g3dp3w3lb10db10	4
s10/db66dr16w2dr1w1dr1w2dr16db66y2~x2	4
s10/db6dbi22k12dp10g3k1g3dp10db2w2~x2~db1106275-dbi1404245	4
s10/db6dg24k1w2k1dg24g24w3k1w3~x2~dg1806142-g2408144	4
s10/db6dp12lg3dp12t6db2t26dp16lb2dp6~x2~lg3005197-lb3300000	4
s10/db6dy2db18k6dy3k6g14r3g10r2~x2	4
s10/db6k74db6k6db6k6db20g30k3w6	4
s10/db6lb3db3lb15dg7db7dg5db17dg46dgi4~dgi1605139	4
s10/db6ly3db3ly15r7db7r5db17r46ly4	4
s10/db6n3db3n15r7db7r5db17r46n4	4
s10/db6r4db24w3k6g18y4g2y2g4~x2	4
s10/db6w1db40dp1k12dg12o6dg2dr2dg4~x2	4
s10/db6w1db40o1k12dg12o6dg2dp2dg4~x2	4
s10/db6w1ly24g6dt3g1dt3g1dt12r1~x2~db1404245-dt1703208	4
s10/db6w2r6w3k2w6db10r2db3r2~x4	4
s10/db6w2r6w3k2w6db10r2db3r2~x4~db1406275	4
s10/db6w4db3w6db8lo3db52lo3db8r4	4
s10/db6w4db3w6db8y3db52y3db8r4	4
s10/db6y3k2y5dbi30g2k4g2dbi6db4~x2~db1204274-dbi1406275	4
s10/db73k9g3k5dbi13w3lb7k5w7r16~db1208266-dbi1606265	4
s10/db7r3db9r2k10g9r3g2r2g7~x2	4
s10/db7w2db28k7db3ly2db2g2db13r2~x2	4
s10/db84dp1db1k2db2k30dp7db2g3lo2~x2	4
s10/db8dr3db36lb3do10w34dr4w3dr3w8~x2	4
s10/db8k1db8k2dg6r1dg6k2db8lb1~x2	4
s10/db8k1db8k2g6r1g6k2db8w1~x2	4
s10/db8k3db18g6k8g6o12r5o12r3~x2	4
s10/db8r3db34b3k9w31r5w3r3w8~x2	4
s10/db8r3db34lb3k9w31r5w3r3w8	4
s10/db8r3db34lb3k9w31r5w3r3w8~x2	4
s10/db9k30db9lb3db5r3db5y3db5g3~x2	4
s10/db9k9db9r2k18g12r2g4r2g4~x2	4
s10/db9w2db24k8w5k8dbi15k3dbi15k2~x2~db1404245-dbi1406275	4
s10/dbi30db3dbi3db3dbi3db10k10dg20k2w4~x2~dbi1106275-db0903284	4
s10/dbi30w2r3w2db14lr3g14dbi18r2dbi3~x2~dbi1605267-db0906265	4
s10/dbi36k3r6k3db10r5db3y4k1dbi2~x2~dbi1307278-db1105267	4
s10/dbi3k53dbi4k4dbi4k4dbi24db10dbi1lo1~dbi1404245-db1003265	4
s10/dbi4db3dr2db26k3dbi3g3dbi3g17ly3~x2~dbi1406275-db1204274	4
s10/dbi4w2dbi1lb24dbi10w1db2w5db3r2~x2~dbi1204274-db1106275	4
s10/dbi56dg11r2dg7k2dg7r2dg7db3lo4~x2~dbi1406275-db1204274	4
s10/dbi5k15o5n9o2db2o2db2n9k3~x2~dbi1406275-o2500000-n1900000-db1106275	4
s10/dbi6dpi10dp4dpi11dg20k4dg8k21db47dbi2~dbi1406275-dpi1607327-dp1105325-db1204274	4
s10/dbi6ly3dbi3ly15db7dbi7db5dbi17db46w4~dbi1204274-db0705267	4
s10/dbi8g8db12r3dp20g3db20dbi3db20lb2~x2~dbi1406275-db1305255	4
s10/dg10k3w3k3w3k3dg10b6k15b3~x2	4
s10/dg12g24db48r23w8r23db24y4g12dg12	4
s10/dg12g24t48r23w8r23t24y4g12dg12	4
s10/dg12k14db11r3db3r3db11k14dg12y3~x2~dg1605139	4
s10/dg12k14y11dr3y3dr3y11k14dg12y3~x2~dg1605139	4
s10/dg12lr5k11dg42k3dg42k11lr5dg12r8~x2	4
s10/dg14w2db3g7dg2g7db3w2dg14lb2~x4	4
s10/dg18k10dg13k9r3k9dg25k16dg9db3~x2	4
s10/dg18k1dr9k12dr9k1dg18k1n6dg1~x2	4
s10/dg18k1dy3k1lr1dg1dr2k2dr2lr2~x4	4
s10/dg18k3dg3k3dg3k21g2k21dg21k4~x2~dg1806142-g2408144	4
s10/dg22dr2lr1ly3dr1dg6dr22ly3dr1dg10~x4	4
s10/dg25b10w1b5w1b10dg25r1dg3r2~x2	4
s10/dg2r2db1r24lb1db6r3dg12r4db1~x2	4
s10/dg30lo3dg4lo3dg30r30y4db8y4r30~x2	4
s10/dg36k52lo2k8dg8dy8lo2dy6dg36dr1~x2	4
s10/dg3g3r22k5db22y2db22k5r22g3~x2~dg1806142-g2408144	4
s10/dg3ly1b3ly1b3ly1dg3ly1b3ly1~x4	4
s10/dg3r6dg2r1dg2r1dg16w1dg2w3~x4	4
s10/dg3w2dg39k3g3k3dg3k20g10r2~x2~dg1502166-g2304144	4
s10/dg3w2dg39k3lb3k3dg3k20dgi10r2~x2~dgi1804158	4
s10/dg40dr5k2w2k2y3k2dg10dr3k3~x2	4
s10/dg40k8r4k4r8k4r4k8db40y3~x2	4
s10/dg40r5k2w2k2y3k2dg10r3k3~x2~dg1605139	4
s10/dg40r8dg26g5dg10ly3db4ly2db1ly16~x2	4
s10/dg49k8ly20lyi3dg23r6k5lb3dg10ly10~x2~ly2503076-lyi2705081	4
s10/dg4r2dg2r16lr2r3lr2r3lr8r3~x2	4
s10/dg4r2dg2r16lr2r3lr2r3lr8r3~x4	4
s10/dg5dr2dg2lr34dg18dr4dg4lr4dg4dr4~x2	4
s10/dg5dt2dg18ly2dt5ly2o5dt17dg2ly4~x2	4
s10/dg5g10db1dg5g5r2dg5g5y1w1~x2	4
s10/dg5lo1t4dt18dg2r2dg16db1t32dt3~x2	4
s10/dg67k2dg2k2dg2y8r8k8y2lb7~x2	4
s10/dg68k2dg2k2dg2dy8r8k8dy2db7~x2	4
s10/dg7n3dg1n2dg1n3dg6n1dy1n2~x8	4
s10/dg7r4dg14db10dg5db10w2db10dg5db5~x2	4
s10/dg8k9db7r2db2r2db7k9dg8t3~x2~t2503227	4
s10/dg9k2dg2g13k2g2dy1dg13k26dy2~x2	4
s10/dg9w2dg24db37r3db37dg24w2dg9o4~x2~db1103284	4
s10/do1lr2k5do3k1ly4k1ly10k1ly1~x4	4
s10/do1lr2k5do3k1y4k1y10k1y1~x4	4
s10/do1n2g6n1do3lb1n12do1n1g1~x4	4
s10/do26dt28g26dt8y3dt8g26dt28do26dr6~x2	4
s10/do2db4g12db3do6lb2db24do2db2g2~x2	4
s10/do2lr3r3lr21y3lr2r6db6r4w2~x2~lr2906019-r2510029	4
s10/do2n4dg12n3do6t2n24do2n2dg2~x2	4
s10/do2ri3r3ri21y3ri2r6db6r4w2~x2~ri2906009-r2609025	4
s10/do2w20r2w2do3w3y3r8y26w2~x2	4
s10/do3db2g19db6g2db6ly14w2dp4w2~x2	4
s10/do4g26ly1g2ly2do4lg26do4y3lyi3~x2~ly3103114-lyi3306095	4
s10/do6o4n22dr4k22do22k2dr5k2do6~x2~o2500000-n1900000	4
s10/do7dr4do4dr25dp1dg32dp4dg2w2dg5~x2	4
s10/do7dr4do4dr25dp1g32dp4g2w2g5~x2	4
s10/doi7do2doi2do2doi2do6r14do2r2do2~x4~doi1402055-do1103038	4
s10/dp16k17g18w2k5w2g18k17dp16k3~x2~dp1607327-w4000000	4
s10/dp17g1dp2k2dp2g1dp3k8w17g2~x4	4
s10/dp17k18w2g17k3g17w2k18dp17g3~x2~dp1607327-g2203152	4
s10/dp1k1w1dp10y1db2k1db2w1y1~x8	4
s10/dp20g4dp1g4dp2n8g1n8db26g8~x2	4
s10/dp22r3k22g22y2g22k22r3dp22w3~x2	4
s10/dp23w1dp2db16k3db2k30lr1k2r3~x2	4
s10/dp24k2dp2lo2dp2k20db16n2db2n3~x2	4
s10/dp28r26w2dp5w2r26g28r5w2r5~x2	4
s10/dp2dg16k16db2k2db2k2db15dbi3y2~x2~db1204274-dbi1406275	4
s10/dp2dg16k16dt2k2dt2k2dt15db3y2~x2~dt1102249-db1108266	4
s10/dp2r1dp5k4db5lb1~x4	4
s10/dp3g3w1k25db25k2db2g1r3w2~x2	4
s10/dp3n1db4g2r2g21n3dp21db25w3~x2	4
s10/dp3o23dp3o26dp3o3dp25o3g24o3~x2~dp1607327	4
s10/dp3r4g26k3dp4k16dp4k3r26g2~x2	4
s10/dp46dbi12ly3dbi3lb3dp11db5dbi2db7w2~x2~dbi1204274-db1106275	4
s10/dp46k12dy3k3lb3dp11db5k2db7w2~x2~k0604259-db1108266	4
s10/dp4db16y1db1y1db5y4g4w4r4~x2	4
s10/dp4db20y1db2y1db4y4g4w4r4~x2	4
s10/dp4db5dp3db50k15g3k5g32w2g3	4
s10/dp4g13db5y3lb6y3db5n6db28w2~x2	4
s10/dp4g13db5y3lb6y3db5n6g28w2~x2	4
s10/dp4g6db4g28w4g6db6dbi46db1w4~x2~db1404245-dbi1406275	4
s10/dp4lb2dp2lb8k3dp8dg3dp4dg24g2~x2~dg1806142-g2408144	4
s10/dp60lo2dp10k9lb2k2t2k2y28lo3~x2	4
s10/dp6k2ly6k60g60r6k25y4k2w6	4
s10/dp8k9y2dg10k2dg10y2k9dp8dg2~x2~dp1607327	4
s10/dp9k11lb2g9k3g9lb2k11dp9k3~x2~dp1607327	4
s10/dr104dg3dr5dg3dr18dg8w9dr9w9dr3	4
s10/dr10k4dr4k6dr28k10dy4db30k4db7~x2	4
s10/dr12dg4dr8db3dg3db3dg8db12dr38dy2~x2	4
s10/dr12dg4dr8dt3dg3dt3dg8dt12dr38ly2~x2	4
s10/dr12dy1dg12dy12y2dy12dg12dy1dr12lb2~x2	4
s10/dr18ly2b6ly2b4ly2b12ly3dr4g2~x2	4
s10/dr1k1lr2k2lr2k1lr4k1db9lo1~x4	4
s10/dr20k4g14k1o2k1g14k10w22o7~x2~w3600000	4
s10/dr24g2dr2g20dr25g2dr2g2dr2g20~x2	4
s10/dr2db24lb6k6g6k4g2k2g2k1~x2	4
s10/dr2db24lb6k6g6ly4g2ly2g2ly1~x2	4
s10/dr2w1dr1w13lb12ly2k2lb2k1y1~x4	4
s10/dr2w2dg8g2dg2db20lb8g2db15w2~x2	4
s10/dr30dgi4dp3lb3dgi4dr30dp3lb3dg4dy2~x2~dgi1805151	4
s10/dr32lo1g8lo1g8lo1~x2	4
s10/dr3b3dr18r2dr2r3dr2r4b18y2~x2	4
s10/dr3db36w10k8g13y6g3y3g3y1~x2	4
s10/dr3dp14dg14dp2dr14dp2dr14dg14dp2ly3~x2	4
s10/dr3g10k12db3k2db2k2db30dr4w1~x2	4
s10/dr3lb6k1dr1k1lb6dr2db6b1db3~x4~db1208266-b2603265	4
s10/dr3lr1dr20k3lo2k2lo2k2lo6r3~x4	4
s10/dr3ly21dr14w3db11g36do3db3do4ly3~x2	4
s10/dr3n30g8dr2g2dr2g2dr8n7dr2~x2	4
s10/dr3o22do6n4do6n6do2dr1o2do3~x4~o2500000-n1900000	4
s10/dr3w29db2w2db2w2db14dr31db2w2~x2	4
s10/dr48k10dt12k2dr3k2dt12k10dr2ly3~x2	4
s10/dr4db12k18db4y22lb1y2lb2y3lb2~x4	4
s10/dr4db16lb2db16r4dp7dg21r3dg4do3~x2~dr1305012-r1606028	4
s10/dr4db2dp14db12y1dbi32db12dbi14db2g4~x2~db1404245-dbi1406275	4
s10/dr4do4dr4do12k32ly15r1ly7dy1r1~x2	4
s10/dr4k1dr4g8k6lb3db2lb11db1dr2~x4	4
s10/dr4w4dr3k8w3dr3k20dr40w2dr4	4
s10/dr4w6k10db5k3ly16k3g33k1w4~x2	4
s10/dr4w6k10db5k3y16k3g33k1w4~x2	4
s10/dr50dp1dr4dp3dr8dp15dr2dp2dr3dp4~x2	4
s10/dr5db1dr3db1dr5db4g3k3g3lo2~x4	4
s10/dr5g25w3t5n15t5ly3t44n1w4~x2	4
s10/dr5w2g3w2dr10g10dr2w1dr2dg1~x4	4
s10/dr60db12lb1db2w1db12dr5k1dr2n2~x2	4
s10/dr60db12t1db2w1db12dr5k1dr2o2~x2~db1004274-t2503227-o2500000	4
s10/dr6lo1dr24dg6db2k1db2k1db12dr1~x2	4
s10/dr6lo2dr32lo15dr2lo3dr2lo6w3db4~x2	4
s10/dr6lo2dr36lo18dr2lo4dr2lo6w3db4~x2	4
s10/dr6y1dr6k3dr12k15r1dr30k1w2~x2	4
s10/dr9k2dr2r13k2r2w1dr13k26w2~x2	4
s10/dr9k2dr2r13k2r2w1dr13k26w2~x2~r2108022	4
s10/dt24k24ki2w6ki2y2ki16lb5r6w2~x2~dt1501240-k0504259-ki0700000	4
s10/dt30t5dt5o5dt10w4r4dt10g5dt10~x2~dt1102249-t2503227	4
s10/dt36k3dg3g1dg3k3dt4dg6k1g2~x4	4
s10/dt36k3dg3g1dg3k3dt4dg6k1g2~x4~dg1605139-g2408144	4
s10/dt37g27w2dt4r6dt4w2g27dt37y2~x2	4
s10/dt4dp2dt22k2dt1db2dt1k2db24w2~x2	4
s10/dt6ly2r6lb3k2ly6dt10r2dt3r2~x4	4
s10/dt6o1dt40n1dt12o12dp6o2r2o4~x2~o2500000-n1900000	4
s10/dt6o1dt40n1dt12o12n6o2r2o4~x2~o2500000-n1900000	4
s10/dt76db22k1y3k1db3k1w2k1db10~x2	4
s10/dt8k2dt2k14dt2k2lr1dt19k27lr2~x2	4
s10/dt8lb2dt27k10n4k2n3k2n16dt2~x2~dt1300000-n1800000	4
s10/dy10g1k1g1k1g11dy18g1k1g10~x4	4
s10/dy12n2k2n42k13g25n6k2r4k10~x2	4
s10/dy1r1ly7r7dy1ly1dy1r7ly7r1~x4~r2109032	4
s10/dy1r7dy4g7dy1g1~x4	4
s10/dy1w2k5dy3k1ly5k1ly11k1ly1~x4	4
s10/dy20k4g14k1o2k1g14k10w22o7~x2	4
s10/dy21ri8r14dy6ri3r10~x2~ri2806019-r2109032	4
s10/dy22t2dy3y4dy3t2dy12t4w19dy3~x2	4
s10/dy22y22dr2lb6dr2lo2dr16dg5dy8lb2~x2	4
s10/dy2db25r4g4r4w3db3k3db6w2~x2	4
s10/dy2db25r4g4r4w3db3k3db6w2~x2~db1406275	4
s10/dy2g2dy16g2dp17dg10gi10g15dg1w2~x2~gi2004173	4
s10/dy2gi2dy16gi2dp17dg10g10gi15dg1w2~x2~gi2203152-g2004173	4
s10/dy2lr1dy5k4do5o1~x4~do1402055	4
s10/dy2w19r2w2dy3w3dy3r6ly25w2~x2	4
s10/dy32db10k52db10w5k24db16w10k11dy15	4
s10/dy32dg2r1dg2r1dg2r32do1r1do4~x2~dg1806142	4
s10/dy36k3r6k3dy10r5dy3lo4k1dy2~x2	4
s10/dy3dg5k2dg5w1dg17db4r1db22w2~x2	4
s10/dy3g1dy15r2dy1r2dy1g7w1g2~x4	4
s10/dy3g2ly18k4dr15k4dy6k4ly2g3~x2	4
s10/dy4dg26lt1dg2lt2dy4lg26dy4g3y3~x2~dg1806142-lt3301180-g2408144	4
s10/dy4dg2w3dg40w3dg3w4dg3w13dg4~x2	4
s10/dy4k30r30k2r2dy2k2r5w5g2~x2	4
s10/dy4n2k2n42k13g25n6k2r4k2~x2	4
s10/dy4r2k9r25k3r2k3r4db15w3~x2	4
s10/dy5w1dy5w1g6y1k1y1lb8r1~x4	4
s10/dy5w3dy30db6g3db3g3db3g15r3~x2	4
s10/dy6w1dy24db6g2db1g2db1g12r1~x2	4
s10/dy9k2dy2dr2g6k1lo1k1g6dr3~x4	4
s10/dy9k2dy2r2g6k1y1k1g6r3~x2	4
s10/dy9lb3dy6lb3dy20ly2~x2~dy1603076-ly3307090	4
s10/dy9n4dy2n4dy2n30dy9n4lb14lo2~x2	4
s10/g10db6lb6g10w8y3lb2y3db2r2	4
s10/g10t2w2t16g6y2g4r2g3t6~x4	4
s10/g11lb2db11lb6g3lb6db11lb2g11db3~x2~db1406275	4
s10/g11r4g4r7g41db11lb4db41r4db8	4
s10/g11r4g4r7g41dy11lb4db41r4db8	4
s10/g11r4g4r7g41o11lb4db41r4db8	4
s10/g12db2dr2db2dt26dg2g3dg3g24dr4~x2	4
s10/g12k14lb11k3lb3k3lb11k14g12lb3~x2	4
s10/g12k14lb11r3lb3r3lb11k14g12lb3~x2	4
s10/g12k2g2dg9g4k2~x4~dg1605139	4
s10/g12loi6lo16dg10w6dg8g12dg70loi9dg7~g2408144-loi2906085-lo2706066-dg1806142	4
s10/g12r3k1r3k1r4g16r20g2r8~x2	4
s10/g12r4k1r2k1r4g16r20g2r8~x2	4
s10/g12y6lo16dg10w6dg8g12dg70y9dg7~g2408144-dg1806142	4
s10/g14k2g2k2g3k10db16k1db2k2~x2	4
s10/g14k5db2r21g18k4db18r9k2r12	4
s10/g14r4g2r2g2r4g19r30g2r9~x2	4
s10/g14w1db2r1g1r1db2w1g4y1~x4	4
s10/g14w2g14r1g14y2g30lb2g2lb4~x2	4
s10/g16dy1k2r1k1r1k2dy1k1g1~x4	4
s10/g16k1lb2k1g3k5db12k1y1k3~x4	4
s10/g16w8dg2w1dg2w4dg24w8db16w4~x2	4
s10/g16y1k2r1k1r1k2y1k1g1~x4	4
s10/g18db3g3db3g2db8r23db2r4g2~x2	4
s10/g18dp3db10dbi2db10dp20g20dp3y2db2~x2~db0805267-dbi1307262	4
s10/g18dp3db10dbi2db10dp20g20dp3y2db2~x2~dp1607327-db0805267-dbi1307262	4
s10/g18k3g3k3g3k21dg2k21g21k4~x2	4
s10/g18ly2k14lb5k4lb5k14ly2g18r5~x2~ly3307090	4
s10/g19k18dr18w2y2dp2y2w2dr8dp3~x2	4
s10/g19k18r18ly2w2dp2ly2w2r8dp3~x2	4
s10/g19lb2g4k13dp12k3~x2~dp1607327	4
s10/g19w2g4k13dp12k3~x2~w3600000-dp1607327	4
s10/g19y2g4k13dp12k3~x2~dp1607327	4
s10/g1b28k11dr5w1dr5k11ly1k2g1~x2	4
s10/g1db28k11r5w1r5k11y1k2g1~x2	4
s10/g1db30dp32db1r5db1ri4db1r2w1~x2~r2209032-ri2806019	4
s10/g1dg15dp1dg1dp1dg2dp6w15lb1w1~x4	4
s10/g1k1g14k2r3db3k6w1k1w1~x4	4
s10/g1w1g8w1g8w1g2w1g4w1~x4	4
s10/g20k1g2k1g3k14db28k1db2k4~x2	4
s10/g20k1g2k1g3k14dr28k1dr2k4~x2	4
s10/g20k1g2k1g3k14r28k1r2k4~x2	4
s10/g21db4w4db32g12y4g8r4g6db12	4
s10/g22r3db10t2db10r21g22r3y2db2~x2	4
s10/g23dy5db13g5db5w3db5g5dy9g9~x2	4
s10/g23r3k9r3db18r3k9r3g23y3~x2~db1406275	4
s10/g24dr2g2dg40g25dg2g2dr2g2dg20~x2	4
s10/g24k2db3k2db8r2~x2~db1406275	4
s10/g24w2k4w2k8r2db51k2lb8w1~x2	4
s10/g24w2k4w2k8r2db51k2lb8w1~x2~r2806019	4
s10/g25db10dy3db2dy2db6~x2	4
s10/g27k21db12k4db40k4db12k21g27w4~x2	4
s10/g28dg6db4dg6g5dp4g5db11k1w2~x2	4
s10/g2db1r29t29db1lo2~x2	4
s10/g2k1g14r2g2k10g2r4k1w2~x4	4
s10/g2k1r5w7r1db10w1db10t30y1~x2	4
s10/g2lb2db33r2k35g33k1r2k1g2~x2~db1406275-k0700000	4
s10/g2ly1g13y2g1k12db10r1db1w2~x2	4
s10/g2r2db1r24lb1db6r3g12r4db1	4
s10/g2r2db1r24lb1db6r3g12r4db1~x2	4
s10/g2r2db1r24w1db6r3g12r4db1	4
s10/g30dp3g3dp3g3dp10dg10y20lp2dg5~x2~dg1803133-y2302138	4
s10/g30dy2k3r2k2r2k3dy2k2g4~x2	4
s10/g30y2k3r2k2r2k3y2k2g4~x2	4
s10/g32dy2g2dy2g2dy12g22w1g1w3~x2	4
s10/g32o2g2o2g2o12g22w1g1w3~x2	4
s10/g33db2g33r2db12r12g4r2g4w3~x2	4
s10/g36lb2r2lb2r2lb2r30dg1r1dg4~x2	4
s10/g3db1g2dbi1g3r3g2r2g18db2~x2~dbi1003246-r2109032	4
s10/g3db2g40db1g2db1g9dr4g3dr2~x4	4
s10/g3dbi1g2r1g3db3g2db2g18dbi2~x2~dbi1404245-db1003246	4
s10/g3dr20k2db3k12db3k2g20dr3db2~x2	4
s10/g3lr2g3dr1g6dr3g3dr1g2lr3~x4	4
s10/g3lr2g3dr1g6dr3g3dr1g3lr2~x4	4
s10/g3lr3g18db14dr5db14dr5db14g21lr3~x2	4
s10/g3r20k2db3k13db3k2g20r3db2~x2	4
s10/g3r2db2r13lb1db4r2g7r2db2~x2	4
s10/g3r2db2r14t1db4r2g12r2db2~x8	4
s10/g3w1g6r2dp2r1k2r10g1r2~x8	4
s10/g3w2g3r1g6r3g3r1g2w3~x2	4
s10/g3w3g18db14r5db14r5db14g21w3~x2	4
s10/g48k3w8k3g48k34db60r4db60k34	4
s10/g49t6k12ly4dr6g29lyi4dy16g7ly4~x2~ly2503076-lyi2705081	4
s10/g4do21ly10do5ly4dr4db10g6db30w4~x2	4
s10/g4lb1db2r1g1r1db2lb1g14lo1~x4	4
s10/g4lb2db33r2k35g33k1r2k1g4~x2	4
s10/g4lb3g18k14y2k2dp18ly1dp2ly3~x2~y2203076-ly2705081	4
s10/g4lg2db14lg2db2lg2db2lg14k1w2~x2	4
s10/g4n4g2ly36n14ly2lb4g7r5ly3~x2	4
s10/g4r16g4r2g3r2g32w1g1w2~x2	4
s10/g4r16g4r2g3r2g32w2g2w3~x2	4
s10/g4r2k2r20lb1k7r2g10r3k2~x2	4
s10/g4r4k2r20lb1k7r2g10r3k2~x2	4
s10/g4y1lb3db15g2r2g14dbi1lb28db2~x2~db0805267-dbi1604274	4
s10/g4y3db35r13dp8w3~x2	4
s10/g53dg5y5dg9k5w5dg2g7dg1y2~x2	4
s10/g55dr4lb3dp11w4db11lb3dr4g55k4~x2	4
s10/g55r4n3dp11w4db11n3r4g55k4~x2	4
s10/g5db2k2db29dr2db2dr15ly2db4w2~x2	4
s10/g5db2k2db29r2db2r15y2db4w2~x2	4
s10/g5db3lb3g5w4dy2lb1dy2db1r1~x6	4
s10/g5db3lb3g5w4dy2lb1dy2db1r1~x6~g2203152	4
s10/g5dt2g17ly2db5ly2o5db17g2ly4~x2	4
s10/g5k2g17y2k5y2b5k17g2y4~x2	4
s10/g5k2g30r2k10g5k2g5k10r2~x2	4
s10/g5lb5t1lb1y1lb1t1lb5g5w1~x4~lb3200000-t2503227	4
s10/g5lb5t1lb1y1lb1t1lb5g5w1~x8~lb3200000-t2503227-w3600000	4
s10/g5r4g17lt5r32lt5g17r4g5w2~x2	4
s10/g60dg5w5y5dg5b4dg5g5dg1y5~x2	4
s10/g60dg5w5y5dg9db4dg5g5dg1y5~x2	4
s10/g6db11lb8k4lb8r4lb8k27lb4r4~x2	4
s10/g6dg2g3dg2g6db8r20ly2r3g2~x2	4
s10/g6k2g3k2g6db8r20y2r3g2~x2	4
s10/g6k3g6k3t3k3t25r3t3y3~x2	4
s10/g6lb8r2lb2y2lb16g18lb4g4lb3~x4	4
s10/g6t8r2t2y2t16g18t4g4t3~x2~g2203152-t2503227	4
s10/g6w1g12dy4r4dy2r4dy32g1dy2~x2	4
s10/g6w1g12o4r4o2r4o32g1o2~x2	4
s10/g6w1g12r4db4r2k4r32g1r2~x2	4
s10/g7k12g12k9dr3k9g20k16g7t3~x2	4
s10/g7lb2db28dg14dp5lb2dp5lb2db27t2~x2	4
s10/g7r3k3w54g24r5g5w5g5r5~x2	4
s10/g7r4g14db10g5db10w2db10g5db5~x2	4
s10/g8db13w1db40r5db40w1db13g8k4~x2	4
s10/g8dr6k4dr64n1k28dr6g40dr6k4~x2	4
s10/g8r2lb3y2g4n4g14db2n2db2~x2	4
s10/g8r3g3r5g26db7lb3db28r3db6~x2	4
s10/g8w1g1dr1g4k4db8k1db1k1~x4	4
s10/g8w1g1r1g4k4db8k1db1k1~x2	4
s10/g9k2g15r4g14w3n3w23g5dy3~x2	4
s10/g9k2g15r4g14w3n3w23g5y3~x2	4
s10/g9lb1k6lb4g2lb4k6lb1g9k2~x2	4
s10/g9lb9k1lb1w1lb1k1lb9g9r1~x6~w3600000	4
s10/g9t9k24t35dr5t35k24t9g9dr5~x2	4
s10/g9w9k2w2k2y2dg28g2db12g4~x2	4
s10/k100dp5k4dp3k2g1k2dp2k4dp5~x2	4
s10/k10lb1k1r10lb1k1lb1r10g6r2~x2	4
s10/k10lb5dp10g20k6g6db10r2db2r4~x2	4
s10/k10ly1k3dt8dg8dgi1dg8dt8k15ly1~x2~dgi1605139	4
s10/k10n2lb5k5dr1k5lb5n2k10dr1~x4	4
s10/k10n4k34db3g3db3g3db26o2lb3~x2~n2002249-db1004274	4
s10/k10w7k8w7k8b14k4b14k16y2	4
s10/k11db14k4db14k12r13k3r3w2y2~x2	4
s10/k12r1do12dy12do2dy12do12r1k12dy2~x6~k0504259	4
s10/k13w13r26lo13r20db13r26g22w13k13	4
s10/k14lb2db6g7r2k14db6lb2db2lb4~x2	4
s10/k14w2k3w2b10w32b10k10w2k3~x2	4
s10/k15lb4dt15dg24y4dg24dt15lb4k15r4~x2	4
s10/k17db24g3db3w3db3r3db24k17w1~x2	4
s10/k17ly2k2ly2k9lb11k2lb11k20ly2~x2	4
s10/k17y2k2y2k9lb11k2lb11k20y2~x2	4
s10/k17y4dg51dy3g4dy3dg51y4k17db6~x2~dg1806142-g2203152	4
s10/k18lb9k18lr2k2lr2k18ly9k18lr2	4
s10/k19g3db19lo5db19g3k19g19r7g19~x2	4
s10/k1db5k4db1dg1db1dg4db5dg1r1~x6	4
s10/k1dr4k1w3k1g7k2db16r2ly1~x2	4
s10/k1g3k3r1db3r1db1r3g1k1~x4	4
s10/k1g3k3r1db3r1db1r3g1k1~x8	4
s10/k1g3k3r1dp3r1dp1r3g1k1~x4	4
s10/k1g8k4r1db8r1db1r8g1w1~x4	4
s10/k1r1g1db1k1db1k1db1k1dp1~x10	4
s10/k1t17k17t1r1t1k17t17k1w1~x4	4
s10/k20lb2k6g16dp4k9~x2~dp1105325	4
s10/k21g2k2g2k3g15r29g2r2g4~x2	4
s10/k21g2k2g2k3g15r29g2r2g4~x2~r2109032	4
s10/k22n17k2n4k2n2k37n4k2r3~x2	4
s10/k23lb25r4lb25k23y2g25k4g25y2~x2	4
s10/k23lb25r4lb25k23y2g25k4g25y4	4
s10/k26n2k2n2k2n10w10n6db10lo5~x2	4
s10/k27w2k2w2k2w2k2w2k4r5~x4	4
s10/k28dr3y2dr3k13g28w1g3w1g16~x2	4
s10/k28r3y2r3k13g28k1g3k1g16~x2	4
s10/k28t3k3t25k3t25k3t3k28o4~x2	4
s10/k2dr1t1g1t12k12g1k1dy1t2~x4	4
s10/k2dr24n24k2n2k2n3k14dr2k2~x2	4
s10/k2dr26n26k2n3k2n3k14dr2k2~x2	4
s10/k2lg3w2lg3n4lg19o6n23r3ly2~x2~n1900000-o2500000	4
s10/k2ly12dr3ly3dr12g12n12y12g1lb2~x2~n1900000-y2302111	4
s10/k2n10k5dg8k12r20lb16r4lb5w2~x2	4
s10/k2y2k24y2k2y2dy30lr3g2r2~x2	4
s10/k2y2k24y2k2y2ly30w3g2r2~x2	4
s10/k2y2k24y2k2y2ly30w3g2r2~x2~ly2503076	4
s10/k37g27w2k4r6k4w2g27k37y2~x2	4
s10/k3db10k2w1k2g10k2dg10r1dg1~x4	4
s10/k3db10k2w1k2g10k2dg10r1dg2~x4	4
s10/k3db17k20g18w4g18k20db18k2db2~x2	4
s10/k3db20dbi8db4g20k2g2r2g3ly3~x2~db1204274-dbi1406275	4
s10/k3db20dbi8db4g20k2g2r2g3y3~x2~db0705267-dbi1204274	4
s10/k3db2y2db2y3dbi16g4k3g3db3~x2~db1204274-dbi1406275	4
s10/k3db2y3k2y5db18g3k3g2db3~x2~db1204274	4
s10/k3db9k2ly5db1ly5k2dg15k1r3~x2	4
s10/k3dg17k9r2db17r2db2r17dg2w2~x2	4
s10/k3dg4db25k16dg3k3dg3k3dg6r3~x2~k0700000-db1406275	4
s10/k3dg4dp25k16dg3k3dg3k3dg6o3~x2	4
s10/k3dy14lo4dy9lo14k14y14g14k1o3~x2~y2202111-g1903114	4
s10/k3g1dr1db6n2db1n1db1dr10w1~x4	4
s10/k3g1dr1dt6n2dt1n1dt1dr10lb1~x4	4
s10/k3g1r1db6n2db1n1db1r10w1~x4	4
s10/k3g2k20r2k12g2k4g2k6g2~x2	4
s10/k3g32k2g4y4g2y4g4k6w3~x2	4
s10/k3lb7ly26k26w5k26ly26lb7k3r3~x2	4
s10/k3ly1dbi1db6r2db1r1db1dbi10lb1~x4~dbi1605267-db1003265	4
s10/k3ly2k2ly14lr3k6r8ri14w2ri3~x2~r1807033-ri2109032	4
s10/k3n3k1dg26k10y1k3dp5n4ly2~x2~k0603284-n1802249	4
s10/k3n6k8lb2k8n3k5n36k2n3~x2	4
s10/k3n6k8lb2k8n3k5n36k2n3~x2~n1900000	4
s10/k3r1g5k3w1dp3~x2	4
s10/k3r1k1w20k10r2k2w2k2r2~x4	4
s10/k3r9k14o3k14dg24k2o3~x2~o2402028	4
s10/k3r9k4dy9y3dy9k4g26k2y3~x2	4
s10/k3r9k5do9o3do9k5g24k2o3~x2	4
s10/k3w9k2dr8db1g3db1dr25w5db3~x2	4
s10/k3y2dg18w3dg13k3y4k3g18w3~x2~dg1806142-g2408144	4
s10/k3y2dg18w3dg18k3y4k3g18w3~x2~dg1806142-g2408144	4
s10/k3y2g18w3g18k3y4k3b18w3~x2	4
s10/k3y2k2y14dy3k6dr8r14w2r3~x2	4
s10/k3y3lr3y3k12y24k1y3k3w3~x2	4
s10/k40y1k1r9k1y1k6y1k1r9~x2	4
s10/k44w3lo16w2lo2w2lo2y10k3y8~x2	4
s10/k45db2dr2r2y1w1~x2	4
s10/k45r4k4n4ly16n76db8ly6db2w4	4
s10/k46dr8lr1dr8k8lr6lo6lr14lo1lr6~x4	4
s10/k46w1ki3lb4ki3db3ki2db11ki1lb2~x2~k0504259-ki0700000	4
s10/k49o8k4n6oi4n6k4o8k49oi2~n1900000-oi2500000	4
s10/k4db16k3db3k32ly7k3r10k2w4~x2	4
s10/k4db16lb2db16dr4dp7dg21dr3dg4do3~x2	4
s10/k4db6w4db6do8db37lr12do46r6y4~do1301000-lr3000000	4
s10/k4dg13k4g8k44g8k4dg13k4w3~x2~dg1806142-g2203152	4
s10/k4dp30k3dp2db2r2g12k3db18r3~x2	4
s10/k4dr4k4dr4k4w8k2w8k8lo1~x4	4
s10/k4dy6ly3dy10dt14r6k18r6dt4r2~x2	4
s10/k4g12k3g4k3g3k36g3k2y3~x2	4
s10/k4g2db10y1db2g13k11g13db13y2~x2	4
s10/k4lb14k10g3k3g7k6db24w3~x2~lb3203246-db1706275	4
s10/k4lb4k4lb4k4dr8k2dr8k8lo1~x4	4
s10/k4r1w1r2k48dr4w1db30y2r2~x2	4
s10/k4r3k16g4do4k3do20k3do4ly3~x2	4
s10/k4r3k16g4dy4k3dy20k3dy4w3~x2	4
s10/k4w14k2w4k8w3k30w2k4w4~x2	4
s10/k4w1r4k2g2r3g2k20r2k2~x2	4
s10/k4w1r4k2g2r3k22r2k2r2	4
s10/k4w2db8w3r16k2r5y2r5w2~x2	4
s10/k4w3k3r13db24r8db26lb12k3w2~x2	4
s10/k4w4k4w4k4dr8k2dr8k8lo1~x4	4
s10/k53t3k2w1k2t3k5t32y1r3~x2	4
s10/k5db5k2r47k18w2k5dg9db7w3~x2	4
s10/k5do1g3do1g3do1k5ri1r5ri1~x4~ri2109032-r1807033	4
s10/k5lb14k10g3k3g7k6db24w3~x2~lb3203246-db1004274	4
s10/k5lb2k2t5db48lb7b6lb2dr2lb2~x2	4
s10/k5w4k4r4k4w7k2w7k8y1~x4	4
s10/k60g64dg5g8dg5g64k60y8k8y8	4
s10/k60n4dg25g3dg4w1db1r1w1db3~x2	4
s10/k61n20ly2n20k5ly4~x2	4
s10/k62dr23k1ly5k1dr3k1ly2k1dr8~x2	4
s10/k62r23k1y5k1r3k1y2k1r8~x2	4
s10/k62t4k7db29k3ly4k3w4k11t16~x2	4
s10/k64r1k4r1k6r7w2r7k6lb2~x2	4
s10/k6g14lb2r3lb2k16y2b16g16r3~x2	4
s10/k6g14t2r3t2k16y2ti16g16r3~x2~t2304245-ti2607245	4
s10/k6g4lb3g44k32g3k3lo3k2g3~x2	4
s10/k6lb2n2lb3n2lb2n30k20w6k4~x2	4
s10/k6lb2n2lb3n2lb2n30k20w6k4~x2~n1900000	4
s10/k6r2k2r2k6db7g20ly2g3r2~x2	4
s10/k6r2k2r2k6db7g20y2g3r2~x2	4
s10/k6r4lb3r44k32r3k3lo3k2r3~x2	4
s10/k6y2g18w3g13k3y4k3db18w3~x2	4
s10/k75dr1k4n15k2n1k3db1k2dr1~x2	4
s10/k7g6ly3k12dr19k12g62k62g12dr7	4
s10/k7g6y3k12dr19k12g62k62g12dr7	4
s10/k7lb7g20lb2g2lb2g20lb7k7lb7~x4~g2405163	4
s10/k80ri1db25w1db3r2db3w1db25lb1~x2~ri2806019-r2510029	4
s10/k81n5k5n3k3n3k3dg11dr11n4~x2	4
s10/k85r6k1w3k3w3k1r6k6y1~x2	4
s10/k86n5k5n3k3n3k3g11dr11n4~x2	4
s10/k8dr3lb4dg4lb48k48dg4k4dy3lb8~dg1804158	4
s10/k8g28k8dg17k88dg17k8g28k8r6~g1903114-dg1405139	4
s10/k8g4r1k2g16dy1k8g2k2g4~x4	4
s10/k8g4r1k2g16ly1k8g2k2g4~x4	4
s10/k8g4r4g3r32g3r4g3r4k4~x2	4
s10/k8n1k40n1k16n16dt6n3dr3n6~x2	4
s10/k8n30dg16k24dr8dg32lb32dr7lb12lbi4~lb3103284-lbi3200000	4
s10/k8r1db8w1db8r1k8g8k1g8~x2	4
s10/k8r3b4g4b48k48g4k4y3b8	4
s10/k9lb4k2lb4k2lb30k9lb4db14dy2~x2	4
s10/k9r18w2k2w4k2w2r12k9r6~x2	4
s10/k9r4k2r4k2r29k9r4lg14y2~x2	4
s10/k9r4k2r4k2r30k9r4k14lo2~x2	4
s10/k9w4k2w4k2w29k9w4db14y2~x2	4
s10/k9w4k2w4k2w30k9w4b14lo2~x2	4
s10/k9w4k2w4k2w30k9w4db14y2~x2	4
s10/ki37w18k37r2k2r2~x2~ki0705267-k0700000	4
s10/ki6w1ki40dp1k12dg12dp6dg2b2dg4~x2~ki0604259	4
s10/ki76db22k1y3k1db3k1w2k1db10~x2~ki0604259	4
s10/ki9w2ki24k8w5k8db15k3db15k2~x2~ki0604259	4
s10/lb10k3w3k3w3k3lb10r6k15r3~x2	4
s10/lb12n4r4n4ly2n56r18w1db4w3~x2	4
s10/lb16db6k1y1k1db1lb4dy4k1r1~x4	4
s10/lb18ly9lb18lr2lb2lr2lb18k9lb18lr2	4
s10/lb18w1lb4w1ly4dg1ly2dg12r2dg4~x2	4
s10/lb1dr1g1dr11db6dr1g14dr1g1lb1~x4	4
s10/lb24k2r2lb2db12g28r4g5lb3g3~x2	4
s10/lb27db2lb2db16g5r5y2db2dy14db2~x2	4
s10/lb30t1lb1t16g5r5ly2t2dy15t1~x2~ly3307090-dy1603076	4
s10/lb38db18lb4lyi3g10ly3g4lb3ly17r4~x2~lyi3407090-ly2503076	4
s10/lb39g3lb3g20k3g20k3g3k20r3~x2	4
s10/lb3dy1lb23w20ly1w4db22lb4db4r1~x2	4
s10/lb3k1y2k1db10k17db2lb1dy1r1~x2	4
s10/lb40db12ly2db2lb2db2g6w21r2lb2~x2	4
s10/lb49db25g16db4w3r8ly4lb18ly1db9~x2	4
s10/lb49k1lbi33dg8k11g4dg19dy2lbi12lb4~x2~lb3200000-lbi3203246-dg1806142-g2408144	4
s10/lb4dp2lb6dp2lb10dp30g10dp2g9dp2~x2	4
s10/lb4dy2n2w2do16n5k2lb18g2lb4~x2	4
s10/lb4g2lb18k2n5do16w2n2lr2lb4~x2	4
s10/lb4n2lb18r2n5o16r2o2r2o2~x2~n1900000-o2500000	4
s10/lb4r2db20k6lb5k4lb3k2r2db2~x2	4
s10/lb5n3lb22dr3n6ni17dr2ni4dr2ni4~x2~ni1900000	4
s10/lb63dp21w16dp2w4dp4w12lo6w16k21~x2	4
s10/lb6db10dp4db12dg19dp4dg8k20db50lb4	4
s10/lb6dr3lb24t7w4t7k18dr4k7dr3~t2503227-k0700000	4
s10/lb6g20lb6w15db5w2db15n4db10r2~x2	4
s10/lb6k3lb10ly5lb2ly2lb2ly2lb7w2~x2	4
s10/lb7k2w2k2w2k2lb7t4k10w2~x4~lb3103284-t2405244	4
s10/lb8db4dy5r1dy5r1dy5r1dy16lb1~x4	4
s10/lb8n4db30dt30r3dt4~x2~db1406275	4
s10/lb9db3g11k7dg3k3dg32r3w3r7~x2~g2408144-dg1806142	4
s10/lbi4dr2db14k4lbi4k3lbi3k2dr2lb2~x2~lbi3200000-lb3103284	4
s10/lg10n8ly1lb5w5lg28n2ly1lb8w5~x2	4
s10/lg10n8ly1lb5w5lg28n2ly1lb8w5~x2~lg2704216-lb3300000	4
s10/lg33r1lg4r1lg33k30dy3k4dy3k30~x2	4
s10/lg8k5lg16n9lg3n3lg3n3lg10lr3~x2	4
s10/lg8lr2r3lr2dy2lr28r10lb1db3lb2~x2	4
s10/lo12k3g24r12g24k32w44g4w8g4	4
s10/lo12k3t24r12t24k32w44t4w8t4	4
s10/lo32db10k52db10w5k24db16w10k11lo15	4
s10/lo3do2n18lb3o13lb4k3lb4do18lb3~x2	4
s10/lo3g17n3g3n3k5n18r2n8r2~x2	4
s10/lo3k2lo4k5lo24k5lo4k2lo3k2~x2	4
s10/lo4g2lo2g2lo2g24k2r16w9db3~x2	4
s10/lo4g2lo2g2lo2g24k2r16w9db3~x2~w3600000	4
s10/lo4k28lo2db7w3k9y2w4y2k2~x2~lo3006076-y2505139	4
s10/lo7g2w2lb5w3lb7w5lb14w5r5~x2	4
s10/lo7lg2w2lb5w3lb7w5lb14w5r5~x2	4
s10/lp9n4lp5o4k3o12n18g4n18o6~x2~n1900000-o2500000	4
s10/lr2y11r2y11k2db6lb13k2lb3ly2~x4~y2602166-ly3307090	4
s10/lr3k2lri18lb3o13lb4dg3lb4k18lb3~x2~lr2804043-lri2900000	4
s10/lr3ly2k4lo6k4ly15k4dg18k2ly3~x2	4
s10/lr40k11do8lr2do8k6lr2k16lr1k16~x2	4
s10/lr4dt6r3dt10db14ly6lr18ly6db4ly2~x2	4
s10/lr6g34db4g4k32g4db34g4db2g5	4
s10/ly10db24ly5db13ly24db5g52db5dbi18w8~db1004274-dbi1406275	4
s10/ly15k2ly3k2t50k2ly3k2w10k4~x2	4
s10/ly15n1ly2lo2ly2n1ly3k8n10ly3~x4	4
s10/ly16k7w1g7k1dy3~x4	4
s10/ly22lyi22dr2lb6dr2lo2dr16lg5ly8lb2~x2~ly2705081-lyi3104101	4
s10/ly24k5r2k2w2n8w3k2w2ly2~x2	4
s10/ly29lyi3t19w3t3r3g17t3g4w3~x2~ly2503076-lyi3407090	4
s10/ly2k3w3k44ly4k22lb22w3k3ly2	4
s10/ly30k1dr4k1g3dgi5dg4b6dr2w2~x2~dgi1605139-dg1104144	4
s10/ly36k3r6k3dy10r5dy3y4k1ly2~x2	4
s10/ly3dg17t3dg3t3do5t18dr2t8dr2~x2	4
s10/ly3lr2ly18lb9ly18lr2ly18k9ly18lr2	4
s10/ly4db44g5w2g2db2g2r2db3ly3~x2	4
s10/ly4dr21ly1dr21g8db4g5db4g4ly4~db1204274	4
s10/ly4dy3dg2k6g4w1dg12k10g2dg3~x2	4
s10/ly4g4db2g29w1db12g2ly16g4db2~x2	4
s10/ly4k28ly2db7w3r9g2w4g2k2~x2	4
s10/ly4r21ly1r21g8db4g5db4g4ly4~db1204274	4
s10/ly5lb14k3ly7g3k3g7k6db24w3~x2	4
s10/ly60w1o15w1ly9o15w1g9w1o15~x2	4
s10/ly6k2r12dg4r8k10w24lb2w3lb2~x2	4
s10/ly6r6ly6r6ly6k1db18w2db1w4~x2	4
s10/ly78g10r2g1r2g6ly2g3ly2g43~x2	4
s10/ly7g11db4lb31db4g11dy4db14w3db4~x2	4
s10/ly9r3ly12g16w5g16ly6r3ly7r2~x2	4
s10/lyi2k1r30db8g24ly5g5dp11k1lyi2~x2~lyi3104101-ly2503076	4
s10/lyi6ly3lyi3ly15db7lyi7db5lyi17db46w4~lyi2503076-db0705267	4
s10/m2n3m1n9k4n13k33n1k4m1~x2	4
s10/m3db1m1db1m1db5lb1m1lb6m2~x4	4
s10/n10k3w3k3w3k3n10k7db20r3~x2	4
s10/n110lp3o14w1dp10w1o6lp3dp4n2~x2~n1900000-o2500000	4
s10/n110o3lr14w1dp10w1lr6o3dp4n2~x2~n1700000-lr2800000	4
s10/n12k3w3k3w3k3n13t6db17dr3~x2~t1904230-db1003265	4
s10/n1k6n35k6n2dp3n1k6n2w1~x2	4
s10/n1r1n7k3n1k1n1k1db9ly1~x4	4
s10/n1r1n7k3n1k1n1k1db9y1~x4	4
s10/n1w1o2w1n1w16o6db1y1lb1~x4~n1900000-o2500000	4
s10/n22r2w1lo3r1n6r22lo3r1lr10~x4	4
s10/n24ly2n4ly1n3k3dg1k50r1dr3~x2	4
s10/n28k3r22k8w3k8r22k3n28k3~x2	4
s10/n2w11lb3g2y1g1r2g10db4ly2~x4	4
s10/n30k5n19k5n2lb20y2lb20k5y4~x2	4
s10/n32k5w3n3w3n7r5k1r17w3~x2	4
s10/n3lb18dr2lb18g3db8k20g2k5lo3~x2	4
s10/n45k17n6k17n6k17n6k17n45k4~x2	4
s10/n4k1w1k1w1k1n4db2g6r1~x6	4
s10/n4lr4do4lr4n4lr4do4lr4dr1n4~x4	4
s10/n4w4do4w4n4w4do4w4r1n4~x4	4
s10/n56db9w2db2r2n9lb4db2lb2y3~x2	4
s10/n5dp40n5lb5n32lb5n5lb40dp7w5~n1903303-w3600000	4
s10/n5g3n1db8n10g5k1g5n1t2~x4	4
s10/n5k1n33dp1n9k9dp5k1dr2k4~x2	4
s10/n5lb5n2r47n18lr2n5g9lb7lr3~x2	4
s10/n5lb5n2r47n18o2n5g9lb7o3~x2	4
s10/n60db12lb1db2w1db12n5k1n2r2~x2	4
s10/n60db12t1db2w1db12n5k1n2r2~x2~n1900000-db1004274-t2503227	4
s10/n6db3k1o10n12g6k1g6n1db2~x4~o2500000	4
s10/n6k1n1k1n2k4dy6k1n2k2~x4	4
s10/n6k1n1k1n2k4ly6k1n2k2~x8	4
s10/n6k1n1k1n2k4o6k1n2k2~x4	4
s10/n73k9ly3k5n13w3lb7k5w7r16~n2303265	4
s10/n8db1n1db24n2db1n2db5b20w5~x2	4
s10/n9r1g9db19w2db19g9r1n9dr1~x2	4
s10/o15n1o2b2o2n1o3k8n10o3~x4	4
s10/o1w2k5o3k1oi5k1oi11k1oi1~x4~o2102055-oi2104058	4
s10/o24k5r2k2w2b8w3k2w2o2~x2	4
s10/o24lb2lo7lb3k2n4k2lb1o4lb1~x2	4
s10/o24lb2o4n2k6lb2o14k3lb4n8~x2	4
s10/o24lb2o7lb3k2n4k2lb1o4lb1~x2	4
s10/o28k2o28k2o2k2do29k2r2k2~x2	4
s10/o38k4w4k4n10k4n10k4w2dp3~x2~o2500000-n1900000	4
s10/o42y11o5y4dg29dgi19g24dpi2dp8dpii23~x2~y2303114-dg1204144-dgi1303152-g1903114-dpi1508310-dp1507327-dpii1607327	4
s10/o4b2k4b40k3b3k4b3g13b4~x2	4
s10/o4g13o3db4o3db3o40db3o2lo4~x2	4
s10/o4k16lb5n8lb2dp2lb2dp2n8k3~x2	4
s10/o4k16oi5n8oi2dp2oi2dp2n8k3~x2~oi2500000-n1900000	4
s10/o4n4o2w36n14w2lb4o7m5w3~x2~w4002111-m2107000	4
s10/o58k12o4k2y2k2o10w5k2y4~x2	4
s10/o5do5o5do5o5g24do1db12g6do3~x2	4
s10/o5k15lb5n9lb2dp2lb2dp2n9k3~x2	4
s10/o5lo3o19do6lo5do6dg12n5dg12n3~x2	4
s10/o5ly3o19do6ly5do6dg12db5dg12db3~x2	4
s10/o64g4dy1g4dy1g4dy64do2dy2do8~x2	4
s10/o64g6o2g3o2g6o64do2o2do6~x2	4
s10/o6k3w3k3w3k34o6g5o6k5~x2	4
s10/o6w1o24db6g2db1g2db1g12r1~x2	4
s10/o9k2o2r2g6k1y1k1g6r3~x2	4
s10/oi4w1k35n1db2o4w1db14o8w1~x2~oi2500000-n1900000	4
s10/p48k10dy12k2p3k2dy12k10p2o3~x2	4
s10/r108g3r2db2r2y2n5w2r6w6~x2	4
s10/r12db22dg5db3y3db3dg17lb9do7r2~x2	4
s10/r12db3g5db16y2g2~x2	4
s10/r12w2r37db6g3db3r4db3g21r4~x2	4
s10/r12w2r37t6g3t3r4t3g21r4~x2	4
s10/r12y4r38dg25db8dg10db8dg8db25r3	4
s10/r12y4r38g25db8g10db8g8db25r3	4
s10/r15db4r1db1r1db1r1db1r1db1~x4	4
s10/r15g6db36w2k6w2g30r32k6lb4	4
s10/r15ly30k1w6k1ly2dg16lb4r6w1~x2	4
s10/r16db1r1dy1r4k18w1k1w1k1~x4	4
s10/r16db6y4db6w1db6y4db6r16db1~x4~db1406275	4
s10/r16lb3dr12k3dr12k3dr12ly3dr12ly3~x2	4
s10/r16lb3o12k3o12k3o12y3o12y3~x2	4
s10/r17k1r2dpi2r2k1r3dp8w17y2~x4~dpi1607327	4
s10/r1g6dp6lb1k2lb1dp6g6r1g1~x4	4
s10/r1g6y1g6db1g1db1g1db2r1~x4	4
s10/r1k1lb2k2lb2k1lb4k1db9lo1~x4	4
s10/r1k1w2k2w2k1w4k1db9y1~x4	4
s10/r22lb3ly14k3ly14k3ly14y3ly14y3~x2	4
s10/r23db2r1o2r1db2r4db10k2lo2~x2	4
s10/r24dr24k2w6k2y2k16lb5db6w2~x2	4
s10/r24dr5lr7dt2lr4dt14r11dt3r3lb4~x2~lr3000000-dt0900000	4
s10/r24g22k2w6k2ly2k15y6ri6w2~x2~r2109032-ri2806019	4
s10/r24g22k2w6k2y2k15lb6b6w2~x2	4
s10/r24g22k2w6k2y2k15lb6ri6w2~x2~r2109032-ri2406019	4
s10/r24g2r2g40r25g2r2g2r2g20~x2	4
s10/r24lb2lo7lb3k8lb1r4lb1~x2	4
s10/r24o4db6k6db60k40b12k20o3b8	4
s10/r25dt5ri2r12n1w1~x2~r1506019-ri2607041	4
s10/r25k1y2k1y2k1r10db18w2db12~x2	4
s10/r25k1y2k1y2k1r10t18w2t12~x2	4
s10/r26w2ly1k3ly4r8k32w1k1w3~x2	4
s10/r26w2y1k3y4r8k32w1k1w3~x2	4
s10/r29g2r2g2r6dy21~x4	4
s10/r2db10w1dr1g1r1g6dr1g10w1~x2	4
s10/r2db12w1db1g1r1g7db1g12w1~x4	4
s10/r2db6dbi6db2r2db4dbi6r2db2w1~x4~db1106275-dbi1404245	4
s10/r2db8dy1db16w1g12db27w1db1w1~x2	4
s10/r2g12dy2g12db3g2db2g2db4r2~x2	4
s10/r2g2w2r23w2g2w23g2r2w2~x2	4
s10/r2g6dy2g3t4g14t36k2t3w2~x2	4
s10/r2g6lb1g1lb1g1lb3dt8y1t1~x4~dt1102249-t2308259	4
s10/r2k1w25db7dbi20g4dbi4dp8k1y2~x2~db1106275-dbi1406275	4
s10/r2lb1dr12ri12k1ri2~x4~r1807008-ri2109032	4
s10/r2lb3r1lb9k4lb13k33lb1k4r1~x2	4
s10/r2lo14o14dr1r2dr2t2dr2r20t2~x4	4
s10/r2ly12r3ly3r12g12n12y12g1lb2~x2~n1900000-y2302111	4
s10/r2ly20o2ly2r3dr3r3lo6loi24ly2~x2~lo2705070-loi2706066	4
s10/r2ly20o2ly2r3dr3r3lo6loi24ly2~x2~ly3202083-o2206047-lo2705070-loi2706066	4
s10/r2m3dg16b4r2b4dt36db3dt3w2~x2	4
s10/r2m3ki16b4r2b4k36g3k3w2~x2~ki0802138-k0604259	4
s10/r2w28db4w2k6w2r4k1r2w1~x2	4
s10/r30db8r2k1r2k1~x2	4
s10/r30g12k5w2db6r30db12w2k5g12~x2	4
s10/r36k3dy3dr1dy3k3r4dy6k1dr2~x4	4
s10/r3db12k1db1k1db2k12g30k1g2~x2	4
s10/r3db12k1db1k1db2k12g30k1g2~x2~db1406275	4
s10/r3db36w10k8g13y6g3y3g3y1~x2	4
s10/r3db3k2db13k27g20r2g3lb3~x2	4
s10/r3db3k2db13y2k25g20r2g3lb3~x2	4
s10/r3db3k2db18ly2k25g20r2g3lb3~x2	4
s10/r3g12r1g2r2g2r1g12r3k1~x4	4
s10/r3g18r4db3r4k13r3db18g2y3~x2	4
s10/r3g18r4lb3r4k13r3db18g2y3~x2	4
s10/r3g18r4lb3r4k13r3lg18g2ly3~x2~lb3203246-ly3307090	4
s10/r3k1lb10k1g2k1db8g12k1y3~x2	4
s10/r3k6r3k6g6k1w1k1g6r1~x2	4
s10/r3lr2r2lr3r3lr7r3k7r14lr2~x2	4
s10/r3n33g10r3g3r3g3r8n10r3~x2	4
s10/r3t2w35t35r2g3~x2	4
s10/r3w2r2db2r2db24k28r2k3y1~x2	4
s10/r3y1db15g16db3r6db6g8db15w3~x2	4
s10/r3y2r2y3r3y7r3k7r14y2~x2	4
s10/r40w1r1db8r1w1r6w1r1db8~x2	4
s10/r40w1r1k8r1w1r6w1r1k8~x2	4
s10/r47dg14k5y2k3dg7~x2	4
s10/r4db10g2db2g24o2g2o16g2w1~x2	4
s10/r4db2dp14db12y1t32db12t14db2g4~x2~db1003265-t2503227	4
s10/r4db4k2db31k10y3db5k11db6k3~x2	4
s10/r4db60g35db4ly4db4dy12db18k3w2~ly3206085-dy1804072	4
s10/r4dg13r3dp4r3dp3r40dp3r2ly4~x2	4
s10/r4do4r4do12k32ly15ri1ly7lyi1ri1~x2~r1706009-ly2503076-ri2607041-lyi2705081	4
s10/r4do6o3do10k14t6r18t6k4t2~x2	4
s10/r4dy12k12dy1n12y1k3w2k1t4~x2	4
s10/r4dyi4r4dyi12k31dy16ri1dy6ly1ri1~x2~r2307033-dyi1603076-dy1503076-ri2607041	4
s10/r4g2r1g19k1g2~x4	4
s10/r4g4k2g31k10y3g5k11g6k3~x2	4
s10/r4g4w3g4r4g14r28k1r3g4~x2	4
s10/r4g4w3g4r4g14r28k2r2g3~x2	4
s10/r4g6y3g12k14db5r20db5k4db2~x2	4
s10/r4g7y3g12k16lb5r20lb5k4lb2~x2	4
s10/r4g8w1g8r4g4r2g4r24k2~x2	4
s10/r4k11n8dg2n8k13dg2k13r5k2~x2	4
s10/r4k2db8r2k44g8k1ly2k1g4~x2	4
s10/r4k2dp14k12lo1lb32k12lb14k2g4~x2	4
s10/r4k4r3k8w3r3k20r40w2r4	4
s10/r4k6lb1g7k2g7lb1k6r4g2~x4	4
s10/r4lb3r32db30r4g32r3g32r3g3~x2	4
s10/r4n4dt2n24lb1dt14n2r18n4dt3~x4	4
s10/r4t18r4lb3r4k12r3t24k2ly3~x2	4
s10/r4t60g35t4y4t4dy12t18k3w2	4
s10/r4w8r3w2r3w2r21g2r2g4~x2	4
s10/r50y7o6g4k4g4o6y7r50db13~x2	4
s10/r51dy2r2dy2r3w3db2w2db2w8~x2	4
s10/r52k5y5k8ly5do5k2r6k1y2~x2	4
s10/r52k5y5k8o5do5k2r6k1y2~x2	4
s10/r5dp2r2g42r5dp36r70dp4r7g2	4
s10/r5k1r5g9k7w3db3w15db1r2~x2	4
s10/r5w28r5lb3r5k21r5lb28w3y5~x2	4
s10/r60db8r4k11w2k11w2k11db1r4~x2~db0906265-k0503265	4
s10/r63w4k4dp18ly4dg50~x2~dp1607327	4
s10/r64db16r1db1r12g16r8db2r2k1~x2	4
s10/r64db4r1k4r12w4r1w4k4r1~x2	4
s10/r6db2g5db18g10db2k28db2g10lo3~x2	4
s10/r6g2w21g2y2k8y2g32w1k3~x2	4
s10/r6g3w22r5w5k9g16r4k1r4~x2	4
s10/r6g4r24k4r6k4r12g12w3g6	4
s10/r6w1r24db6g2db1g2db1g12r1	4
s10/r6w1r24db6g2db1g2db1g12r1~x2	4
s10/r6w1r24db6g2k1g2k1g12r1	4
s10/r6w1r24db6g2k1g2k1g12r1~x2	4
s10/r6w1r24dr6g2dr1g2dr1g12r1	4
s10/r6w1r24dr6g2dr1g2dr1g12r1~x2	4
s10/r6w1r6db2r6g12y1db8lb4r4~x2	4
s10/r6y1r24g6db2k1db2k1db12r1~x2	4
s10/r7db2b5db2k24db2b10db28b10w3~x2	4
s10/r7db2g5db18g10db2k24db2g10y3~x2	4
s10/r7g20ly2g4k5db4k2db20k3w1~x2	4
s10/r7g20y2g4k5db4k2db20k3w1~x2	4
s10/r7k2lb16ly5lb10k13w28dg2w4dg4~x2	4
s10/r7k2lb16ly5lb10k13w28g2w4g4~x2	4
s10/r7k2lb16y5lb10k13w28g2w4g2~x2	4
s10/r7k3r3k22r3k3r3k37dy2k4~x2	4
s10/r7k3r4k5r25k7y2db22k3db4~x2	4
s10/r7w2r32db7g3db2g3db2g16r3~x2	4
s10/r7w2r36db6g3db3g3db3g12r4~x2	4
s10/r7w2r36t6dg3t3dg3t3dg12r4~x2	4
s10/r80w7k2w2k2r3k7r2b12k2~x2	4
s10/r8db8dg1db1dg27dp1y1dp3y3w1~x2	4
s10/r8dt2lb1o1r8dt2lb1o1r8g2~x6	4
s10/r8g2r2g6r1g6r2g2r8y1	4
s10/r8k79n4k4lb4k6n22k6r16k6	4
s10/ri3r23db2r2dp2r3db28y2db2g3~x2~ri2806019-r1807008	4
s10/t106r3t4r6t8k28g8w4g12k8	4
s10/t10r2w2r16g6r1g2r1g3r6~x4	4
s10/t12ly2t12k6o10k1w2k1o10k6~x2	4
s10/t13k14g6k14t14w1r1ly1g1t3~x2	4
s10/t20n2w1n5g8y1g2r1g8n8~x4	4
s10/t20o2w1o5g8y1g2r1g8o8~x4~o2500000-w4000000-r2109032	4
s10/t29db8g21r3g8t11w3db3w3g8~x2	4
s10/t33w2r3w2db14ri3g15t20r2t3~x2~r2109032-ri2806019	4
s10/t42w5t1w1ly9t1dg2w1t1r1~x4	4
s10/t4db2t1db23lb2t2~x2~t2405244-lb3103284	4
s10/t4k12db3t4db3k3ly36db3t2ly3~x2	4
s10/t52db28w5db3w2db10~x2	4
s10/t5dr3t30k6w4k6dg24dr4dg6dr3	4
s10/t5lb2t2lb9k3t9g3t3g25w2~x2	4
s10/t6r7dy49ly2dy22t10dy5k5dy8g4~x2	4
s10/t81k6y1k2w2k2g12dy28w1dy4~x2	4
s10/t8k5t16n9t3n3t3n3t10lr3~x2	4
s10/t9k9t9dr2k20g13dr2g4dr2g4~x2~t2205244-k0700000	4
s10/t9k9t9r2k20g13r2g4r2g4~x2	4
s10/w102k3ly3k3w3k12db14g12w3r3~x2	4
s10/w102k3y3k3w3k12db14g12w3r3~x2	4
s10/w15g8k12g14r64k12r16k10y8k14	4
s10/w16k16ri40w3r6w3r40k16w16g4~ri2406019-r2109032	4
s10/w16k4o1k2w1k6dg6k1dg6w1~x4	4
s10/w18r9w1r1w2r1w1r9db3r4~x4	4
s10/w18r9w1r1w2r1w1r9db3r4~x4~w3600000	4
s10/w1dg1dr1dg14dr1db6dr11dg1dr1lb1~x4	4
s10/w1dr1g1dr11lb6dr1g14dr1g1w1~x4	4
s10/w1r1g1r11db6r1g14r1g1w1~x4	4
s10/w2db10k10g11db2w2~x2~db1406275	4
s10/w2db13b13y2b13db13w2db6b6y1~x2	4
s10/w2do3g5k50g4do3w2db3k2ly2~x2	4
s10/w2dr3g5k50g4dr3w2lb3k2ly2~x2	4
s10/w2g15db8g2db32lb1db8k13r2lb1~x2	4
s10/w2g4k6r2k2r2k3r2g20w1~x2	4
s10/w2k13ly13r2ly13k13w2k6ly6r1~x2	4
s10/w2k2dp8k10dp8k64w2k8y1k1~x2	4
s10/w2k2w2k2w2k2w1dy1g1dy1~x2	4
s10/w2k2w2k2w2k2w1dy1g1dy1~x8~w4000000-g2203152	4
s10/w2k2w2k2w2k2w1o1g1o1~x4	4
s10/w2ly4db1ly1db40n6g18r2g2w1~x2	4
s10/w2r5k2ly3k4db28r4dg14k4w2~x2	4
s10/w2r8o5y6w5g21w6r8b4w2	4
s10/w2ri8dy5y6w5g21w6ri8r4w2~ri2209032-r2208029	4
s10/w2t4dy3dt3dy3dt20dy3t16dt8lb2~x2~t2102222-dt1102249	4
s10/w3db2k4db2w2db26r4w30r2w3~x2	4
s10/w3db2w30db4lp26w2lp2dp4lp2w3~x2	4
s10/w3db2w30db4o26w2o2dp4o2w3~x2	4
s10/w3g6gi4rii12w4ri10r5lp8w3lp3~x2~g2408144-gi2504202-rii2806019-ri2406019-r2109032	4
s10/w3o18k18y1r2t2r2y1o18t2~x2	4
s10/w3r10o6y8lb8g32b8r10b6w3~x4	4
s10/w3r28k1n5k1ly3g8r5w21k2~x2	4
s10/w3r28k1n5k1y3g8r5w21k2~x2	4
s10/w3ri10dy6y8lb8g32r8ri10r6w3~x4~ri2209032-r2208029	4
s10/w3t38lb2k4dp4k4g30y1g1y2~x2	4
s10/w45r9k2w8k2y1k10db8dp12w2~x2	4
s10/w48dy15lr2dy3w2dy3ly12w8dy2w6~x2	4
s10/w49dg11r2dg3w2do10m9dg2m6w2~x2	4
s10/w4db2w1r2w16db16r16db12k1w4~x2	4
s10/w4db32k1y2k1db10y18db10k1dr2~x2	4
s10/w4db52k12db12k12db12k12dg24db8k1~x2	4
s10/w4dbi2w1r2w16dbi16r16dbi12db1w4~x2~dbi1406275-db1204274	4
s10/w4g3w19g8k1dr4k1b18k1lo2~x2	4
s10/w4k2w30g3dp3g3dp7db14g3r3~x2	4
s10/w4r1db20k6w5k4w3k2r1db2~x2	4
s10/w4r2db20k6w5k4w3k2r2db2~x2	4
s10/w50g5y2g5r2g20r2db5y2db40~x2	4
s10/w50k1dp14g14w2dp2w2k4y2db30~x2	4
s10/w52db22w6db8k1g3~x2~g2408144	4
s10/w52lb22w6lb8k1dp3~x2	4
s10/w55dg12r2dg3w2g10dp9dg2dp6w2~x2	4
s10/w55dp12ly2dp3w2g10dpi9dp2dpi6w2~x2~dp1105325-dpi1607327	4
s10/w5dp7lb40lp5lb5lp32lb5lp5dp40lp5	4
s10/w5k5w10r2w10dp8w15dp8lb3k3~x2	4
s10/w5lb7db4lb2db25k13r1k2r4ri3~x2~r1807033-ri2109032	4
s10/w5n38o3db11o1db11o3n4w5lr1~x2~n1900000-o2500000	4
s10/w5n38y3db11y1db11y3n4w5lo1~x2~n1700000-y2400000	4
s10/w68o3w3o8w3o27dy16r3dy20o3~x2	4
s10/w6db32n3db3n1db3n2dbi4db1y2~x2~db1204274-dbi1406275	4
s10/w6dy5w9db2t3db2ly36dy2ly4dy2~x2~db0705267-t2308259	4
s10/w6k1g28k24dp25g3dp3g3dp3g4~x2	4
s10/w6k1g29k23dp27g3dp3g3dp3g4~x2	4
s10/w6k3g24lg16k6lg6k6lg6k60lg6	4
s10/w6k6w6k6w6k6w4dy3g2dy2~x3	4
s10/w6n8dt4n2dt31k16dr1k2dr4r3~x2~n2002277-dt1203265	4
s10/w75dy1r20w16r20w20g9w16g1r38~x2~w4000000	4
s10/w7r1w14k6y2k6g14r2g10y1~x2~w3600000-r2209032	4
s10/w8g14r6g24db30y10w40y10db7y4	4
s10/w8g6w44db10lb6k3lb4k3lb34w4	4
s10/w8k1db2k4y2k2y2k24w8k2~x2	4
s10/w8k1w40dp1k16db16w6db3dp3db6~x2	4
s10/w8k4w8k2w3k8dg8r2dg8k4~x2	4
s10/w8r100k42g42r5k3r5lb42r100w8	4
s10/y10k24y5k13y24k5g52k5db18w8	4
s10/y12lb4n4y4n4r4n15lb15r15y8~x2	4
s10/y12lr4o4y4o4r4o15lr15r15y8~x2~lr2800000-o2500000	4
s10/y12n4b4y4b4r4b15n15r15y8~x2	4
s10/y14db5g25db5w2g11db7w5g6y5~x2	4
s10/y16k2y6k2r2k2db15g1db1w2~x2	4
s10/y16oi2y2o2y2oi2y2do6n10y3~x2~oi2500000-n1900000	4
s10/y1db2w1db15k4y1db1y1db5w1~x4	4
s10/y1k1b1g30k1g2k2g1b10w1~x2	4
s10/y1k1g1dg30k1dg2k2dg1g10w1~x2~g2408144-dg1806142	4
s10/y1k4b2k10w1b2w10b1w4y1~x4	4
s10/y22k11lo10k2g2k2lo10k11y7r2~x2	4
s10/y28k2y28k2y2k2dy29k2r2k2~x2	4
s10/y28k2y28k2y2k2ly29k2r2k2~x2	4
s10/y2db14k14dg14r2dg14k14db14lb1w2~x2	4
s10/y2dp16k1r5k1lo8k1r5k16lg2~x4	4
s10/y2dp16k1r5k1o8k1r5k16g2~x4	4
s10/y2k1dp8dbi4g4dbi20db7r25k1w2~x2~dbi1406275-db1106275	4
s10/y2k2db3w2dy3g4k50g5dy3w2~x2	4
s10/y2k2r2w8k14r1k1r1k1r1~x2	4
s10/y2lb2db3lb30db4lb3db4lb3db18lb2~x2	4
s10/y2r3dy3r21db3r2dy6k6dy4w2~x2	4
s10/y2w1db4w1db1y1dg12y1dg2y1~x4	4
s10/y30k1r4k1b3g5dg4lb6r2w2~x2	4
s10/y30k1r4k1g3dgi5dg4lb6r2w2~x2~g2408144-dgi1806142	4
s10/y36dg4k1y2k1dg4k4dg60dr4dg4~x2	4
s10/y3dbi25db4dbi4db4dbi4db25g4dp4lo2~x2~dbi1208266-db1003265	4
s10/y3dg5k2dg5w1dg17db4r1db22w2~x2	4
s10/y3g17db3g3db3do5db18r2db8r2~x2	4
s10/y3k1g22k20dp20g2dp2g2dp2g3~x4	4
s10/y3k21r7k2g10k2r7k2db21w3~x2	4
s10/y3k22r7k2g10k2r7k2db22w3~x2	4
s10/y3r4db2r31g10lb2r5db12r6g3~x2	4
s10/y4db22g3k3g3k3g12w22k2r3~x2	4
s10/y4db25g3k3g3k3g13w24k2r3~x2	4
s10/y4dy3dg2k6g4w1dg12k10g2dg3~x2	4
s10/y4g2w3g40w3g3w4g3w13g4~x2	4
s10/y4g2y2g2y2g24k2r16w9db3~x2	4
s10/y4k1r16k16w3r1k16g16k1y4~x2	4
s10/y4k30dr30k2dr2y2k2dr5w5g2~x2	4
s10/y4k30dr30k2dr2y2k2dr5w5g2~x2~g2408144	4
s10/y4k3db6dbi4db57n3db3n3db3r3~x2~db1204274-dbi1406275	4
s10/y4k3w3k44y4k22n22w3k3y4	4
s10/y4k7dg3k27db10g4lb24r3lb24b4~x2~dg1704158-db0805267	4
s10/y4r2k9r25k3r2k3r4db15w3~x2	4
s10/y4r4do2r32t1do12r2y16r4do2~x2	4
s10/y4t25g3k3g3k3g13w24k2r3~x2	4
s10/y4w2y2w8r16g3r3g8r6k2~x2	4
s10/y5g2r2g12k9lb12r2lb2r2lb2~x2	4
s10/y6db3k3db36k10lb18db6k2g4k3~x2	4
s10/y6db3k3db36k10n18db6k2g4k3~x2	4
s10/y6k2g12r4g8k10w24t2w3t2~x2	4
s10/y6k2g15r6g8k12w25lb2w3lb2~x2	4
s10/y6k2lb15r5lb9k13w25db2w3db2~x2	4
s10/y6k2r15g5r8k12w24lb2w4lb2~x2	4
s10/y6k2y2r10k4r4k4r2k35y2~x2	4
s10/y6r6y6r6y6k1db18w2db1w4~x2	4
s10/y7n2k2n41k12g22n6k2r4k2~x2	4
s11/b16w3b2dy4g24r2g4r5g4r2lb8~x2	4
s11/b16w3b2dy4g24r2g4r5g4r2t8~x2	4
s11/b19k1yi1b10k4y9dp4b9yi1k1ly2~x4~b2206256-yi2602166	4
s11/b1db5dp6dg2dp1dg12dr1dg2dp1dr5ly1~x4	4
s11/b27w2b15y1b1y1b15k2w2g16r1~x2	4
s11/b2dbii4db7dbii3dg20dbii5k7dbii3dp3dbi35w2~x2~dbii1406275-db1204274-dbi1404245	4
s11/b30r2b2k5b3o2b3o22b3k2b3~x2	4
s11/b38k4b2g6bi11db3bi2r2b11k1w2~x2~b2008266-bi2308302	4
s11/b38k4b2g6dp11db3dp2r2b11k1w2~x2~b1907270-db1003265	4
s11/b8k5b8dg27b13dg3b13o27b8o3b3~x2	4
s11/db10dr3db3dr6db26g12dr6g2dr3g6lo2~x2	4
s11/db10g6dp4dr2dp4k10db6k4db28g55w4	4
s11/db10k10db10dr2k20w1g10dr2g4dr2g4~x2	4
s11/db10r2db10r10dg2r2dg2r2dg10r1w2~x4	4
s11/db10w3db3w3db5w8db38lb8db8lb61r6	4
s11/db11k2db2k2db2k11g11r2g3k1y3~x2	4
s11/db12k1lb2k1dbi9k7dp2k2dp2y1k2~x4~db1204274-dbi1406275	4
s11/db12k1lb2k1dbi9k7dp2k2dp2y1r2~x4~db1204274-dbi1406275	4
s11/db12k6db6ki25dg25k2dg25ki25w2db6k6~ki0604259	4
s11/db12lr4db4lr4db4lr10db4lr3db8r24lr2~x2	4
s11/db12r4db64k64g7w7lo7k64db64r4db12	4
s11/db130k18r6k6r6k6b18db14b5db18y4~db1003265-b2008266	4
s11/db13r4db4r9db14r4db14g15r8g8r4~x2	4
s11/db13w2dt38k13dt8k8dp17dg2dp17k4db11	4
s11/db13w2dt38k13dt8k8dp17dg2dp17k4db11~db1204274-dp1607327	4
s11/db15k3db19w3db5y5r3y5lb3y5k3~x2	4
s11/db15ly30w30k20w20k15w10ly4db94w4r10	4
s11/db15y30w30k20w20k15w10y4db94w4r10	4
s11/db16k1lb1db10k4b8dp4db7lb1k1lo2~x2~dp1607335-lo2706066	4
s11/db16n8dy1n1w1n1lb6g3n1g3w1~x4~db1003265-n2203265	4
s11/db16r4db2y4db8w8db2w24lb2w1lb8~x2	4
s11/db16r5db30r2k33g30r5g2r2g7w2~x2	4
s11/db16r5db30r2k33g30r5g2r2g7w4	4
s11/db16w3db1y4g24r1g3r4g3r1lb8~x2	4
s11/db18g5db6r25db6r5db5r6db18r12g16~x2	4
s11/db18k2g2db9k4dg9r4db9g2k2ly1~x4~g2203152-dg1806142	4
s11/db18k2lb2db9k4g9r4db9lb2k2y1~x4	4
s11/db1g1db6k6g1k6g1db2g1db3g1~x2	4
s11/db1g1db6k6g1k6g1db2g1db3g1~x4	4
s11/db1g6k2db1k3g1k2db2g1db6g1~x4	4
s11/db1o1r5k1g1k1g1k5db10g1r1~x4	4
s11/db1r2g12r10db12r2g12r10g12r2db1~x4	4
s11/db20b6k8y2k4w4k4db13r7k4w2~x2	4
s11/db20n2lb2n4g20w2db16n7lb2db3lb5~x2	4
s11/db20y1dy1db3k1n2k1r10k1n2r4~x2	4
s11/db20y1dy1db3k1n2k1r10k1n2r4~x4	4
s11/db20y1o1db3k1n2k1r10k1n2r4~x2	4
s11/db21dp21y21o2r21lo21y21db2r2dp2o21~x2	4
s11/db22k4db4k4db4k22g22r6g6k2y3~x2	4
s11/db22r3db2n3k14dg20dy2dg20k14db11do6~x2	4
s11/db23w2db3lb4db3w2db5k11dp2w23k3~x2	4
s11/db24k4db4k4db4k24g24r5g6k2y2~x2	4
s11/db24k6lo4k6lb4k6g24dr48db5dr6k5~x2	4
s11/db24k6r6y12g6db6g6db12y1k1r2~x2	4
s11/db25dbi2r25g10r4db25r2g2r25g2r2~x2~db0805267-dbi1604274	4
s11/db26dbi3db1dp2db1dbi3db3dbi12g14db2w2~x2~db1004274-dbi1406275	4
s11/db28k12g16k1r2k1g16k12db12k1w3~x2	4
s11/db2k2db21b1db1b2db1b8dg23ly2r2~x2	4
s11/db2ki16dg14r3dg14k3dg14b3dg14ki16db2~ki0604259	4
s11/db2n18db2n2db20r3db18g2db2g18w2	4
s11/db2r1g10r1k6g12r2g1r1g3w2~x4	4
s11/db2r2db2r2db20k24g12y1k2g2lb2~x2	4
s11/db2r5db8y2r3k9r2db18k9dbi4w2~x2~db1108266-dbi1208266	4
s11/db2w20r1y2dg8b4dg2b2dg2db20w2~x2	4
s11/db2w20r1y2dg8g4dg2g2dg2db20w2~x2	4
s11/db2w2db21ly3db4ri3db3r4g18t4w2~x2~ri2109032-r1707008	4
s11/db2w2r2w2r2db2r2db12dy1db2w2~x4	4
s11/db2w5db5g11w5dg12lb1dg2lb26dg2db2~x2	4
s11/db30dp4db5dg3db2dg2db2dg10dp7k2dp9~x2	4
s11/db30k2db2k2db2k32g15r2g4r4g30~x2	4
s11/db30r1db6dt16dg16db1dg16dt16db16r1db4~x2	4
s11/db30r6dy16dp8g10dp14g24y4dy10dp3dy28	4
s11/db32k3db4k3db4k11dt4k2w3k2dt11~x2~db1406275-dt1202249	4
s11/db38dg1n11dg1w4dg1y4dg1g20dg1lb6~x2	4
s11/db38k4db2dg6dp11dbi3dp2dr2db11k1w2~x2~db1204274-dbi1404245	4
s11/db38n1o11n1w4n1y4n1dg20n1lb6~x2~n1900000-o2500000	4
s11/db38w2db2k10g2y2g22k3r3k3r3~x2	4
s11/db3b1g20b20w2b2w2b2w32k1b3~x2	4
s11/db3b8db5r1db5b2y1b2r5db4y1~x2	4
s11/db3dy14g14dy2db14dy2db14dy2g14dy14r3~x2	4
s11/db3k1g13y1r1w1r6g3r1g3w1~x2	4
s11/db3k1g16lo1dr1lb1dr6g3dr1g3lb1~x4	4
s11/db3k2db22k9g2lp2g2lp2g8k2w3~x2	4
s11/db3k2lb3r2lb3k2lb24dt24r3db3w2~x2	4
s11/db3lb1r30db32r3w1r3g23r31db3w1	4
s11/db3o14g14o2db14o2db14o2g14o14r3~x2	4
s11/db3w1db1w1db2w3db15lb2db2lb22r2~x2	4
s11/db3w1db1w1db2w3db15t2db2t22r2~x2	4
s11/db3y3n15lb8w7db6n15lb6y3dg6r3~x2	4
s11/db3y3n15lb8w8db6n15lb6y3dg6r3~x2	4
s11/db40lb3db11k7g22k7db3w3n10k32y13~x2	4
s11/db42n2db2n4g4ly2g6k9g2k2r2~x2	4
s11/db42n2db2n4y4ly2y6k9y2k2r2~x2~y2204115-ly3206085	4
s11/db44k3db3k3db3k14y4k3w2k2w2~x2	4
s11/db45k10n2k2y2k2n10db5k1db5y1~x2	4
s11/db45n5o1dt1lb1dt1lb5o3dt1o2lb1~x4~n1900000-o2500000	4
s11/db46y1dy5y1g5y1dp5y1db16r1y4~x2	4
s11/db48dp2db5dp2db7g2w3g5k4w1g26~x2	4
s11/db48g4db6y2db2lr2db2g10lr6db2lr5~x2	4
s11/db49dy19g5dg6g5dg6g35dg1lr4dg1g4~x2	4
s11/db49k2g2k2g2k10r38db5r4k4n10~x2~db1406275-g2304202	4
s11/db4dy24g17dy3w18dy3w18dy3g17dy24r4~x2	4
s11/db4dy3db22r6w2k6w2db6n20k3n4~x2	4
s11/db4dy3db22r6w2k6w2db6n20k3n4~x2~db1406275-w4000000	4
s11/db4g2db24g8b2r2b2y2b10db2w3~x2	4
s11/db4g2db24g8lb2r2lb2y2lb10db2w3~x2	4
s11/db4g4db18k19g4k19g4db7g4db12g2~x2	4
s11/db4k2db20k13y1k2y2k2y1b23n4~x2	4
s11/db4k2db20k13y1k2y2k2y1dp23n4~x2	4
s11/db4k3db23k9g2lb2g2lb2g8k2dy3~x2	4
s11/db4k3db23k9g2lb2g2lb2g8k2y3~x2	4
s11/db4k4db10k10dy2k10lr4db8lr12db2dp1~x2	4
s11/db4lb2k2db12lb4dr6k6dr28k2lb2dr3~x2	4
s11/db4lb2k2db12lb4g6k6g28k2lb2g3~x2	4
s11/db4lbi8k2lbi5lb2lbi5dg8dr7dg2dr7dg3~x2~lbi3203246-lb3200000	4
s11/db4n21db8k4db4dy4db9n9db38k1w3~x2	4
s11/db4n21db8k4db4y4db9n9db38k1w3~x2	4
s11/db4n32db4n4db32m6db32dg4db3dg32w4	4
s11/db4o24g17o3w18o3w18o3g17o24r4~x2	4
s11/db4r2db2r4k7db10w2k13db18k2db2~x4	4
s11/db4t13r2db2k2db2w5db2ly2db2t2~x2	4
s11/db4t8k2t5w2t5dg8dr7dg2dr7dg3~x2~t2704230-w3402083	4
s11/db4w4db19k19w4k19w4db7w4db11w4~x2	4
s11/db4y2db24k2db5r3k14g14w3r3db3~x2	4
s11/db4y2db5dr11db4dr2db2g10db28k1dr2~x2	4
s11/db4y3db17r7w2o7w2db7b17o3b4~x2	4
s11/db4y3dbi16db14dbii3db14dbii3dbi4dbii3dbi8w2~x2~db1204274-dbi1404245-dbii1406275	4
s11/db50dp3k3db11dp8db2r6db2dbi8db2w4~x2~db1204274-dbi1406275	4
s11/db50k10db6k10db6g5lp5g5o8g23w5~x2	4
s11/db50k14g3dr2g3dr2g3dr2g3k2lo2~x2	4
s11/db54dbi14y3dbi3w3dbi3g9dy7dbi2dy9w2~x2~db1204274-dbi1406275	4
s11/db5dr1db5g7db3lo1db4dr5g2lo2g2~x8	4
s11/db5dr2db8y2dr3k9dr2db18k9dbi4w2~x2~db1406275-dbi1706275	4
s11/db5ly1n19k6n4k4n12w1n12k2db2~x2	4
s11/db5w4k4w4k4w4k4w4k4w4k4~x2	4
s11/db60k15g10dr2g10dr2g10dr2g10k1lo4~x2	4
s11/db60k15g10r2g10r2g10r2g10k1y4~x2	4
s11/db60t5db4dr6db4t5dy22g5t23db1ly4~x2	4
s11/db60w3dp8y2k2w2k2g14db4dy10w2~x2	4
s11/db63ly3w3db8ly3db3w3db3r14db9ly3~x2	4
s11/db64y3g12k3g12w3db15dbi4r21db3y2~db0804274-dbi1605267	4
s11/db64y3g12k3g12w3db15dbi4r21db3y2~db0805267-dbi1604274	4
s11/db64y3g12k3g12w3db15dbi4r21db3y2~db1204274-dbi1406275	4
s11/db66k20dbi7n4dbi5n4dbi5n4dbi7k2lr6~db1003265-dbi1605267	4
s11/db66k2db10k15g15r4g15r4g30y2w4	4
s11/db6g3db3w2db5k2db3k2dp16r3k2~x2	4
s11/db6g48k4y4k4w4g20r10k4r6w5	4
s11/db6k1y6k1db28w1k2w1db16w1r5~x2	4
s11/db6k20r3t2k20ly2k25ly1r2ly1t6~x2	4
s11/db6k2dp14k5dp14k3dt4k6dt24w2dp6~x2~db1106275-dt1001300	4
s11/db6k2dp9lb1dp9k2dt4k6dt24w1db6~x2	4
s11/db6k2t2db8k18lo2dg20db8t3k10lb6~x2~t1903246-dg1806142	4
s11/db6k3dt19k6dt4k3dp12dg4dp12lr2db5~x2~k0700000-dt1102249	4
s11/db6k3dt19k6dt4k3dp12g4dp12w2db5~x2~db1204274	4
s11/db6k3r2k3dg31k6dg2k6lo13k2dg2~x2	4
s11/db6k3r2k3dg31k6g2k6dy13k2g2~x2	4
s11/db6k3r2k3r31k6dy2k6dy13k2dy2~x2	4
s11/db6k3r2k3r31k6ly2k6ly13k2ly2~x2	4
s11/db6ki2dp14ki5dp14ki3k4ki6k24w2dp6~x2~ki0700000-k0504259	4
s11/db6ki40dg34r5dg34k6dg34y5dg34ki40db6~ki0604259	4
s11/db6o2db6y3g6k1g2lb2g2k1g6~x2	4
s11/db6w1dt18k6dt4k4dp8dg1dp8k2db5~x2~db1003265-dt1203284-dp0804317	4
s11/db6w1t18k6t4k4dp8dg1dp8k2db5~x2~db1108266-dp1708331	4
s11/db6w2db2w2db4w6db28b4db4b45r4	4
s11/db6w2db2w2db4w6db28lb4db4lb45r4	4
s11/db6w3r14k3y2k2w2k38w2k2y2~x2	4
s11/db6y1r18k6r4k4dp8dg1dp8k1db5~x2~db1003265-dp1206332	4
s11/db74r6k12y3k3w3r16db8k3r4w3~x2	4
s11/db7lr2dp5ly2dg7ly2r5lr2r5ly2db7~x2	4
s11/db80lo1k4lo4k4lo4k22g36db4b6lb2	4
s11/db80lo1k4lo4k4lo4k22g36db4t6lb2	4
s11/db8k2db12k13g13w2k4w2g13k13db4~x2	4
s11/db8k3db26k11lb3db8r4db8lb3k2w3~x2	4
s11/db8k8y2k3w3k3g24r16db3r4k2~x2	4
s11/db8lb1k6y1k2w2k2g12dy28w1dy4~x2	4
s11/db8lb1k6y1k2w2k2g12o28w1o4~x2	4
s11/db8lb3db40r3k44lb3r3g40r2k4r7~x2	4
s11/db8r4db12r1k12g12r3g2r1g4w1~x2	4
s11/db90k10y2k4w2k4t14r12k2r5w4	4
s11/db9k1dbi4k1db18b5k1b1k1b5db4~x2~db0805267-dbi1604274	4
s11/db9k1dbi4k1db18lb5k1lb1k1lb5db4~x2~db1204274-dbi1406275	4
s11/db9k3db17k6db4k4db12k3db12k3db7~x2	4
s11/db9k9db9r2k18w1g12r2g4r2g4~x2	4
s11/dbi13lb2dbi13k3db13k21dy3k18dbi9k2dbi2~x2~dbi1605267-db1003265	4
s11/dbi19k4dbi4db1dbi1db1dbi1dg5b3k1b4~x6~dbi1003265-dg1304144	4
s11/dbi2db16dg14r3dg14k3dg14ly3dg14db16dbi2~x2~dbi1406275-db1204274	4
s11/dbi4db3n7k9n13r2dbi13db9n7k3n4~x2~dbi1406275-db1204274	4
s11/dbi4w3dbi4dp3dbi3dp3dbi15db8dbi11db28y2~x2~dbi1406275-db1106275	4
s11/dbi6db40dg34r5dg34k6dg34y5dg34db40dbi6~dbi1406275-db1204274	4
s11/dbi8g5dbi72db72o5db16o5db72dbi72g5dbi8~dbi1406275-db1004274	4
s11/dbi96dp8dbi12db3dbi3db3dbi3dg20dp8k3dp14~x2~dbi1204274-db1106275	4
s11/dg10k3dg3k20dp3k5g3k20dg3k3dg10~x2~dg1806142-g2408144	4
s11/dg10m2dg2o4dg16dp16o2b18y2b8o3~x2	4
s11/dg10y2dp2dg2dp13dg2dp2dg1k13db24w2~x2	4
s11/dg10y2k2dg2k13dg2k2dg1dp13db24w2~x2	4
s11/dg12n4dr4db4dr4n4dg18g5dg5g5db4~x2	4
s11/dg12r2db5w1k10t15r10k5dg4db40w4~x2~db1409278-t2405255	4
s11/dg14k8dg21k2ly5k2dg21k11db18k2dr5~x2	4
s11/dg15r25dg4k2ly1db1ly1k2dg4db12w1~x2	4
s11/dg17lb2g2lb2k21lb2k3dg30k2lb2k4~x2~dg1806142-g1903114	4
s11/dg17lb2g2lb2k21lb2k3dg30k2lb2k4~x2~dg1806142-g2408144	4
s11/dg18dgi4lb1dgi5dg6dgi3k1dy6k1dgi25lb1~x2~dg1103152-dgi1404130	4
s11/dg18dgi4lb1dgi5dg6dgi3k1dy6k1dgi25lb1~x2~dgi1605139	4
s11/dg18ri4dg4r6dg28dp28r4lb3y4lb13r6~ri2806019-r2109032	4
s11/dg19dgi5k2n3dg5dgi3lb5k2db3dgi5w2~x2~dgi1605139	4
s11/dg19g5k2t3dg5g3t5k2db3g5w2~x2~t2304245-db1204274	4
s11/dg1k1dg9k7dy1dg5g4w2g1w1dg1~x4~dg1806142-g2408144	4
s11/dg20dgi2ly3dgi2dg32dgi32dg2r3dg2dgi32dg12~x2~dgi1605139	4
s11/dg22dr2dg2dr6dg42ki46dr2k42dr6k12lo3~ki0700000-k0504259	4
s11/dg22dr3k10dr3dg24dr2k4dr2dg24dr2k4~x2	4
s11/dg24db7dg7db7k22db7k4dy4k4db40dr14~db1605267-k0503265	4
s11/dg27w2dg3ly4dg3w2dg5k13lg2w26lg3~x2	4
s11/dg28lb2dg3lo4dg3lb2dg3k14lg2db28lb3~x2	4
s11/dg2db24ly1r2dg2r2ly1k24dg24w2db2~x2~dg1802166-db1204274-ly3307090	4
s11/dg2db24y1r2dg2r2y1k24dg24w2db2~x2	4
s11/dg2db2lb23db2lb2db6lb2db2dg33r2lb2~x2	4
s11/dg2db2w1r2w1db3dg1db12dg18w1r2~x2	4
s11/dg2r26db4r2k4r2dg8r4k1r1w2~x2	4
s11/dg2t16dg2t4k4dg2k7t2k4dg17t2~x2	4
s11/dg30r2dg8r1dg5w2dg5r1dg8r2dg30~w4000000	4
s11/dg34w6g20yi20k2dr2r2dr2lb24w40y13~g1903114-yi2303114	4
s11/dg42k10lr2k2r2k2dg10r6k2r3dg2~x2	4
s11/dg42k10r2k2w2k2dg10w6k2w3dg2~x2	4
s11/dg42k10y2k6dg10k11dg2~x2	4
s11/dg4g8db6dg8r6g2r2g2r24g1r3	4
s11/dg50db12n7db12dr10n7k2n7k2n7dr10~x2	4
s11/dg50db12n7db12dr10w7k2w7k2w7dr10~x2	4
s11/dg50dgi6dg3k6g1dgi6k5lb5k18lb3g1~x2~dgi1806142-g2408144	4
s11/dg55k13t4k3g6ly3t2k3dy10k12t14~x2~dg1806142-g2408144	4
s11/dg5k2dg2k2dg2k12r2k12dg6k2dg2~x2	4
s11/dg6r2dg14r14db2r14w2dg14db2dg4ly3~x2	4
s11/dg6w4dg3w4dg2w7dg2w2dg5r15w2~x2	4
s11/dg8dpi2dp2dg3dp16dg2k2dg1k16db30w2~x2~dpi1607327-dp1503322	4
s11/do10dr4do4dr4do20k20dr3g20dr4g4ly4~x2~do1402055-g2203152	4
s11/do18k5do34k12do8k8do24k5do24k5do14	4
s11/do6ly4do3db2do5db2do3db2g14dr3db2~x2	4
s11/do6y4do3db2do5db2do3db2g15r3db2~x2	4
s11/do9lb2r1lb2do3k9dg3do1n35k3n2~x2	4
s11/dp10db1dp2db1lb1db1lb2o2lb1k1y2~x10	4
s11/dp10db1dp2db1lg1db1lg2lp2lg1k1ly2~x10	4
s11/dp13w2y38k13y28k8dp17dg2dp17k4dt11	4
s11/dp13y2dr38k13dr8k8dp17dg2dp17k4dp11	4
s11/dp24lbi4lr3t3b3dp3o3k24g2dp2lb2~x2~lbi3300000-lr3100000-t2403246-b1813263	4
s11/dp27y2dp2k12g6o2g12k12db12r2db2~x2	4
s11/dp27y2dp2k12g6o2g12k12db12r2db2~x2~dp1105325	4
s11/dp2r1k4lo2k12lo8k12lo2k4lo1w2~x4	4
s11/dp2r1k4y2k12y8k12y2k4y1w2~x2	4
s11/dp2t6n1t3lb1t4k6g5k1g5dp2~x4	4
s11/dp2w5dp5ly11w5dg12lb1dg2lb26do2dp2~x2~dp1502305-do1301000	4
s11/dp38k4dp2o6db11o3db2g2dp11k1w2~x2	4
s11/dp3db13n2db4w2db8k13g10k2g8dp3~x2	4
s11/dp3dg6k9g11w1g11w1g11k9dg6dp3~x4	4
s11/dp3dt12db2dt2db11dp2db11r2db2r10w3~x2~dt1103246-db1504259	4
s11/dp3k2n6k2n2k18dg13lb2dg2k6dp2~x2	4
s11/dp3k2n6k2n2k18g13lb2g2k6dp2~x2	4
s11/dp45k12y4k4w6k4g50r57dp4r10k4~x2	4
s11/dp4db2g2dp2g12dp2k2dp1k10db25w2~x2	4
s11/dp4dg2dp24dg8db2r2db2y2db10dp2w3~x2	4
s11/dp4dg2dp24dg8k2r2k2y2k10dp2w3~x2	4
s11/dp4g3k1g3dp2g20k10dr20dp2k2lo4~x2	4
s11/dp4g8db6dp8r6g2r2g2r24g1r3~x2	4
s11/dp4ly8g2ly2lo2ly2g2ly2dy6g10ly3~x2	4
s11/dp52g14o2dg3dp2dg3g6lb6dg2lb6dp2~x2~g1903114-dg1806142	4
s11/dp55r3dp6lo1dp2db2dp2lb12r1dp8g2~x2	4
s11/dp66db2lo14db2y5r8db12g10dg60dp4db25~db0705267	4
s11/dp6k3n19k6n4k3o12lb4o12w2dp5~x2~n1900000-o2500000	4
s11/dp7o2ri2r2dp23r2k2r1k15ri29lp2~x2~ri2109032-r2109013	4
s11/dp8g8w3g8dp8w3db40r3k3db40w3~x2	4
s11/dp8g8w3g8dp8w3t40r3k3t40w3~x2	4
s11/dp8k2dr26lo1dr6k3dg10lb1k3dp22lb1~x2	4
s11/dpi3dp1r20dp20w2dp2w2dp2w32dp1lp3~x2~dpi1607327-dp1105325	4
s11/dr10k3dg2w2k22b4k22dr4dg4dr14w3~x2	4
s11/dr16dg1g2dg1dr4dg5lb1dg5g14dg1lb2~x2	4
s11/dr16g16dr8k8lo3k3db3k3lo3dr14w3~x2	4
s11/dr16g16dr8k8y3k3db3k3y3dr14w3~x2	4
s11/dr1db15k2ly1k1t1k5dr4k1dr2w1~x4	4
s11/dr1db1dr8lb1k2db16k2lb1g8db1g1~x4	4
s11/dr1n6ly2w1k8w1ly2w9k1w4dy1~x4	4
s11/dr1o6ly2w1k8w1ly2w9k1w4dy1~x4~o2500000	4
s11/dr2b10k9bi13k7db3k2db3k2db3dr2~x2~bi1611266-db0906265	4
s11/dr2db6lr2db2k9dbi30k9db5lr4db2dr2~x2~db1106275-dbi1406275	4
s11/dr2db6lr2db2k9lb30k9db5lr4db2dr2~x2	4
s11/dr2db8k1g2k1g4k1g2k1db8lo2~x2	4
s11/dr2dg20y1dg1k2lb1y1lb22w1lb1w1~x4	4
s11/dr2g10db10k5b2k5g10k10b2k10lo2~x2	4
s11/dr2g32lo2g2k3db2lo2db28w2db2w2~x2~db1106275-w3600000	4
s11/dr2k1g7k6db7t2db7k6g7k1lo2~x4	4
s11/dr2k1g7k6t7db2t7k6g7k1lo2~x4	4
s11/dr2k39db3k2db3k2db3dr2~x2	4
s11/dr2k9lb4w2k22w2lb4w22lb2w8dr2~x2	4
s11/dr2lr1dg12n1dg1n1dg3n4dr3n4b2~x4~lr3103019-dg1601120	4
s11/dr2o9lb4w2n22w2lb4w22n2w8dr2~x2~o2500000-n1900000	4
s11/dr3db14b14db2dr14db2dr14db2g14db2y3~x2	4
s11/dr3db14g14db2dr14db2dr14db2g14db2lo3~x2	4
s11/dr3db2dr24db8dg2db2dg2db2dg10dr3w2~x2	4
s11/dr3dp2db18dpi3dp2dpi3db18dp3dpi12dp12dpi3~x2~dp1305314-db1006275-dpi1406332	4
s11/dr3g32ly2g2k3dt2ly2dt28lb2dt2lb3~x2	4
s11/dr3g6k1lo1k1g6dr2dy2k2dy9k2~x4	4
s11/dr3o26k12o3k16o4k16o3k12o26ly3~x2	4
s11/dr3t2lb7t3lb20db4dbi8t20dr3t7w2~x2~db1106275-dbi1404245	4
s11/dr42r10n2r2db2r2dr10db6r2db3dr2~x2	4
s11/dr48k10db12k2dr3k2db12k10n10k2ly3~x2	4
s11/dr4dg3dr4y1db3y1db3y1dg3dr1dg4~x2	4
s11/dr4g4k2g15do5g5do15g6w1db19dr2~x2	4
s11/dr4g4k2g17do5g5do17g6lb1db22dr2~x2	4
s11/dr4g4w1lo4dr4w1db1w1dbi4g4dbi4~x4~db1003265-dbi1605267	4
s11/dr4g8db6dr8r6g2r2g2r24g1r3	4
s11/dr4g8db6dr8r6g2r2g2r24g1r3~x2	4
s11/dr4lb2dr6k2dr6do16ly2k12n10k2n1~x2	4
s11/dr4lb3db6t4db24k6g4db2lb23db23g4~x2	4
s11/dr4y34do20y4do8y6r2y5do2y3dr4	4
s11/dr5dg30k6ly2k3lb5k12dr8k3dr3lr3~x2	4
s11/dr5r2db24lb2db2lb2db6lb8dr6lb8ly4~x2	4
s11/dr5r2y24lb2y2lb2y6lb8dr6lb8ly4~x2	4
s11/dr5w1dr18dg4dr6ly4dr1g6k13db5ly2~x2	4
s11/dr6db3o3dr24db20g24o3g3o3g3o6	4
s11/dr6g3k3n24g4k10g4dr2g24dr6g2~x2	4
s11/dr6k3do4k10do5o3k2do31w1do2w2~x2~do1400000-o2500000	4
s11/dr6k3n4k10n5lb2k2n31w1n2w2~x2	4
s11/dr8k3o3dt28k20o28w3o3w3o3w6	4
s11/dr9db1dr2db3dr28k12lb1dr6lb1db6r1~x2	4
s11/dt13k2dt38k13dt28k8dt17k2dt17k4dt11	4
s11/dt2y10dg4lp5dg2lp3dg2lp5dg4dt15lr2~x2~y2302166-dg1806142	4
s11/dt2y10dg4o5dg2o3dg2o5dg4dt15lr2~x2~y2302166-dg1806142	4
s11/dt8k2o2dt2k13dt2k2lr1dt14k26lr2~x2	4
s11/dt8k2o2dt2k13dt2k2ly1dt14k26ly2~x2	4
s11/dy11w3db5w2y1db4w1db2dbi11db3g2~x2~db0705267-dbi1605267	4
s11/dy16y5k8y8k16dg48k4g46w8k8r8	4
s11/dy1dr5dp1dg2dr1dg12dp1dg2dp6db5b1~x4	4
s11/dy20dp2dy2dp2dy3dp8dg9gi8g8dg1lr2~x2~gi2203152-g1903114	4
s11/dy27w2dy3ly4dy3w2dy5k13n2w26n3~x2	4
s11/dy27w2dy3y4dy3w2dy5k13lb2w26dg3~x2	4
s11/dy27w2dy3y4dy3w2dy5k13lb2w26g3~x2	4
s11/dy2k10n2k2n2k3n10o16y2o2y2~x2	4
s11/dy2r11db1r1db1r1db4dbi6dy1dbi1ly1~x4~db1204274-dbi1706275	4
s11/dy2r11dp1r1dp1r1dp4b6dy1b1y1~x4~dp1105325-b2008266	4
s11/dy30k6dy6r6lo6o14k4o3n14k6n16~x2	4
s11/dy32r2y3k3r2dy3y3dy3ly3dy3ly32~x2	4
s11/dy3dp5g2dp2g2w1g4ly12dr2lb2k2~x4	4
s11/dy3dt16do15dg18do3r3do3dg18do15dt16w3~x2	4
s11/dy42do10lb2do2ly2do2dy10ly6do2ly3dy2~x2	4
s11/dy46do6lo3do3w3do3dg10dy8do3dy6w3~x2	4
s11/dy49ly3dy6k7t21r4k16g12k1dy12k3~x2	4
s11/dy4k2db25k2g4k2lb10k2g25k2r4~x2	4
s11/dy4k2lo3k2dy7k9g20k2lb3k2g4~x2	4
s11/dy50do6o3do3y3do3dt10dy8do3dy6y3~x2	4
s11/dy5k3g2r20db10w2g1dy1w20k4dy3~x2	4
s11/dy5k3w2r20db10dg2w1dy1dg20k4dy3~x2~k0700000-db1406275	4
s11/dy5k3w2r20db10g2w1dy1g20k4dy3~x2	4
s11/dy6dr2dy2dr4dy13do12ly13dr4ly2dr2ly6~x2	4
s11/dy6o2dy2o4dy13k12lo13o4lo2o2lo6~x2	4
s11/dy6w1do18k6do4k4do8k1do8k2dy5~x2	4
s11/dy80g1dy2lo8dy2g1dy2r15k1r3lb2~x2	4
s11/dy8w1o1db10n16dy2k3db33lb1ki3dy2~x2~o2500000-n1700000-k0700000-ki0800000	4
s11/dy90n8k10n3k4g4k3r16k14lo6k28	4
s11/dy9k8dy30k4lb8k4db24k54dr14k4lr8~lb3103284-lr2800000	4
s11/dy9lb2r1lb2dy3k9dg3dy1n35k3n2~x2	4
s11/g10db9dp4dr2dp4g6k10w4g24db60k4	4
s11/g10k10lb4k2dy2k2lb3k12lb12k2lb3~x2	4
s11/g10m2g2r4g16dp16r2b18y2b8r3~x2	4
s11/g10n1k3dp22n1dp8k2r26ly1r6k3~x2	4
s11/g10r25lb2db25r2g2r25g2r2db25r4~x2	4
s11/g10w1db10r1db1g1db1g1r10ly1r1~x4	4
s11/g10w1db10r1db1g1db1g1r10y1r1~x4	4
s11/g11k5ly7w5ly7k5g7ly11db16ly7y5~x2	4
s11/g12db1dp4db30b3w2b3w2b3w10r4~x2	4
s11/g12db1dp4db30ly3w2ly3w2ly3w10r4~x2	4
s11/g12db4b54dbi26k4w8db18dbi44w3db12w4~db0805267-dbi1604274	4
s11/g13k2g2k11y1k2y1k11g2b1g11~x4	4
s11/g14dr1g14dr7lb1dr7lb1dr7k5dp3lb1~x4	4
s11/g14r1g14r7w1r7w1r7db5dp3w1~x4	4
s11/g15r25g4k2y1db1y1k2g4db12w1~x2	4
s11/g16k2g2k2g2db32r3db32g16k2g2~x2	4
s11/g16lb2g4t4g4lb2g6db12dr2db20y3~x2	4
s11/g16r12db16r6db4r6db7r20db8g8db12~x2	4
s11/g17lb2b2lb2k21lb2k3g30k2lb2k4~x2	4
s11/g17lb2ly2lb2k21lb2k3g30k2lb2k4~x2~g1903114-ly2706114	4
s11/g18r3g2r2db6r2g2r24g1r2g6~x2	4
s11/g18r3g2r2db6r2g2r24g2r2g6~x2	4
s11/g1r1ly8r6g1ly1g1r6g6r1ly1~x4	4
s11/g1w1g39r2w3b13w3dy2r1dy2w1~x2	4
s11/g1w1g39r2w3t13w3dr2r1dr2w1~x2	4
s11/g20k1n1k1g20k10n2k2r2db20w1~x2	4
s11/g22r4g22r22g2r3g2r3g2r3y2~x2	4
s11/g24y3g4y1g17k25db2k2db2k2db22~x2	4
s11/g26r5k1r2k1r5g16r5w16g2w8~x2	4
s11/g28dr2g28dr7lb2dr7lb2dr7k5dp4lb2~x2	4
s11/g28k1g1k6w1k6dp1k1dp4r3dp14~x4	4
s11/g28lo18db4lo18ri3r2ri3r2ri3r2ri3~x2~ri2109032-r2109013	4
s11/g2db12r1k12g12k2g12k12r1db12g1~x4	4
s11/g2db2lb23db2lb2db6lb2db2k33y2lb2~x2	4
s11/g2k1db9k7g1k1g1k1g9r1db1~x4	4
s11/g2k1db9k7g1k1g1k1g9r1g1~x4	4
s11/g2k1g9ly3lb1k3lb1r3ly9lo1ly2~x4	4
s11/g2r26db4r2k4r2g8r4k1r1w2~x2	4
s11/g2r2lb21db2lb2db6lb2db2g33r2lb2~x2	4
s11/g2r2lb23db2lb2db6lb2db2g33r2lb2~x2	4
s11/g30db6o1w2o6w2o1db6g30lb1dp3~x2	4
s11/g30db6o1w2o6w2o1db6g30lb1dr3~x2	4
s11/g30dp4r6w6db6dp3k14w14db50g50w2	4
s11/g32w2g2y3g2w2g2k16lb2db16w3~x2	4
s11/g33t4g4t4g18dg13dp13dg2t11dg1n2~x2	4
s11/g37dp5g5dp12t10db5t5db40dy4db4ly4~x2	4
s11/g3db1g1db12k2db2k2db3k12dg24w3~x2~g2408144-dg1804144	4
s11/g3db1g1db12k2db2k2db3k12dg24w3~x2~g2408144-dg1806142	4
s11/g3lb3g5r4g28db8w3db3w24r2k2~x2	4
s11/g3n16dy11n2ly11n2ly11n2dy11n16w3~x2~dy1502083-ly2806085	4
s11/g3n16o11n2y11n2y11n2o11n16w3~x2	4
s11/g40dt10o2dt2w2dt3r8g6dt2g4w2~x2	4
s11/g4db28g1k28g28r4g28k28g2db28g1~x2	4
s11/g4db34dbi20db4dbi8db6r2db5dbi2db3g4~db1204274-dbi1404245	4
s11/g4k1dbi9k1g3k1db27r1db27w1r3~x2~dbi1404245-db1204274	4
s11/g4k1dbi9k1g3k1db27r1db27w1r3~x2~dbi1605267-db1004274	4
s11/g4k6g4k6g12k75g3k6g14k6w4	4
s11/g4r1db8w1r1w1b8w1b8w1y1~x4	4
s11/g4r1db8w1r1w1lb8w1lb8w1y1~x4	4
s11/g4r2db4r2g8r2db4r2g8r2y1~x3	4
s11/g4ri34db20ri4db8ri6r2ri5db2ri3g4~ri2109032-db1404245	4
s11/g56lb6ly6lyi2w2lyi2w16lb10w2g6r3~x2~ly3104101-lyi3407090	4
s11/g56n6ly6y2w2y2w16n10w2g6r3~x2	4
s11/g5db2g12db12r2db12w2g12r2g4y3~x2	4
s11/g5db2g14db14r2db14w2g14r2g4lo3~x2	4
s11/g5lb2g16lb10k2w3db6lb14w2db4w2~x2	4
s11/g5r1db10w1r1w1lb10w1lb10w1y1~x4	4
s11/g5w1g32b1g8b9g2w2r3b3w1~x2	4
s11/g5w1g32db1g8db9g2w2r3db3w1~x2	4
s11/g6dpi2dp2g2dp15g3k2g1k15db43w2~x2~dpi1607327-dp1105325	4
s11/g6k2g24k10db2o2db2o2db10k2lb3~x2	4
s11/g6r3db6r3g12r3db6r3g12r3y2~x2	4
s11/g6w4g3w4g2w7g2w2g5r15w2~x2	4
s11/g7n3r3lb3r3n3g12y4g4y4lb3~x2	4
s11/g8db3g2db4ly2db5g7db4g4db37r6~db1204274	4
s11/g8r1g1r3g16k16r1db16r3db8y2	4
s11/g8r1g1r3g16k16r1db16r3db8y2~x2	4
s11/g9db2dp2g2dp18g2db2g1db19dr33g2~x2	4
s11/g9lo1g2r3g28k16lb1g8lb1db8r1~x2	4
s11/g9r2m2g3m18g2k2g1k19db33w2~x2	4
s11/g9r2m2k3m18r1db2g2db19w33db2~x2	4
s11/g9r6g40dp6g6dp6k6dp36ly4dp8ly4	4
s11/k10db13k3lb7k1ly20lyi3lb13r5ly47k3~x2~ly2503076-lyi2705081	4
s11/k10dr1k3do7n1do1n1do1n1do1n7~x4	4
s11/k10n2oi2n2k14n2k2lp1n12k24o2~x2~n1900000-oi2500000	4
s11/k10r2k10r10dg2r2dg2r2dg10r1w2~x2	4
s11/k12g3y2k2g3k18dy4k2dp18g2db2~x2	4
s11/k12lr4k4lr4k4lr10k4lr3k8dr24lr2~x2	4
s11/k12w6k6w6r4w13k3w4k8db24r3~x2	4
s11/k13g3k4g3k3g19ly1g19k3g2ly4~x2	4
s11/k14db22k5dy11k5y24k11dy11r54dy8k10	4
s11/k14db22k5ly11k5y24k11ly11r54ly8k10	4
s11/k14lb3k3w4k3lb3k14db4k4db30k4~x2	4
s11/k14n2k2n5k25ly1n9lp3k3w1k14~x2	4
s11/k14n2k2n5k25w1n9b3k3w1k14~x2	4
s11/k14n2k2n5k25w1n9o3k3w1k14~x2	4
s11/k14w4k14w19k4w4k4n4k16n11k8	4
s11/k15lb3k3w4k3lb3k15db4k4db30k4~x2	4
s11/k15lb3k3w4k3lb3k15db4k4db30k4~x2~db1406275	4
s11/k16db2lb2db4g16r2k15db6lb2k3lb4~x2	4
s11/k16db2lb2db4g16y2k15db6lb2k3lb4~x2	4
s11/k16db8k6db8k6db20k6db6k14dbi41r4~db0805267-dbi1604274	4
s11/k16db8k6db8k6db20k6db6k14dbi41r4~db1204274-dbi1406275	4
s11/k16db8k6db8k6db20k6db6k14t41r4	4
s11/k16n4lb3k2db1w1r1k2lb3n4k12~x4	4
s11/k16w4k2w4k2r8y8g8k1db24w6~x2	4
s11/k17db39k20db4k2db3k4db3k2db4k3~x4	4
s11/k18w8k8w8r5w18k5w5k12db36r5	4
s11/k18w8k8w8r5w18k5w5k12db36r5~x2	4
s11/k1b1dg7k8b1k8b1dg2b1k4b1~x4	4
s11/k1dr1dg7k8w1k8dr1dg2dr1dg4dr1~x4	4
s11/k1dr1g7k8w1k8dr1g2dr1g4dr1~x4	4
s11/k1gi3w3dg15k1dg3gi2k1gi1g1w1~x2~gi2408144-dg1806142-g2106142	4
s11/k1gi3w3g15k1g3gi2k1gi1lg1w1~x2~gi2408144-g2007139	4
s11/k1lb1db6k6lb1k6lb1db2lb1db3lb1~x2	4
s11/k1lb1db6k6lb1k6lb1db2lb1db3lb1~x4	4
s11/k1lb1db6k6lp1k6lb1db2lb1db3lb1~x2	4
s11/k1lb1lp7k8lb1k8lb1lp2lb1k4lb1~x4	4
s11/k1lb1y7k8lb1k8lb1y2lb1k4lb1~x2	4
s11/k1lb1y7k8lb1k8lb1y2lb1k4lb1~x4	4
s11/k1r1g6k1g1k1g1k6db9k1db1~x2	4
s11/k1w1db8k9w1k9w1db2w1k4w1~x2	4
s11/k1w31k4g8r1g2db7r4k1r4w1~x2	4
s11/k1w31k4g8r1g2db7r4k1r4w1~x2~db1404245	4
s11/k1y1dp7k8y1k8y1dp2y1k4y1~x4	4
s11/k1y1k1y1k1y1n46lb17n4lb16r1~x2	4
s11/k20lb2k8db2k2db2k2db10dr5g5db15~x2	4
s11/k22dg30k2dg4k2dg30k3db30k35r2~db1204274	4
s11/k24dp5k9g3k2g3k2g14dp7k2dp10~x2	4
s11/k26db3k1o2k1db3k3db12dg14k2w2~x2~k0503265-db1003265	4
s11/k28y1w2y1k3w17k5w3db2w10g2~x2	4
s11/k2db12k12g1t2g16t2g1k12db12k1~x4	4
s11/k2db15w5db15r15w2k2g4y3g4k2~x2	4
s11/k2db4g27lo2g1dp4g1lb2g27db4k2~x2	4
s11/k2g2db10k10g2k10g2db3g2db5g2~x2	4
s11/k2lb2db10k10lb2k10lb2db3lb2db5lb2~x2	4
s11/k2r1dg10k10lb4k2lb2k2lb5k2lb2~x2	4
s11/k2r8g2r8k8db1k4r2g12r8g2~x2	4
s11/k2r8g2r8k8t1k4r2g12r8g2~x4	4
s11/k2w2k2w2k2w4k2w2k4db12w1~x2	4
s11/k31lr4n2r2n2lr6n2lb4n2lr8k2~x2~lr2800000-n1700000	4
s11/k35do11n3w1ly3y1dy5k5n2w2do22~x2	4
s11/k36b6ly1b1w1b1dy8o4b1o2w1~x4	4
s11/k36w4k6w1k1w1k1w8k4w1k6~x2	4
s11/k39dp16db3dp2g2dp3db1~x2	4
s11/k3b2k12dg4db19r3db19dg4k12b2y3~x2	4
s11/k3b6k4dr6b18db53b18k8b6k3lo2~x2~b2603265	4
s11/k3db10dg25y2dg2y3dg2y2dg25db10w3~x2	4
s11/k3db1g19db19w2db2w2db2w27k1db3~x2	4
s11/k3db28w2y2db1g4k8w3r4y10k2~x2	4
s11/k3dg2k12db4t19dr3t19db4k12dg2lo3~x2	4
s11/k3g3k2g4r2g6k6g4k4g36k2	4
s11/k3g3y2g30k2g3r12g6lp6k3g3~x2	4
s11/k3gi2k12db4g19dr3g19db4k12gi2dy3~x2~gi2504202-g2203152	4
s11/k3lb6k4dr6lb18db53lb18k8lb6k3lo2~x2	4
s11/k3lo1k5lo1w5lo5k5lo1w5lo1k1~x4	4
s11/k3lo2b14k14lb2k14lb2b6lb2b16lb3~x2	4
s11/k3o29lo2o2lo4o2lo20y1lo2y10w3~x2	4
s11/k3r1k32db6w20db2r1db2r1db2r3~x2	4
s11/k3r2k12db8k2db4k2db4k12db22y3~x2	4
s11/k3r30g10k3y2k3w2k6r2db12w2~x2	4
s11/k3w1g29n8m2n2m2n2m8g7k2~x2	4
s11/k3w1g29n8r2n2r2n2r8g7k2~x2	4
s11/k3w1r20db4r4g10r4db4r20k1w3~x2	4
s11/k3y3lo2y30k2y3m12y6mi6k3y3~x2~y2103114-lo2706066-m1907352-mi2506332	4
s11/k40db10g6k2g3k2~x2	4
s11/k40n8o2n2w2n2k9w5n2w5k2~x2	4
s11/k48dp5k9g3k2g3k2g14dp7dy2dp10~x2	4
s11/k48dt12ly3dt3w3dt3n9dy8t2dy10w2~x2~dt1703208-t2503227	4
s11/k49db15k2ly6k33dr4k3dy8w3db5k3~x2	4
s11/k49dy15w2dy6g6dy16lyi3ly23dy9lyi2t9~x2~lyi2705081-ly2503076	4
s11/k4g2w2dp22k16r8k3r4k3dy4k3~x2	4
s11/k4g4w1g4k4db4k1db4k4g4w1~x2	4
s11/k4lb4db14k15lb4k15lb4db7lb4db10lb4~x2	4
s11/k4lr3dt49lr4k2lb5k6o10n15k1dt2~x2~o2500000-n1900000	4
s11/k4lr4t29k29lr4k29lr4t6lr4t14lr4~x2~lr2800000-t2503227	4
s11/k4n10k4g8k12b4g16lb16b5lb6b2~x2	4
s11/k4n10k4g8k12r5g16t16r5t6w2~x2~t2503227	4
s11/k4n4k4n18k9r2k9lb1n18db2k3~x2	4
s11/k4n4k4n18k9r4k9o1n18db2k3~x2~n1900000-o2500000	4
s11/k4r1k3r2dy3k12dg10dgi18db3n3db3~x2~dgi1705139	4
s11/k4r1k3r2ly3k12dg10dgi18db3n3db3~x2~dgi1605139	4
s11/k4r30ly3r3k6dg36ly1dg2ri2dg2g2~x4~r1406028-ri2109032	4
s11/k4r3k13dp10k3dp5k3dp5k13dp25ly4~x2	4
s11/k4r3k13dp10k3dp5k3dp5k13dp25y4~x2	4
s11/k4r6g8r16k6db10k2db10k2g8y1~x2	4
s11/k4w1k54w1k4w1k8w1~x2	4
s11/k4w1r4k2g2r3k2g20r2k2r2~x2	4
s11/k4w2k2w2k2w4k2w2k4db12w1~x2	4
s11/k4w2k2w2k2w4k2w2k4db12w1~x4	4
s11/k4w2k2w2k2w4k2w2k4r12w1~x4	4
s11/k4w4db19k19w4k19w4db7w4db11w4~x2	4
s11/k4y2lg13k8r2w13r2w13k2g12y4~x2	4
s11/k50dg7k4w2k2y2k2dg7k2g3y2~x2	4
s11/k50g7k4w2k2y2k2g7k2g3y2~x2	4
s11/k5lb2r50k50r5w2r5g42r50k5w2	4
s11/k66db155k80db16k8db12k16db12k8db16k12	4
s11/k68n11k16n4k4n4k4n19k14w4k14	4
s11/k69g6r3g1r6k2w1g30lb1g2ly2~x2	4
s11/k6g20lb2dr5lb2k20lo3db20g26dr3db5~x2	4
s11/k6g20lb2r5lb2k20y3db20g26r3db5~x2	4
s11/k6g20lb2r6lb2k20y3db20g26r3db6~x2	4
s11/k6lo8k13w1lo11k1lo11w4k2lo1k2~x2	4
s11/k6r2db18lo2g2lo2g10r20db2lb1db6~x2	4
s11/k6y3k18g20k2db3k2g4~x2	4
s11/k70y4k3w2k2w2~x2	4
s11/k7db20lb2r6lb2k20y3g20db27r3db6~x2	4
s11/k7lb2w2lb2k13lb2k2b1lb13k26b2~x2	4
s11/k7lb38g7k2g7k2g7ly21k3g4k3~x2	4
s11/k7ly3db62n16g5n5g5n5g16db16k4	4
s11/k7n2lb2n2k13n2k2lb2n13k26lp2~x2	4
s11/k7t20lb2r6lb2k20y3g20t27r3t6~x2	4
s11/k8g1k20g1k4g1k3g4w2g24dy3~x2	4
s11/k8lb1b1do10b16r2k3dt33lb1dt3w2~x2~b2703284-dt1602194	4
s11/k8lb1o1do10o16r2k3n33lb1n3w2~x2~o2500000-n1900000	4
s11/k8lbi1y1do10y16lb2k3n33lbi1n3w2~x2~lbi3203246-y2400000-lb3200000-n1700000	4
s11/k8n2k2n2k14n2k2n1k14n26k2~x2	4
s11/k8t1o1ki10o16lb2k3n33t1n3w2~x2~k0700000-t2405244-o2500000-ki0803038-lb3200000-n1900000	4
s11/k8w2g11lb2k2lb2g11db6k2db6g8~x2	4
s11/k90dp1k2r2w1k1r4k2g1k2db2~x2	4
s11/k9b5w5k9b14k5w5k9w5k5b8~x2	4
s11/k9db5w5k9db14k5w5k9w5k5db8~x2	4
s11/k9n2ly2k2w18ly2k2w1k19ly33dr2~x2	4
s11/k9n2o2n2k18n2k2lp1n19k33dp2~x2~n1900000-o2500000	4
s11/k9o2k2n2o18n2k2r1k20n33r2~x2~o2500000-n1900000	4
s11/k9o2k2ri2o18ri2k2r1k20ri33r2~x2~o2500000-ri2109032	4
s11/k9r1g1k3g20r5k3r20k5r3y2~x2	4
s11/k9w8k8w8r5w18k5w5k12db36r5	4
s11/ki16k2lb2k4dg16r2ki15k6lb2ki3lb4~x2~ki0700000-k0504259	4
s11/ki25k7ki2k2ki2k2db10g6k2g3ki2~x2~ki0700000	4
s11/ki2k20dg30k2dg4k2dg30k3ki30k35dr2~ki0700000	4
s11/ki3k2ki22k9g2b2g2b2g8k2w3~x2~ki0604259	4
s11/ki90n8k10n3k4g4k3r16k14ly6k28~ki0803038-k0700000	4
s11/lb11k2lb2k2dy2k11dg30r2dg3k1w5~x2	4
s11/lb11k2lb2k2ly2k11dg30r2dg3k1w5~x2	4
s11/lb12r2lb3r4lb15k24dg18y1k3dg3w3~x2~dg1504144	4
s11/lb12r2lb3r4lb15k24g18y1k3g3w3~x2	4
s11/lb13k6y2k3w4k3g22r31lb3r4k2~x2	4
s11/lb13lr2n38k13n8k8n17k2n17k4o11~n1900000-o2500000	4
s11/lb13t2dg38k13dg8k8dg17k2dg17k4w11~dg1806142-w3600000	4
s11/lb14db9lb14lo4g3lbi3g3lo4db14lo2w3~x2~lb3203246-lbi3300000	4
s11/lb14k8y2k3w4k3g21r48lb4r5k3~x2	4
s11/lb16dg5lo20lbi3dg3lbi3lo4g14lo2lbi2r1~x2~lb3203246-lbi3300000	4
s11/lb16dg5lo20n3dg3n3lo4g14lo2n2r1~x2	4
s11/lb16k12y4k4w6k4dg32r50lb6r8k3	4
s11/lb16k12y4k4w6k4g32r50lb6r8k3	4
s11/lb1dp3k2w1dp8w1k2w9k1w3lb1~x6	4
s11/lb1r3k2w1r8w1k2w9k1w3lb1~x6	4
s11/lb20dp4r4w4g4y4lb4y1lb2y1lb20~x4	4
s11/lb20dp4r4w4g4y4lb4y1lb2y1lb20~x4~r2109032-g2408144	4
s11/lb24dp3lb3dp3lb3dp10o12dpi12g12o2n3~x2~o2104072-dpi1105325	4
s11/lb26k7g1k1lb1k1g5dp3k1dp2lb1~x4	4
s11/lb26w9k2w2lb2w2n11w8y2n2dr2~x2	4
s11/lb26w9k2w2lb2w2n11w8y2n2r2~x2	4
s11/lb2k1lb1db2k8r2g8db2lb1k1lb2~x2	4
s11/lb30r2lb2k5lb3dy2lb3dy22lb3k2lb3~x2	4
s11/lb32k10lo1k2lb1k2r7y3k1y3lb1~x4	4
s11/lb38db2t2lb19db8r18o8lb18t18db2dy4~lb3103284-t2405244	4
s11/lb38db4y4lb19db8lr18dp8lb18y4db4ly4~x2~y2602166-lr3102083	4
s11/lb3g3k4g14k4g3k14db18r1db4r2~x2	4
s11/lb3k1dg12k1dg1k2dg1k6g12k1lo1~x4	4
s11/lb3k1do12k1do1k2do1k6n12k1lo1~x4	4
s11/lb3k1dr12k1dr1k2dr1k6lbi12k1lo1~x4~lb3103284-lbi3200000	4
s11/lb3k1dr12k1dr1k2dr1k6r12k1lo1~x4	4
s11/lb3k1dr12k1dr1k2dr1k6w12k1lo1~x4	4
s11/lb3k1g12k1g1k2g1k6g12k1lo1~x4	4
s11/lb3k1g12k1g1k2g1k6w12k1lo1~x4	4
s11/lb3k1lb1db4lb10r2k8db2lb1k1lb3~x2	4
s11/lb3k1n12k1n1k2n1k6lr12k1lo1~x4~lb3103284-lr2800000	4
s11/lb3k1n12k1n1k2n1k6w12k1lo1~x4	4
s11/lb3k2lb2b8db20r4g16b4lb2k2lb3	4
s11/lb43db2lb2r1lb1ri11lb2db2lb22w4lb7~x2~db1406275-ri2806019	4
s11/lb4g4r1db18lb4k2g16r1db6lb4k2~x2	4
s11/lb4g4r1db24lb4k2g24r1db10lb4db2~x2	4
s11/lb4k2db3r33g9y3r5db10r6g2k2~x2	4
s11/lb4r3y2r9lb3g24lb3r9k3r3w2~x2	4
s11/lb4r4lb12w12k4g4db8r1w1db1y1~x2	4
s11/lb50db14g2db2lb2db2n10t6k2t3lb2~x2	4
s11/lb50db6lo2db3lb2db3y8dy8db2dy8lb2~x2	4
s11/lb52k12dr3k3lb3k3do10n8k3n3lb3~x2~do1400000	4
s11/lb63dp21w16dp2w4dp4w12lo6w16dp4k21~x2	4
s11/lb6do1lb2do2lb1do4dp14k4db1k3ly1~x4	4
s11/lb6g13k12t3k3ly3t30k3n11ly3n5~x2	4
s11/lb6r1lb1y1lb1g1db9lb6w1db6lb3~x4	4
s11/lb79n2lb10n6w2n6lb10w2g10dg6w2~x2	4
s11/lb79n2lb10n6w2n6lb10w2g10gi6w2~x2~gi2004173	4
s11/lb8k1r22ly1r6k3dg10w1k3lb20w1~x2	4
s11/lb8k4y1k2w3k2g12r24lb2r3k2~x2	4
s11/lbi3k1g12k1g1k2g1k6lb12k1lo1~x4~lbi3203246-lb3200000	4
s11/lbii14lb9lo4g3lbi3lbii14g3lo4lbii14lo2w3~x2~lbii3203246-lb3103284-lbi3200000	4
s11/lo11k4o2k3y2k4lo15k32lo2k5w2~x2	4
s11/lo1n8lb2k15lb20dr1lb1dr1lb8n3lb1~x2	4
s11/lo2db2w2r1w2db10w1k2lo10w1lo2~x4	4
s11/lo2k1dr6k2db7k2db7k2dr7k1lb2~x4	4
s11/lo2k8db48lb9n12r3n9r3n12dg8lo2~x2	4
s11/lo40y10w6dy10do6dy4do6dy4do60n34db11	4
s11/lo4t2lb2lo2lb2t2r2lb5t5r5lo2~x8~t2503227-lb3203246	4
s11/lo8k16lb8k52lb6k5w27dr20g14k5lb6	4
s11/lo8r2lo2k5lo2o2lo3o7lo3k2lo3~x2	4
s11/lp66db2lo14db2ly5b8db12dg60g60lp2db25~dg1806142-g2304202	4
s11/lr24p3lr8p5k3r3k3lr3k3o24r4~x2	4
s11/lr42dr10n2dr2w2dr2lr10w6dr2w3lr2~x2	4
s11/lr64db18lb2db3lr2db3t14b8k2b4lr2~x2~lb3005267-b2409265	4
s11/ly10k2g3k2g40k2g3dr25g6ly10k1~x2	4
s11/ly15g6ly1r1ly1g6ly15dy2ly1dy6w1~x4	4
s11/ly16k2ly2k2ly2db32r3db32ly16k2ly2~x2	4
s11/ly1g1db2r2g2r12lb2g1r2g1ly1~x4	4
s11/ly1t6g2lb1k8lb1g2lb9k1lb4lyi1~x4~ly2503076-lyi3104101	4
s11/ly24k7db1k1w1k1dy4dr3k1dr2ly1~x4	4
s11/ly24k7db1k1w1k1dy4dr3k1dr2ly1~x4~ly2503076	4
s11/ly2db10dr3ly2w3ly2db3dr3db3w3ly2~x4	4
s11/ly2db6r5db18g18lg6g6r28w1g3ly2~x2	4
s11/ly2o2n2g2o6g3o3n3g2o2ly2~x2~o2500000-n1900000	4
s11/ly30r2ly2k5ly3y2ly3y22ly3k2ly3~x2~ly3307090-y2203076	4
s11/ly32n4dr2k8dr3w2dr3k8dr2n4dr30~x2	4
s11/ly35w4ly3y7ly3w4ly7do15n4w36n5~x2	4
s11/ly3g3dr2g16k2db24k2g16dr2g3lb3~x2	4
s11/ly40k5g48k5dr20k5lb14k10w4dr28lb10	4
s11/ly42dy10b2dy2w2dy2ly10w6dy2w3ly2~x2	4
s11/ly4db7ly4k26g3k1g3w9r2w4r2~x2	4
s11/ly4do37db17do4db8do6r2do5db2do3ly4	4
s11/ly5n2y8n1y8n4y4n6y18lb1ly5~x2~n1900000-y2200000	4
s11/ly9k8ly30k4lb8k4db24k54dr14k4lr8~lb3103284-lr2800000	4
s11/mi18w2mi2lb3mi2w2mi4k10m2w25k3~x2~mi2307344-m1907344	4
s11/n12g3dt36k12dt8k8dt16k2dt18k4n10~dt1600000	4
s11/n12k2n12y2k12w1k12y2r12k2r12~x2	4
s11/n12lb3do36k12do8k8do16k2do16k4n10~do1400000	4
s11/n12r3ni36k10ni8k8ni16k2ni16k4n10~n1800000-ni1900000	4
s11/n14k2db3k1lo2k1db3k14db3k1lb1~x2	4
s11/n14k2db3k1y2k1db3k14db3k1w1~x2	4
s11/n19do2k3o1k1w1k1do6n3k1n6~x4	4
s11/n1lb1n6k6lb1k6lb1n2lb1n3lb1~x2	4
s11/n1r1n3ly1n1do8y7g1n1lb1w1~x2	4
s11/n1r1n3ly1n1dy8y7g1n1lb1w1~x4	4
s11/n1r1n3o1n1do8y7g1n1lb1w1~x2	4
s11/n1w1n6k6w1k6w1n1w1n3w1~x2	4
s11/n26k6dy32dg14dy11k19w2ly16dg11n19k2	4
s11/n26k6ly32g14dy11k19w2dy16g11n19k2	4
s11/n2db16lb2db3lb2db3lb8g30db3y2r2~x2	4
s11/n2dr2k37dr3ri2dr3r1ri4dr4k19ri1~x2~dr1302028-ri1606028	4
s11/n2k1ly14n6ly2k10n2ly6n28k1ly2~x2	4
s11/n2k2n2k2w1o1w1o1w1o1r2~x8~n1900000-o2500000	4
s11/n2y2n1y2n1lb15n4r1y2b7y1~x4~n1700000-lb3200000	4
s11/n2y2n1y2n1lb15n4r1y2dg7y1~x4	4
s11/n30db6o1w2o6w2o1db6n30lb1dp3~x2	4
s11/n36dr10ly2dr5g2dr5ly10n5ly2n10w2~x2	4
s11/n38dr4n8ly2n4b3n18r7n2r4o2~x2~n2002277-dr1404346-ly3608101-r2008029	4
s11/n3w1n1w1n2w3n14db2n2db32r2~x2	4
s11/n43dbi2n2r1n1db11n2dbi2n22w4n7~x2~n2001240-dbi1406275-db1404245	4
s11/n45k10y2k2w2k2r10n5k1n5w1~x2	4
s11/n49db15k1n18k4r8g7k5g5n19k5~x2	4
s11/n4dp3n13dg8r12g4r12n4r5w4r4~x2~n2203265-dp1502305	4
s11/n4dt3n7db9ni13r2n13dt9n7db3ni4~x2~n1700000-ni1803246	4
s11/n53y6k10w3k3y4k10r8k3r6w3	4
s11/n5w2g30db6g4db3g4db24g4dy5r3~x2	4
s11/n6dr2r15n15k2n15dr2r6dr2n8w2~x2	4
s11/n6k1n2k2n1k4db10dy4dp1dy3lb1~x4	4
s11/n6r2ri15n15k2n15r2ri6r2n8w2~x2~r1506019-ri2806019	4
s11/n8k40dy2n2w2n2k9w5n2w5k2~x2	4
s11/n9db4n2db4n2db15n9db4r18k9y2~x2	4
s11/o10lb2g3lb2do24lb4do4o34do2lb3do2~x2	4
s11/o16db8n2o2db2o2r1g4dg4o4w2~x4	4
s11/o20dp2o2dp2o3dp8dg9g8r8dg1b2~x2~dp0904331-dg1104144	4
s11/o2dg3dy18o2dy2o21g2dg2g2dg24lo2~x2	4
s11/o2dy2k37dy3dr2dy3r1dr4dy4k19dr1~x2~o2500000	4
s11/o35w4o3y7o3w4o7do15n4w36n5~x2	4
s11/o3dp5r2dp9g8dg2g4dg2n8db28o2~x2~o2500000-n1900000	4
s11/o40dt10y2dt2w2dt3g8o6dt2o4w2~x2	4
s11/o40dt10y2dt2w2dt3r8o6dt2o4w2~x2	4
s11/o40lb3o8r2o2w2o10lb6do2lb2w2~x2	4
s11/o55g6yi3lb3yi3lb3yi10y5yi5lr2yi3~x2~o2500000-g1904115-yi2303114-y2200000	4
s11/o5k3w2r20db10g2w1r1g20k4o3~x2	4
s11/o6k2g2k4r3k2r3k4g2o24y2~x2	4
s11/o6k3dg3k6dr2k2dr2k6dg3o14dy2~x2	4
s11/r10dg3y3w1k2w1y3dg12w2r3w1~x4	4
s11/r10do10r4dg2r2do2r4dg12db12dg3db4~x2	4
s11/r10g2r20g16dbi3g16r3db8r20g2r10~x2~dbi1406275-db1004274	4
s11/r10k10r4g2r2k2r4g12db12g3db4~x2	4
s11/r10k3g2w2k22db4k22r4g4r14w3~x2	4
s11/r12k4g2w2k21db3k22r4g4r15w3~x2	4
s11/r15dp3dy2do2dy3r3y3dy3b3r4b2~x2~dp1607335-dy1103057	4
s11/r15o3dy2do2dy3r3ly3dy3g3r4g2~x2~dy1503057-ly2806085	4
s11/r16k4r2k4r2k8r8g8k1db16w4~x2	4
s11/r16k6r14g22k16db16w10r6w45k4r4	4
s11/r1db1r8w1k2db16k2w1g8db1g1~x2	4
s11/r1dy3g2dy3r1g24r1dy3g2dy3r1~x2	4
s11/r1dy8ly2dy2db6w1db6dy2ly2dy8b1~x4	4
s11/r1g8db2g2db6g1db6g2db2g8y1~x4	4
s11/r1k2w8k2r1k2db8k2r1k2y1~x4	4
s11/r1k6g1k1g6k1g6db1g1db6r1~x4	4
s11/r1k6g1k1g8k1g8db1g1db6r1~x2	4
s11/r1k6g1k1g8k1g8db1g1db6r1~x4	4
s11/r1ly8dy2ly2db6w1db6ly2dy2ly8o1~x4	4
s11/r1o3g2o3r1g24r1o3g2o3r1~x2	4
s11/r1w8g2ly2db6w1db6ly2g2w8o1~x4	4
s11/r20w3r3lb4r3w3r5k10dp3w35k3~x2	4
s11/r22w1y7w1g21w1db12w1dr1w1r8~x2	4
s11/r23w2r3b4r3w2r5k11ri2w23k3~x2~r2109032-ri2406019	4
s11/r25k4r2k3dy2k2db3r2k3db2k2~x2	4
s11/r25k4r2k3y2k2db3r2k3db2k2~x2	4
s11/r27w2r3b4r3w2r5k13ri2w26dg3~x2~r2109032-ri2806019	4
s11/r28g64r20db48r60t1r8t1r60db48r10~x2	4
s11/r2db10k10g10w1k4w1g10k10db10r1~x4	4
s11/r2db2k3y3r3k3dy10k12dr3r16w1~x2	4
s11/r2db8k1g2k1g4k1g2k1db8y2~x2	4
s11/r2dg3dy18r2dy2r21g6dg2g2dg24lo2~x2~dy1502083-lo2706076	4
s11/r2dp1lb13n13dp4n4dp4n4lb13dp1w2~x2	4
s11/r2dp3dg2r15dp3g19dp20r15dp3dg2r2~x2	4
s11/r2dp3ri2r15dp2dg20dp20r15dp3ri2r2~x2~r2109032-ri2406019	4
s11/r2dp3ri2r15dp2g20dp20r15dp3ri2r2~x2~r2109032-ri2406019	4
s11/r2dp3ri2r15dp3g19dp20r15dp3ri2r2~x2~r2109032-ri2406019	4
s11/r2k1db30k6g12ly1db2ly1g12k3w1~x2	4
s11/r2k1db30k6g12y1db2y1g12k3w1~x2	4
s11/r2k1db8k7g8y2g8k7db8k1b2~x4~db1108266-b1511266	4
s11/r2k1db8k7g8y2g8k7db8k1t2~x4	4
s11/r2k20r5k4dg4k4r5k2r14k2y2~x2	4
s11/r2k3db30k2db4k2db30k36dr30k2lb2	4
s11/r2k6db4w2k14w1db4w16db2w6r2~x2	4
s11/r2k8y2k7y1k1w3k2g9db8r2~x2	4
s11/r2lb2r1lb24o1n3k3lb3o12lb4r1~x2~o2500000-n1900000	4
s11/r2ly2r2ly2g5o5g11n11g5o11ly2~x2~o2500000-n1900000	4
s11/r2w1g18db12g1db3w1r2w1db2g2~x2	4
s11/r2w1g18k12g1k3w1r2w1k2g2~x2	4
s11/r2w28db4w2k6w2g7r4k1r2w1~x2	4
s11/r2w6db2w16db3w1k16w1db2k4r2~x2	4
s11/r2y2dg24lt10dy6lt2dy6lt1dy71dg2g2~x2~dg1806142-lt3305186-g2504187	4
s11/r2y2r2y2g5lb5g11n11g5lb11y2~x2	4
s11/r30w4y2w4db16dg8dp3dg8k10r3k4~x2	4
s11/r30y30db5w5g5k5g3db3k3w3y3~x2	4
s11/r35db2dg16r2dg16w2r17b4k6r3db2~x2~r2108029	4
s11/r3b14k12db40k12b2k2b2k2b7r3~x2	4
s11/r3b16k12db34k12b2k2b2k2b7r3~x2	4
s11/r3db14k12dbi40k12db2k2db2k2db7r3~x2~db0906265-dbi1605267	4
s11/r3db16k12dbi34k12db2k2db2k2db7r3~x2~db0906265-dbi1605267	4
s11/r3db16k12t34k12db2k2db2k2db7r3~x2	4
s11/r3db1r1db2r12lb1r1k4w1g6r1~x4	4
s11/r3db1r1g21r3db18r35db1y1r4g1	4
s11/r3db6g5db1g1db3y6w6y2w6r2~x2	4
s11/r3dbi12k12db32k12dbi2k2dbi2k2dbi4r3~dbi1204274-db1106275	4
s11/r3dg28g19dg3db19dg3db19dg3g19dg28w3~x2	4
s11/r3dy18g10dy2db10dy2db10dy2g10dy18w3~x2	4
s11/r3g22r3g4r5g4r5g4r5g2w2~x2	4
s11/r3g24k4y2k3db2k6r4k2r3w2~x2	4
s11/r3g2k1g2db26k12db4g15k1db1y3~x2	4
s11/r3k15r2k2r6n16k3n2k3n9w2~x2	4
s11/r3k1g12k12db12lb3db12k12g12k1y3~x2	4
s11/r3k1g12k12dbi12db3dbi12k12g12k1y3~x2~dbi1406275-db1204274	4
s11/r3k1g12k12dbi12db3dbi12k12g12k1y3~x2~dbi1604274-db0805267	4
s11/r3k1g12k12dbi12db3dbi12k12g12k1y3~x2~dbi1605267-db0804274	4
s11/r3k2g18k18db3k3db3k3db18dy2w3~x2	4
s11/r3k2g18k18db3k3db3k3db18y2w3~x2	4
s11/r3o18g10o2db10o2db10o2g10o18w3~x2	4
s11/r3w28k2w2k2w2g12r8k1r1w1~x2	4
s11/r3w2db2lo1db39lo1db1ly2db1y15db1~x2	4
s11/r3w2db2ly1db39ly1db1g2db1lyi15db1~x2~ly2705081-lyi3104101	4
s11/r3w2r3dg14w3r3dg2r3w3db47w2~x2	4
s11/r3y1dp1r20dr2dp9dr2g20dp1y1g3~x2	4
s11/r40dg2r2dp2r2g2r2dr5dg20y2dp20~x2	4
s11/r40k5dr4w2dr8n2db3ly1k30dr3w1~x2	4
s11/r44db3k6ly2k2ly2k10r5k2r3w2~x2	4
s11/r44db3k6o2k2o2k10r5k2r3w2~x2	4
s11/r44lb3k22r5k2r3w2~x2	4
s11/r45k3y4k3r45k1dp2k1r2g8r2~x2	4
s11/r48db12r5g21r8db1r8g21r5db12r24~x4	4
s11/r48k10db12k2r3k2db12k10n10k2y3~x2	4
s11/r48k1w1k6ly4r2ly4k8r2k1w2~x2	4
s11/r48lb8k10y2k3w2g25r10k3r3w2~x2	4
s11/r4do15g11do3lb11do3lb11do3g11do15t4~x2	4
s11/r4g5w2g5r4g14r10w30k1r2g4~x2	4
s11/r4g64y4g4k6db4y4db56w4db4w1	4
s11/r4k1db8k1r2k44g8k1y2k1g4~x2	4
s11/r4k2g25k2lb10k2g4k2db25k2y4~x2	4
s11/r4k4r32g4w3g4k13g3db18r2y3~x2	4
s11/r4w4r5t4r12dg4r12g8t13db3t4~x2	4
s11/r4y34do20y4do8y6ri2y5do2y3r4~r1706009-ri2109032	4
s11/r50ly3r4ly4b1ly1b1ly7dg7ly1dg3~x4	4
s11/r52k2r5g3r5k5r5ly3r5k2r52~x2	4
s11/r52k2r5y3r5k5r5g3r5k2r52~x2	4
s11/r52y2r1y2lb8db4g18r11w2db5lb8~x2	4
s11/r5dp2r2g42r5dp36r70dp2y2r7g2~x2	4
s11/r5dr2r2g42r5dr36r70dr2y2r7g2	4
s11/r5dr2r2g42r5dr36r70dr2y2r7g2~x2	4
s11/r5dt5r5dt5r5dt14k16dti14r3k3dy3~x2~dt0900000-dti1102249	4
s11/r5g9y2g9r5db9r28g3lb2r4db2~x2	4
s11/r5k1w3k6n5k2ly3k45n4k2ly3~x2	4
s11/r5k1w3k6n5k2y3k45n4k2y3~x2	4
s11/r5k2r2g42r5k36r70k2y2r7g2	4
s11/r5k5r2k1r1k1r2k5r5k1r2~x4	4
s11/r64db18r2db3r2db3r14lb8r2lb4r2~x2	4
s11/r64lb12k16y2k4w3dg32r8k4r3w2~x2	4
s11/r6db1r1g28r4db8w1r32g1r4g2~x2	4
s11/r6db3r2db2r2db16k12dg16r1k1y2~x2	4
s11/r6db3r2db2r2db16k12g16r1g1y2~x2	4
s11/r6db3r2db2r2db16k12g16r1k1y2~x2	4
s11/r6db3y3o32db24g32y3g3y3g3y6	4
s11/r6db6r3db3r3db28k21g28r21k2y4	4
s11/r6dbi24r3db12r7db12k3g8y3g8k3~dbi1605267-db1003265	4
s11/r6dg8y2dg8r6db8r29dg3lb2r5db3~x2	4
s11/r6g22dg8g4dg12g2dg18db8lb12db35ly4	4
s11/r6g2r2g21k2w4k2db23y2db2y6~x2	4
s11/r6n2r2n23k2r4k2lb21r2lb2w6~x2	4
s11/r6t24r2db12r8db12y3g8y3g8db3~x2	4
s11/r7k6r62k15r20n15dy10k16db10k3w6	4
s11/r7k6r62k15r20n15ly10k16db10k3w6	4
s11/r8db1r31dg2k8ly1k2w1db10k6w2~x2~k0700000	4
s11/r8g2r6db1r2db1r8g12r14db1r2~x2	4
s11/r8g2r8k8db1k3r2g15r8k2r6~x4	4
s11/r8lb7k8y2k1b1g19k1r8lb3r8~x2	4
s11/r8w46db4w4db4w5g7w7g7w4db2~x2	4
s11/r90k6r6k6r90g6r6g45r6k4r3	4
s11/r96g24r10g12k1w4k1g12r10g24r48~x2	4
s11/r9db1r2db3r28k12lb1r6lb1db6ri1~x2~r1807033-ri2109032	4
s11/r9g4r6k2r4k2r8g14r24k2r4~x2	4
s11/r9k3r9k2b4k4dp4k3dp2k32g6~x2	4
s11/r9k3r9k2t4k4dp4k3dp2k32g6~x2	4
s11/r9k4w6k4db21ly3db13k2w4k2r6~x2	4
s11/r9k4w6k4db21y3db13k2w4k2r6~x2	4
s11/ri16r3k12dy10k3ri3y3k3db2ri2w1~x2~ri2109032-r1807008	4
s11/ri2k3db30k2db4k2db30k36r30k2lb2~ri2109032-r1706009	4
s11/ri3y1dp1ri20r2dp9r2g20dp1y1g3~x2~ri2108022-r1807033	4
s11/ri4g8k6r8ri6g2ri2g2ri24g1ri3~x2~ri2008029-r1707016	4
s11/ri4g8k6r8ri6g2ri2g2ri24g1ri3~x2~ri2209032-r1707016	4
s11/ri6db3y3r26db20dg26o3dg4o3dg4o6~ri1707016-r1506028	4
s11/rii8ri8r8y3db1g1rii8r8y3db1g1~x2~rii2307033-ri1807033-r1807008	4
s11/t14db4g2db2dg3db2t17db31t1db1w2~x2~g2203152-dg1806142	4
s11/t15k3t19w3t5y5r3y5lb3y5k3~x2	4
s11/t22k4t4k4t4k22g22r5g6k2y3~x2	4
s11/t24k6r6y12g6t6g6t12y1k1r2~x2	4
s11/t27w2t15ly1t1ly1t15k2w2g16r1~x2	4
s11/t2w20r1y2dg8g4dg2g2dg2t20w2~x2	4
s11/t30r6dy16lp6g10lp14g24y4dy10lp3dy28	4
s11/t31db4lb4t20db8y16o8t14lb4db4ly4	4
s11/t3k2t2ti8db20r4g16ti4t2k2t3~t2304245-ti2607245	4
s11/t42db10lo2db2lb2db2t10lb6db2lb3t2~x2	4
s11/t45dy6t3dy6lb3dp5lb3dp5lb20t2lb3~x2	4
s11/t46ly1dy5ly1g5ly1dp5ly1t16r1ly4~x2~ly3307090-dy1603076	4
s11/t49db11w2db2r2db2t10lb4db2lb2y3~x2~t2203246-db1404245	4
s11/t5w4k4w4k4w4k4w4k4w4k4~x2	4
s11/t6k1ly6k1t28w1k2w1t16w1r5~x2	4
s11/t6k3db19k6db4k3dp12g4dp12w2t5~x2~t2205244-db1204274	4
s11/t6k4t10w2db10g4db6g9r2g4dy2~x4	4
s11/t6k4t10w2db10g4db6g9r2g4dy2~x4~db1106275-g2203152	4
s11/t79n2t10n5w2n5t10w2dg8g6w2~x2~g2004173	4
s11/t9db2lb2t10db4y8r4t7lb2db2y2~x4	4
s11/w102dp20w4dp4w4dp4dg20r18dp3r10w4	4
s11/w16dy2w2dy2w2dy32g3dy32w16dy2w2~x2	4
s11/w16n2w2n2w2n32r3n32w16n2w2~x2	4
s11/w1db4dy8r4w1r4w1r4g16db2w1~x2	4
s11/w1db4o8r4w1r4w1r4g16db2w1~x2	4
s11/w1lb3db2dr18r2g16r2dr2r2lb3w1~x2	4
s11/w20k6w9k6w6k12w6k48w8k16w16	4
s11/w20k6w9k6w6k12w6k48w8k16w16~x2	4
s11/w20ly4w12dp2w4lb3w4t28w2t4lb2~x2	4
s11/w21n4r1lb1w1n1lb4y3n1y1w1~x4	4
s11/w24db2k2ly1k1w1dg6n4dg1n1w1~x4~dg1806142-n1805302	4
s11/w26lb9k2lb2w2lb2lr11lb8ly2lr2dr2~x2	4
s11/w26lb9k2lb2w2lb2n11lb8y2n2r2~x2	4
s11/w2db12k12g12k5ly1k5g12k12db12w1~x4	4
s11/w2db3lb3db13k13db4r2db4g12b3r1~x2	4
s11/w2db3lb3db13k13db4r2db4g12lp3r1~x2	4
s11/w2k2n4w4n5ly4n3ly50w2r2w2~x2	4
s11/w2k2w2k10lb1dg40w1r4w1dg5ri1~x2~r2209032-ri2806019	4
s11/w2k35db30k3dr30k2dr4k2dr30k3w2	4
s11/w2k35db30k3r30k2r4k2r30k3w2	4
s11/w2k35dg30k3lo30k2lo4k2lo30k3w2	4
s11/w2lb7w2lb3w2k15w2k15lb15w2lb2~x2	4
s11/w2r16k1lb2k1y43k1lb2k1g16lb1~x2	4
s11/w2r16k1lb2k1y4k1lb2k1g16lb1~x2	4
s11/w2r16k1lb2k1y4k1lb2k1g16lb1~x4	4
s11/w2r4g8r16lb2r3g16r4lb2r4w2~x2	4
s11/w30n5k6n2k2w2k13n5k2n2w2~x2	4
s11/w32dr9ly1dr2w1dr2r7o4dr1o2w1~x4	4
s11/w32ri9ly1ri2w1ri2r7o4ri1o2w1~x4~ri1606028-r1406028-o2304058	4
s11/w36g6dr2g3w2g3dy6b4g2b2w2~x2	4
s11/w38g10r2g3w2g3gi8lr3g2lr3w2~x2~g2001180-gi2104144	4
s11/w38k10do2k3w2k3g8o3k2o3w2~x2	4
s11/w3db15r6db3r3db4dg11g3dg3g28lo3~x2	4
s11/w3db5dbi2db9n10lb2n4lb2g10r33w2~x2~db1204274-dbi1406275	4
s11/w3db5lb2db9dp10k2dp5k2dg8g29w2~x2	4
s11/w3db5lt2db9dp10k2dp5k5dg9g31w2~x2	4
s11/w3db5t2db9dp10k2dp4k2dg10g33w2~x2~dg1806142-g2203152	4
s11/w3dbi1g18r3lb4r3db4dbi3db2dbi24ri1~x2~dbi1406275-r2108022-db1204274-ri2109032	4
s11/w3dbi3w1db44n1db2n1dr4n1db5ly2~x2~dbi1409278-db1404245	4
s11/w3dbi3w1db44o1db2o1dr4o1db5ly2~x2~dbi1409278-db1404245-o2500000	4
s11/w3dr30dg3db3dr3dy3db8lb3dy3db3w3~x2	4
s11/w3dy30dg3db3dr3dy3db8lb3dy3db3w3~x2	4
s11/w3g28dg3g3dg11db4r3db3r6db15wi3~x2~w3502055-wi4000000	4
s11/w3k1r25k2dy2g25dy2y2dy10k1r2~x2	4
s11/w3n30dg3db3dr3dy3db8n3dy3db3w3~x2	4
s11/w46g5w1k3w1k5g4r6g2r4w2~x2	4
s11/w4db20g5k6g2w3g2k6g13dp8g2~x2	4
s11/w4db5r3db22dy4k3g17r7k2r7dy2~x2	4
s11/w4db5r3db22ly4k3g17r7k2r7ly2~x2	4
s11/w4db5r3db22y4k3g17r7k2r7y2~x2	4
s11/w4db8dr3db25k13b4lb29db3lb8db2dr3~x2	4
s11/w4dbi8dr3dbi25k13db4lb29dbi3lb8dbi2dr3~x2~dbi1406275-db1106275	4
s11/w4dp40g2dp2g2dp2g2dp3g16db15m3~x2	4
s11/w4k1db16k1g12y12lb24lo2lb1lo4lb2~x2	4
s11/w4k1db16k1g32dr6k6lo6g4lo2g1~x2	4
s11/w4k2n12dr3k3dr3k23n10k2n6k2~x2	4
s11/w4k2o12dr3k3dr3k23o10k2o6k2~x2~o2500000	4
s11/w4lb1y2lb13ri1k13dy1k1g1k1r2~x4~ri2406019-r2109032	4
s11/w4lb5lo3lb22dy4k3g16lo7k2lo7dy2~x2	4
s11/w4r8k7w3r4k5w2k4r6k2r2~x2	4
s11/w50db14g2db2w2db2n10t6k2t3w2~x2	4
s11/w50dbi3w8dbi8db12r4db12g16dg12n4w4~dbi1406275-db1204274	4
s11/w50lb3w8lb8db12r4db12g16dg12n4w4	4
s11/w5g2w5db5r2db5g11y2g11db5r2~x4	4
s11/w5k2db14k4dr8k4db4k80dr6k4dr4	4
s11/w5k4db2k5ly2r2ly2k30y3w7k4~x2~ly3307090-y2505139	4
s11/w60dt24n3dt5w3dt5o16n8k3n6w4	4
s11/w60o3w3o8w3o3dg24n12o3n16o4	4
s11/w68lb3w3lb8w3lb3o24n16r3n20lb3~x2	4
s11/w6db1g35r6bi8r6b8db5b4db48ri2~x2~g2204202-r2008022-bi2505279-ri2008029	4
s11/w6k1g28k24dp25g3dp3g3dp3g4dp3~x2	4
s11/w6k6w2k1w1k1w2k6w6k1w2~x2	4
s11/w6y2w2y3w11g11db2k12db3k6w2~x2	4
s11/w6y2w2y3w11g11t2k12t3k6w2~x2	4
s11/w72db20y2db3w2db3n16dy6db2dy5w2~x2	4
s11/w72db20y2db3w2db3n16o6db2o5w2~x2	4
s11/w72yi20y2db3w2yi3n16dy6yi2dy5w2~x2~yi2402194-db1204274	4
s11/w7db10k7db7lb7db45k21g21lb4k4w7~x2	4
s11/w7k11lb3db9g19y3k22db9lb3k3db6~x2	4
s11/w9dg2g2w3g18w2k2w1k19dg33lo2~x2	4
s11/w9k2db9k1lb9w12ly2w12lb24w9lb9~x2	4
s11/y1db8g1db1g8k1w8lb1w1lb8y1~x4	4
s11/y1db8g2db2g6db1g6db2g2db8w1~x4	4
s11/y1k1db2w1y1t3r31k2y5k2t1~x2~db1204274-t2205244	4
s11/y1r13db6dp7g2dp7g2dp7db6r13lb1~x2	4
s11/y1r4g1r1g3r1g3r1g1r4w1~x2	4
s11/y1r8g2r2g6r1g6r2g2r8w1~x2	4
s11/y1r8g2r2g6r1g6r2g2r8w1~x4	4
s11/y20k2y3k2y4k9r18k2r5k2r9~x2	4
s11/y24k8r4k6g76k8w14g4k9g12dy10	4
s11/y24k8r4k6g76k8w14g4k9g12ly10	4
s11/y2b16g2b2g16dp2w15lb2w2lb16y2~x2	4
s11/y2db10k2r5k2db19k2db19g17k2y2~x2	4
s11/y2db26lb3db3r1db3lb7db6lb15w1lb2~x2	4
s11/y2db3y2db22lb8r1lb3r1lb22k1w2~x2	4
s11/y2dg4db1dr3db3dg3g1dr32db14w3y2~x2	4
s11/y2k1g36k1r2k1r2k1g36k1lb2~x2	4
s11/y2k2r2db10r1k9w9r2w2r1w2~x2	4
s11/y2k3y2k22lb8r1lb3r1lb22k1w2~x2	4
s11/y30dg5g3r1g3k1g3r1g3db1lo1~x4	4
s11/y30k2y15r15w2r15db15dg15db4dg15db15~x2	4
s11/y30r2y2k5y3dy2y3dy22y3k2y3~x2	4
s11/y30r2y2k5y3o2y3o22y3k2y3~x2	4
s11/y3db5dg2db2dg2w1dg4ly12r2lb2k2~x4	4
s11/y3dg14g9db4g8w2g12r12g2r5w2~x2~dg1806142-g2203152	4
s11/y3dg3k4dg14k4dg3k14db18lo1db4lo2~x2	4
s11/y3dp4r12dp27y2r65y2dp27r12dp4y3~x2~dp1502277-r1606028	4
s11/y3dy24db4dy8w2dy2g10r12dyi2r5w2~x2~dy1203057-dyi1502083	4
s11/y3g3r2g16k2db24k2g16r2g3lb3~x2	4
s11/y3k2y2k2y2k28lb32y2lb3y2lb3~x2	4
s11/y3o24db4o8w2o2g10r12oi2r5w2~x2~o1604043-oi2102055	4
s11/y40dt10o2dt2w2dt3g8y6dt2y4w2~x2	4
s11/y40k5g48k5dr20k5n14k10w4dr28n10	4
s11/y4db5lb2db30k1db4k4db1k15r6w3~x2	4
s11/y4db7y4db26g3k1g3w9r2w4r2~x2	4
s11/y4k1r12db3r3db16r3db3r12k1w4~x2	4
s11/y4k3w2db7r7k4r5db4r30w2db3~x2	4
s11/y4lb1y2lb20y2r8y2lb20db16k1w4~x2	4
s11/y4r23db3r3db16lb15b27lb8b5lb13w4~db1108266-b1511266	4
s11/y5lb36n5lb5n56k5n8k5n5k34y5	4
s11/y6db8dr24db54y4dr130y4db54dr24db8y3	4
s11/y6lb1n18k6n4k4n8k1n8k2y5~x2~y2400000-n1700000	4
s11/y6ly48db8ly16w4ly3g19r24ly4r9w4	4
s11/y7dg1k1y2k9g22dg7k27db4k3w4~x2~dg1806142-g2408144	4
s11/y7dg1k1y2k9g22dg7k27t4k3w4~x2~dg1806142-g2408144	4
s11/y8k16lb8k52lb6k5w27dr20g14k5lb6	4
s11/y9dy3k4dy4k8dr17k3dr17db8k4w4~x2	4
s11/y9ly3k4ly4k8dr17k3dr17db8k4w4~x2	4
s12/b11lb3b4lbi3b3lbi4b3db13bi34r3bi4b3~x2~lbi3200000-bi2505279	4
s12/b12w4b4k12db12k4db8b12lb12w11r4w8~b1511266-db1108266	4
s12/b13g6y2g3y2g6lb3g2lb3g12r3g6~x2	4
s12/b21lb21o21b2r2lb2y21ri21r21o2ri2y2~x2~r2209032-ri2409032	4
s12/b22g4n24dp6n4w3n4dp6n24g4b22y4~x2	4
s12/b24db4b4db4b4db20dp32n4dp32db35r5db4~b2106246-db1305255	4
s12/b2db18y4k5y1k1w1k2g8k1r3w1~x4	4
s12/b2w1b12db6k3dg1w1dg4w2k1w1r1~x4	4
s12/b39oi4o6oii2o2w2o2oi12b6o2b6oii2~x2~oi2102055-o1604043-oii2104058	4
s12/b3g10b2db25dy3n4dy3dg10db3b2n3b1~x2	4
s12/b3r4g3dp3r11g30r3dp7g3b2r4w2~x2	4
s12/b6k1lb20r2g3r2k15r2g3r2k6y3~x2	4
s12/b84dr3k16ly4k4w4k4dg20b8k4b8w4	4
s12/b98n12k16w5k5w5k5n28b16k5b16w6	4
s12/db10dp2db3r4db14r2k14g14r4g3dp2g10~x2	4
s12/db10g1db2g3db16g1k16r16g3r2g1r10~x2	4
s12/db10r1db10r2db10r1g2~x2	4
s12/db10w1g10k40n8k40r10w1k10w1n10w1~x2	4
s12/db11r2db2r4db15r2k15g15r4g2r2g11~x2	4
s12/db12k12g1k12db12g1db12k12g1k12db12k1~x4	4
s12/db12k2db2k2db2k12g12r3g12k12db12r3~x2	4
s12/db12r2db2r5db26r2k29g27r5g2r2g12~x2	4
s12/db12t2dg10db16dg6db2dg2db2dg6r2db5w2~x2~db0906265-t2105244	4
s12/db15dy2db2r2db6dg30db6r2db2dy2db15w2~x2~db1204274-dg1605139	4
s12/db15g2db2w1db1w1db1w1db2g2db15dr10~x4	4
s12/db15lb11lbi2lb1lbi1g4lbi1lb1lbi2lb11db15g5~x4~lb3103284-lbi3200000	4
s12/db16dp2db2dp2db2dp8dg8dy8r8k1w1r2~x2~db1406275-k0700000	4
s12/db16g1db1g1db1k12g1db1g1db1g6dp2~x4	4
s12/db16r1db1r1g12r16g2r16g12db12r1db1	4
s12/db16r1db1r1g12r16g2r16g12db12r1db1~x2	4
s12/db16r1db1r1g12r16w2r16g12db12r1db1~x2	4
s12/db16r2db2r2g14r13w2r13g14db14r2db2~x2	4
s12/db16r2db2r5db29r2k31g29r5g2r2g16~x2	4
s12/db16r4db6r10db30r4k30w34r9w6r4w16	4
s12/db17dp4db2k11g33y4g33k11db2dp4db17lb6~x2	4
s12/db17dr6y2dr6k2w2k2w10k1w2k1y3~x2	4
s12/db17r2db2r5db29r2k31g29r5g2r2g17~x2	4
s12/db17r2db2r6db32r2k34g32r6g2r2g17~x2	4
s12/db17r42db2r5db29r2k31w29r5w2r2w17	4
s12/db18k3db5k3db18dg6k5dg6o12r5o12r3~x2~o2504058	4
s12/db20g3dy3db3r7g6db3k12db3k3db24w3~x2	4
s12/db20k2db4k2db20k17g18dr2g4lb2g18k18~x2	4
s12/db20lb6k8y2k4w4k4db13r7k4r4w2~x2~db0804274	4
s12/db20lb6k8y2k4w4k4g13r7k4r3w2~x2	4
s12/db20r2db2r2dg19r18dg2r18dg19db19r2db2~x2	4
s12/db20r2db2r2g19r18g2r18g19db19r2db2~x2	4
s12/db21dp21y2lo2o2r21lo21y21db2r2dp2o21~x2	4
s12/db21n49db44g5db3dr5db40n34db5n16db5n13	4
s12/db21w2ly3w2ly2w2k12w2g6db15r2lyi4~x2~ly2503076-lyi3407090	4
s12/db21w2ly3w2ly2w2k12w2g6db15r2y4~x2	4
s12/db22g4db4g17dy17g17db4g4db22y8dy8r8~x2	4
s12/db22g4db4g17o17g17db4g4db22y8o8r8~x2	4
s12/db24r7g7r39db4r2db2r5g42r7db6r7~x2	4
s12/db24y4n4dp4db24r4w3k18w9r4k3w2~x2	4
s12/db25g5db2y2k2r3g20r20db2w2k2r2~x2	4
s12/db25k2db2k2db2k21g23r5g23k20db19r5~x2	4
s12/db25r3db3r17w3r6w3r17db3r3db25r3~x2	4
s12/db25w2k2db15ly2db1ly2db15k2w2dg16r1~x2	4
s12/db25w2k2db15y2db1y2db15k2w2g16r1~x2	4
s12/db28r15db27r2db27r3db26n20w3n2w2n4~x2	4
s12/db28r3db3r3g20r30g4r30g20db22r3db3~x2	4
s12/db29dy3k3dy3k3dy3dg28k3dy2k3dr3ly3~x2	4
s12/db2r4k7r8g10k4y2k8db4r4db14r2~x2	4
s12/db2w1db12k1db2k1db4k12g24k1g2r1~x2	4
s12/db30o3db4k2db2w2db2k14o8db2o6w2~x2	4
s12/db30r3k2lb2k2r3db24dr2db2dr2db2dr6~x2	4
s12/db32w3db3y3k3g3k3r10db6k3db3g3~x2	4
s12/db33r8k12dy2k4w4k4g12db8k4db4w2~x2	4
s12/db33r8k12y2k4w4k4g12db8k4db4w2~x2	4
s12/db36dbi3db3dbi33w3dbi5w3dbi33db3dbi3db36dbi3~x2~db1204274-dbi1406275-w3600000	4
s12/db36r4db6g18db15k18w4~x2	4
s12/db36y4k5w1k1w1k2g8r6k1r3w1~x4	4
s12/db36y4k6w1k1w1k1g8r6k1r3w1	4
s12/db36y4k6w1k1w1k1g8r6k1r3w1~x2	4
s12/db36y4k6y1k1w1k1g8r6k1r3w1~x2	4
s12/db37r3k17r3g22k4g22r3k17r3db37w3~x2	4
s12/db3dr2db13k9dy3k2dy14k2dy3k9db15w3~x2	4
s12/db3dr2db13k9ki3k2ki14k2ki3k9db15w3~x2~k0700000-ki0803038	4
s12/db3dy14g2dy2g2dy3g6w18db3dy2db2dy2~x2	4
s12/db3k1db3n3g4r1g4n3db3k1db3dbi2~x8~db1204274-dbi1406275	4
s12/db3o14g2o2g2o3g6w18db3o2db2o2~x2	4
s12/db3o1w1o25w1o1dp3~x4~db1406275-o2500000-dp1607327	4
s12/db3r1dbi12dg2dbi2db4dbi2dg2dbi2dg9db1ly2~x4~db1204274-dbi1406275	4
s12/db3r2db2r35dy2db3k2db5k4g13k1w3~x2	4
s12/db3r2db2r35ly2db3k2db5k4g13k1w3~x2	4
s12/db3w3r3w24y4dy6db3r2db16b12y2db3~x2	4
s12/db3y2t12db14r2db4dy6y4w24r2w2db3~x2~db1003265-t2105244	4
s12/db40y4k3w2k3w2k3g10r6k2r4w2~x2	4
s12/db45t3db3t15db3t3db7w1db7dy1db1dy1~x2	4
s12/db46r3db7do2y2do2w2do11ly6db2ly3w2~x2	4
s12/db46r3db7do2y2do2w2do11o6db2o3w2~x2	4
s12/db4b16o6b16o6b16db8b6db4b16db2o1~x2	4
s12/db4dr16ly6dr16ly6dr16db8dr6db4dr16db2ly1~x2	4
s12/db4dr1k3ly1k1lr1k1dbi8lb12dr1lb2k1~x4~db1106275-dbi1406275	4
s12/db4dr24dg2dr3dg19y2dr2db8dr2dg2w2dr2~x2	4
s12/db4k3g4k1g4k3g4k1g4k3db4k1~x2~db1406275	4
s12/db4lb16db4dr2db2k2db2w5db3y2db2lb2~x2	4
s12/db4lb1db2lb16y2k8y2g16k1db24k1w4~x2	4
s12/db4lb1k3y1k1w1k1g8r12lb1r2k1~x2	4
s12/db4lb1k3y1k1w1k1g8r12lb1r2k1~x4	4
s12/db4lb20k3lb2k3lb20db24k3db2k3db24r4	4
s12/db4lb20k3lb2k3lb20db24k3db2k3db24r4~db0705267	4
s12/db4lo3db24k18dg24t3dg4lo3dg24k18db24t3~x2~db1204274-t2503227	4
s12/db4ly4db26t5db5t8ly10g8dg5g5dg22n3~x2	4
s12/db4r1db12w1r4w1dg4w1dr4dg12db1w2~x2	4
s12/db4r2db25lb7w1db5w2db5w1lb7db26r2~x2	4
s12/db4r2db31k10g4w21g2~x2	4
s12/db4ri1db12w1ri4w1g4w1r4g12db1w2~x2~ri2406019-r1706009	4
s12/db4w1db30k15dp4db2k2db2k10db4dp2db2~x2	4
s12/db4w1k3y1g1w1k1g8r12w1r2k1~x2	4
s12/db4w2db24k3db3k3db8k24g48k3g3r2	4
s12/db4w2db24k3db3k3db8k24g48k3g3r2~x2	4
s12/db4w4db4w4db4w4db16ly2db16r6w3db4~x2	4
s12/db50w4db8y1db8y8g1y8db8w1db8y4~x2	4
s12/db53g10k20y5k5w5k7r18db10k6db6w6	4
s12/db54dy9db16dy2dp3w3dp3dr27db13dy3g5w2~x2	4
s12/db54ly9db16ly2dp3w3dp3dr27db13ly3g5w2~x2	4
s12/db54y9db16y2dp3w3dp3r27db13y3g5w2	4
s12/db56dr1g4dr1g3dr1db10g1dr10db2dr3lb2~x4	4
s12/db56ly2dg19ly1dg2ly1db2~x2	4
s12/db57lb3k9ly2k2w3k2g10db6k2db2r3~x2~lb3501240-ly3307090	4
s12/db57lb3k9y2k2w3k2g10db6k2db2r3~x2	4
s12/db5dg2db2dg2db2dbi5dg2dbi1lb1dbi1dg10dr3~x4~db1204274-dbi1404245	4
s12/db5dg2db2dg2db2dbi5dg2dbi1lb1dbi1dg10r3~x4~db1204274-dbi1404245	4
s12/db5dr10ly4dr10ly4dr10db5w4db3w10db1ly1~x2	4
s12/db5dr10y4dr10y4dr10db5w4db3w10db1y1~x2	4
s12/db5g9r3db18dr80y3dr40db18r3g9db5w2~x2	4
s12/db5k1db1k1db1k4g5y1g5k4db6k1~x4	4
s12/db5k2db2k2db2dbi5k2dbi1n1dbi1k10db3~x4~db1204274-dbi1404245	4
s12/db5lb2w1lb2k32db3k4db29k2dbi1k3db3~x2~db1404245-dbi1406275	4
s12/db5r2db2r2db2dbi5r2dbi1lb1dbi1r10dr3~x4~db1204274-r1706009-dbi1404245	4
s12/db5r2ly7r2db42g28k5db10k15g5w3r3	4
s12/db5r2y7r2db42g28k5db10k15g5w3r3	4
s12/db68lb4dr10ly2dr3w3dr3g11db8dr3db3w3~x2~db1404245-lb3203246-ly3307090-w4000000	4
s12/db68lb4dr10y2dr3w3dr3g11db8dr3db3w3~x2	4
s12/db68o5k9o3k3lb3k3n20db9k3db5lb4	4
s12/db6g2dg4db12r3lr2r8lr3dg6lr3dg6lr3~x2~g2304202-dg1806142	4
s12/db6g3db24k2db4k16db5g2db23g2k2y2~x2	4
s12/db6k20dr3k20y1db2y1k25y1dr2y1dbi6~x2~db1404245-dbi1406275	4
s12/db6lb2db20k15g20y2g6lb2g20k15db20y4~x2	4
s12/db6n3k4dy3k3n3k3dg14lb28n3lb3k2~x2	4
s12/db6r2db2r4db24g11r4g2r2g3k1y2~x2	4
s12/db6r3g1r3g12r3g1~x4~db1204274	4
s12/db6w2k2r6dy2g12r6lb3k3lb3r28dy4~x2	4
s12/db6y2db15g12dg39w3dg39g12db15y2db6r3~x2~dg1605139	4
s12/db76dp6k6db24g17k4r10k4g17db4k2w6	4
s12/db76w3r4w3g4w3dg8db19lb20db3lb8w10	4
s12/db76w3r4w3g4w3dg8db20lt20db3lt8w10	4
s12/db7lb1db1r2db9r1k9g13dp2g18r1g6~x2	4
s12/db7w2g3db18y2k15y2g17r5g3r2g7~x2	4
s12/db7w3db2w6db16lb26dr4~x2~db1404245	4
s12/db7w3g3db18ly3k15ly3g17dr6g3dr2g7~x2	4
s12/db80r56dg3r56dg88r64db3r4dg3r4db3r64	4
s12/db8g2k2ly2k2y2k2g18r2g2r29k3~x2	4
s12/db8g8k1r1ly1db2g2k1r1ly1db8g8~x4	4
s12/db8o27y2r3y2o27db22k2db4k2db4k4~x2	4
s12/db8r1db2r3db12r1k12g12r3g2r1g8	4
s12/db8r1db2r3db12r1k12g12r3g2r1g8~x2	4
s12/db8r2db2r3db12r2k12g12r3g2r2g8	4
s12/db8r2db2r4db10r2k11g10r4g2r2g8~x2	4
s12/db8r8db42k4db4k4db4k20g4k10g25w8	4
s12/db92k14db18dbi5db5dbi5db5dg32b16k5b7y8~db0805267-dbi1604274	4
s12/db92k14db18t5db5t5db5g32dp16k5dp7y8	4
s12/db92k14db18t5db5t5db5g32dp16k5dp7y8~db1406275-dp1607327	4
s12/db9k16db9r7db4r9w2r2lb2r9db4r7~x2	4
s12/db9k2db4k2dr6ly3dy2db2dr11dy23lb1k8~x2	4
s12/db9k7n5r1n5k1n2~x4	4
s12/db9k9g9w2g9k9g9w2g9k9db9k3~x2~db1406275-w4000000	4
s12/db9n3db2lr2db9n6db3lr3db3g18dg8r2~x2	4
s12/db9n3db2w2db9n6db3w3db3g18dg8r2~x2	4
s12/db9n3db2w2db9n6db3w3db3g18dg8r2~x2~db1706275-g1903114	4
s12/db9r3db3r5db16r2k17g16r5g3y1g9~x2	4
s12/db9y4db4lb41db4r4lb4r15lb4r4db41w4~x2	4
s12/db9y4db4lb41db4r4lb4r15lb4r4db41y4~x2	4
s12/dbi10db22dg7g10dg22dp3dg22g10dg7db22dbi10db8~x2~dbi1406275-db1404245	4
s12/dbi12lb6dbi52db41o12dp6o12~dbi1406275-db1404245	4
s12/dbi12w4dbi4k12db12k4db8dbi12lb12w11r4w8~dbi1406275-db1204274	4
s12/dbi25g29db24r2g11r2db24g29dbi25dy4dbi5r4~x2~dbi1406275-db1106275	4
s12/dbi28db49y3db49dbi28w4dbi28db49r3db49dbi28w4~x2~dbi1604274-db0805267	4
s12/dbi28k6ly2r2k6dbi12db5dbi5db5dbi3r8w3~x2~dbi1406275-db1204274	4
s12/dbi28k6y2r2k6dbi12db5dbi5db5dbi3r8w3~x2~dbi1208266-db1004274	4
s12/dbi30db4g5db2r2db2g5db4w10db5t8db1~x2~dbi1406275-db1404245	4
s12/dbi40r2dbi7db5dr2db3w2db10n6dbi2n4w2~x2~dbi1406275-db1204274	4
s12/dbi40r2dbi7db5o2db3w2db10n6dbi2n4w2~x2~dbi1604274-db0805267	4
s12/dbi40r2dbi7do5dr2db3w2db10n6dbi2n4w2~x2~dbi1406275-db1204274	4
s12/dbi4dp8dbi3dp2dbi64lb24r4db3lb4db3w8r4~dbi1003265-db0906265	4
s12/dbi5k2dbi2k2dbi2db5k2db1n1db1k10dbi3~x4~dbi1404245-db1204274	4
s12/dbi8db8dbi4db28k12dp7k12dg4dp8dg4dp28o8~dbi1406275-db1004274	4
s12/dg10dp2dg3dr4dg13k13dr2g13dr4g3dr2g10~x2	4
s12/dg10k9db11lb1db3lo1db10k9dg11lb1dg3lo1~x4	4
s12/dg10lo2dg3r4dg13k13r2t13r4t3r2t10~x2	4
s12/dg10lo2dg3r4dg13k13r2t13r4t3r2t10~x2~t2105244	4
s12/dg10w2dg10y1dg10r2dg24g1dg2g1dg2g2~x2	4
s12/dg10w2dg18k3dg3k3dg3k18dp24k3dp3ly3~x2	4
s12/dg11lb3dg4y3dg3y4dg3dy13g3lb3g4dg3~x2	4
s12/dg11lb3dg4y3dg3y4dg3o13b3lb3b4dg3~x2	4
s12/dg12r4k1ly1r2k1ly1r4dg16r20dg2r8~x2	4
s12/dg12r4k1y1r2k1y1r4dg16r20dg2r8~x2	4
s12/dg12w2k5g24k4dg9k2g13k4dg13k2y3~x2	4
s12/dg13db11w2lb4r3ly3r3lb4w2db11dg13k2~x2~dg1806142-db1406275-r2109032	4
s12/dg16k16db4dg3db12lo2db12dg3db4k16dg16dr4~x2	4
s12/dg17lb3dg17k15w33db8w33k15dg17lb3dg17lb3~x2	4
s12/dg19dr3dg3dr15ly13dr15dg3dr3dg19dy6ly6do6~x2	4
s12/dg19w2dg5k4db21k4w2dg5w1y1w1do14~x2	4
s12/dg19w2dg5k4db21k4w2dg5w1y1w1dr14~x2	4
s12/dg1n8lb5n23lb5db3lb5dp3lb5dg5lb3w1~x2	4
s12/dg1n8o5n23o5db3o5dp3o5dg5o3w1~x2~n1900000-o2500000	4
s12/dg24k24db24k5db8r5db8k5db24k24dg24y5~x2~db1204274	4
s12/dg24t7dg7t7dg7db22t7db4dy4db4t40r14	4
s12/dg24t7dg7t7dg7db22t7db4dy4db4t40r14~db1406275	4
s12/dg25db4r24db21dy25db4dg3~x2	4
s12/dg26o2dg2o2g19o28g3o28g19dg22o2dg2~x2	4
s12/dg27g39db3g3db4g3db3g39db3g3db4g3~x2	4
s12/dg27o2db25ly5dg3o3dg3ly5db25o2dg27dr4~x2	4
s12/dg28lb1dg4dr1k1lr1k1g4dr4k2dr4lr2~x2	4
s12/dg29dgi16k8r4dg16dgi16y4r4k16g4dgi28dg16~dgi1806142-g2003208	4
s12/dg29g16k8r4dg16g16y4r4k16gi4g28dg16~gi2003208	4
s12/dg29g16k8r4dg16g16y4r4k16t4g28dg16	4
s12/dg32dy7dg7dy16db32y3dy8~x2~dg1806142-db1406275	4
s12/dg32w3dg32db32r3db32dg32dp3dg32db32r3db32~x2	4
s12/dg36ly8k9ly24dg4ly12dg4ly24k9ly8dg36dr4	4
s12/dg3dgi2dg40g2dg4g8w1dgi4dg2ly4lyi4w2~x2~dgi1806142-g2408144-ly2705081-lyi3407090	4
s12/dg3do3dg3do16dg3do3dg3dr5dg18r2dg8r3~x2~dr1004029-r1606028	4
s12/dg3dt20dg16dr2dg2dr3dg3dr5dg16dt20dy1k2~x2	4
s12/dg43dp3dy3dp2dy4r3g2dg13g2dy9dg1ly2~x2~dg1504144-g2203152	4
s12/dg43dp3o3dp2o4r3g2dg13g2o9dg1ly2~x2~dg1806142-g2408144	4
s12/dg4dr1dg1dr3dg16k12dr1db27lb2db3lb1y2~x2	4
s12/dg4dy14r1dy1dg1dy1r1dy14r14dy1r1dg1~x4	4
s12/dg4g3dg3g4dg4db8dg3db9w29r2w4r2~x2	4
s12/dg4n2dg8do8o2do8o16k2do5n2o5y2~x2	4
s12/dg4n2dg8do8y2n8y16k2do5n2y5ly2~x2	4
s12/dg4r1dg1r3dg16k12r1db27lb2db3lb1y2~x2	4
s12/dg4r1dg4k4db4ly1db4k4dg4r1dg4db2~x8	4
s12/dg4w1b4dr4k2b12k2b12k2dr4k4b4~x2	4
s12/dg4w3b3w3dg12k6b4k3b4k3b12dr3~x2	4
s12/dg5w3dg15r3dg15y3k10dg19db3k3db3dg3~x2	4
s12/dg6g3dg3g4dg4k5dg3k5dg28r2dg4r2~x2~dg1806142-g2408144	4
s12/dg6k6r1w1k6dg32k6r1w1k6dg6y2~x4	4
s12/dg6r1dg1r4g4r4dg1r1dg6dy2g2y2~x4	4
s12/dg6r1dg1r4g4r4dg1r1dg6dy2g2y2~x8	4
s12/dg6r1dg1r4g4r4dg1r1dg6o2g2gi4~x8~dg1104144-gi2104115	4
s12/dg6w3dg15r3dg15y3k10dg21r3k3r3dg3~x2	4
s12/dg6y5w1dg2w1dg5w1dg2w1r15dp2w1~x2	4
s12/dg6y5w1dg2w1dg5w1dg2w1r15dp2w1~x4	4
s12/dg8db8ly1r1k1dg2db2ly1r1k1dg8db8~x4	4
s12/dg8k1y2k1dg8db4dg8k1y2k1dg8db5~x4~dg1605139-db1004274	4
s12/dg8k8dg56n8dg8k20dg8n8dg8n16w3dr6	4
s12/dg9ri2dp2dg3dp18dg2k2dg1k19r1db33w2~x2~dg1505139-ri1807008-dp1607327-db1204274-w3600000	4
s12/dgi5dg2db2dg2db2dbi5dg2dbi1ly1dbi1dg10db3~x4~dgi1605139-db1204274-dbi1404245	4
s12/do11g3do4ly3do3ly4do3y13o34g3o4b3~x2~ly3307090-y2405105	4
s12/do11g3do4y3do3y4do3dy13ly34g3ly4dr3~x2	4
s12/do12r1do2r1do2lb2do3n9r1n2r1n3~x4	4
s12/do39dy4dr6ly2dr2w2dr2dy12do6dr2do6ly2~x2	4
s12/do44ly5dr8ly2dr2ly2dr2ly14dy9dr2dy4ly2~x2	4
s12/do44oii5o8oii2o2oii2o2oii14oi9o2oi4oii2~x2~oii2104058-o1604043-oi2102055	4
s12/do9k8n15dy50k3dr2k2dg1k2do1k1dy9~x2	4
s12/do9lb3do4y3do3y4do3o11g30b3g4do3~x2	4
s12/do9lb5k8y2k4w4k4g28r44lb4r5k3~x2	4
s12/do9t3do4y3do3y4do3dy11g30ti3g4do3~x2~t2304245-ti2607245	4
s12/doi22g2doi4dg1dr1dg1lb1dg6db3do1db2lb1~x4~doi1402055-g2203152-dg1806142-do1103038	4
s12/dp11r3dg15r3dp11y2~x2~dp1105325-r2109032-dg1605139	4
s12/dp12k12dg12k2dg12k11dg12k2dg12k12dp12y3~x2~dp1607327-dg1605139	4
s12/dp12k13dg12y2dg12k13dg12y2dg12k13dp12k2~x2~dp1607327-dg1605139	4
s12/dp12k13g12lb2g12k13g12lb2g12k13dp12k2~x2	4
s12/dp1r1dp1r6g26dp14r20lb1r1lb1r2lr1~x2~r2109032-lr3303019	4
s12/dp26ly2r3ly2dp26k13y2k8w3k8y2k13~x2~ly3307090-y2502222	4
s12/dp27y2k3ly2k2w2k2n6dp3k2dp2w2~x2	4
s12/dp2dg1dp1w1dp1y1dp2~x24~w4000000	4
s12/dp3dg3db3dg11n8r8db4dg3r3ri3r15ri3~x2~r1807008-ri2108022	4
s12/dp3g10dp2db25dy3n4dy3dg10db3dp2n3dp1~x2~g1903114-dg1806142	4
s12/dp3g3db3dg2lb8r8db4dg3r3k3r15k2~x2	4
s12/dp3lb1w9r6dg5lb2w2lb2w2lb2dg12y2~x4	4
s12/dp3lb1w9r6g5lb2w2lb2w2lb2g12y2~x2	4
s12/dp3r17k3ly3k3dp3k3r7dp8k3dp1ly3~x4~dp1607327	4
s12/dp3r4k5r12k24r3k10r26k12dp3r6w3~x2	4
s12/dp4m3dp3m4dp4k9dp4k9w26m2w4m2~x2	4
s12/dp6k6dg6w1dg6k6dg6w1dg6k6dp6g1~x4~dp1607327-dg1806142-w3600000-g1903114	4
s12/dp6lb2w24r15g12lb4w4lb4w4lb4g34y4	4
s12/dp6r2dp2db2w35db12n2dp25g3dp4db2dp4~x2	4
s12/dp6r2dp2dt2w31dt12lb2dp26g3dp4db2dp4~x2~dt1003246-db1406275	4
s12/dpi4dp4dpi2dp14dg6g3dg6dgi2g4dgi2g15n3~x2~dpi1607327-dp1105325-g2408144-dgi1806142	4
s12/dr10dg5dr10dg5dr10db10dr10dg5dr10dg5dr10k3~x2	4
s12/dr10dg5dr10dg5dr10db10dr10dg5dr10dg5dr10ly3~x2	4
s12/dr10lb1dr2n1dr1n1lo1n4lbi2r1lbi2lo1~x8~lb3103284-lbi3200000	4
s12/dr12g6k4g2k4g1k12dr24r4g3w3k10~x2	4
s12/dr15db3dr3db19g6o6ly6db19dr3db3dr15o13~x4	4
s12/dr15dg3dr3dg19dyi6dy6o6dg19dr3dg3dr15dy13~x2~dyi1304043-o2204072	4
s12/dr16dg4k3ly1k2lr1k3dg4dr4k1dr4lr1~x4	4
s12/dr1db6k6g1t2g9t2g1k6db6dr1db1~x8	4
s12/dr2b5k5dg5w2dg5k5w2k2w4k2w2~x2	4
s12/dr32db2k8lo1k2lb2k2g18dr10k2dr2lb2~x4	4
s12/dr38db3dr10db88w2db8w4db8w4db8w28r12	4
s12/dr3dy16db2dy2db2dy3db6o20lr3o2lr2o3~x2	4
s12/dr3g16db2g2db2g3db6o20lr3o2lr2o3~x2	4
s12/dr3g3db3g14db3g3db3lb5db18y2db8y2~x2	4
s12/dr3k2w18db18k3db3k3db18k18w18k2lo3~x2	4
s12/dr3lg8dr2lg18dp5lg3o3lg3o16lg3o3lg3~x2	4
s12/dr3n2dr6n21lb2n4lb3n3lb4n2lb13w2~x2	4
s12/dr3t16db2t2db2t3db6ly20w3ly2w2ly3~x2~t1903246-db0906265	4
s12/dr40k1dr3k1w3k4w3k1dr3k1dr40k4~x2	4
s12/dr42db3dr6lo2dr2lb2dr2g14r8dr2r3lb2~x2	4
s12/dr43db3dy1db2w1db6r2g1db1g3db1ly3~x2~dy1603076-ly3307090	4
s12/dr43k3dy1k2w1k6r2dg1k1dg3k1y3~x2~dy1603076-dg1104144	4
s12/dr4db4dr2db13k6g3k6y2g4y2g14dp4~x2	4
s12/dr4g14dg2g4dg2k6g3k6db14dr2db4dr4~x2	4
s12/dr4g14o2g4o2k6g3k6db12dr2db4dr4~x2	4
s12/dr4g20db2g2db2g3db6o26w3o2w2o4~x2	4
s12/dr4k2g13dy3k22dr2k2w13k7dr3k7w4~x2	4
s12/dr4k2g13ly3k22dr2k2w13k7dr3k7w4~x2	4
s12/dr4k4dr28dp4g4k10g4dp4g4dp8k1w3~x2	4
s12/dr4k4ly3k4dr54r5k54dr4k3db9k2w4	4
s12/dr4w4dr2w29k10dg3k10dg4g4dg3g3dg3~x2~dg1806142-g2408144	4
s12/dr4y14lb2do4lb2k6y3k6db13dr2db4dr4~x2	4
s12/dr4y4db9w3y2k9db21y2db2y2db8y3~x2	4
s12/dr50o6dg7dgi2dg2lr2dg2o14dr8dg2dr9dgi3~x2~dg1001060-dgi1603171	4
s12/dr50o6do7g2do2w2do2o16dr8do2dr9g3~x2	4
s12/dr50y6do7dg2do2lb2do2y14dr8dg2dr9dg3~x2	4
s12/dr5lr1dr1lg1dr1n5o6dr1o6n5lg5dr1~x4~lr2800000-lg2901240-n1900000-o2500000	4
s12/dr6dg2dr2dg3k2dr2db16k3dg4dr34ly2dr2~x2	4
s12/dr6g1lb2g24k3g3k3g3k8db8lb2db4~x2	4
s12/dr6lb5dr23k20rii6k3r4k10dr14ri45k7ri6~rii2806019-r1807033-ri2109032	4
s12/dr6n4dr6n11db1n3db3n1db11ly6db4ly6~x4	4
s12/dr6n5dr23k20m6k3o4k10dr14r45k7r6	4
s12/dr6w4dr6w11db1w3db3w1db11ly6db4ly6~x4	4
s12/dr7dt1dr26dt31w1dt1w2~x2	4
s12/dr8ri48riii6rii48riii3rii6riii6rii4riii8rii2riii22r8~ri1305023-riii1807025-rii1606028	4
s12/dr8w1k3dr3k10w3k5w25k3dr3k12w3~x2	4
s12/dr8w2dr22k8dg6k6dg6k6dg8lg3dg3lg3~x2	4
s12/dr8w30o5w8o5k12w6k12db28dr4db8dr8	4
s12/dr9g4dr6db4g2k2g2dr5db3lo2k2lo2~x2	4
s12/dr9lb4dr6t4lb2k2lb2dr5t3lb2k2lb2~x2	4
s12/dr9w4dr6b4ly2k2w2dr5b3ly2k2w2~x2	4
s12/dt10r3dt32y12k5y2k4y2k17o4k2lb2~x2~dt1600000-y2200000	4
s12/dt22g4dt4g17dy17g17dt4g4dt22y8dy8r8~x2	4
s12/dt30k4g5k2r2k2g5k4w10k5b8k1~x2~dt1503227-k0802249	4
s12/dt32g3dt3g3dt3g26y26g3y26g26dt24g3~x2	4
s12/dt8y8dt4y28k12dti6k12dr4dti8dr4dti29lb6~y2100000-dti1200000	4
s12/dti10k4dt16k4dt10k16dt8k24dt28dr3dti4dr3~dti1500000-dt1300000	4
s12/dy14y3dy14g14k14g5k14g14dy14ly3dy14g14~x2~y2602166-ly3307090	4
s12/dy21r2w1ly3r2dy5r21ly1y1ly1r1dy8~x2~dy1603076-ly3307090	4
s12/dy2g3k2dr1k9db3lb1db42dr1db2g3w2~x2	4
s12/dy2lb10k2w2k2dy2k2db3g3k2g2w2~x4	4
s12/dy30g4w2g14dr13ly2dr13g14w2g4dy30k2~x2~dy1603076-ly3307090	4
s12/dy3dgi15dr2dgi2dr6dgi2dg6dgi2dg2dgi23g2dgi2~x2~dgi1804158-g2208144	4
s12/dy3g3dy3lo1dy3g3k3g3k3g3dy3lb2~x8	4
s12/dy3k19n2k2n2k2n18k3db3k3n23r3~x2	4
s12/dy46lb3dy7g2r2g2w2g11lb6db2lb3r2~x2	4
s12/dy4db2r7db15r3db3r3db7w28r7w6r2	4
s12/dy4db2r7db15r4db3r4db7r28dg7r6dg2	4
s12/dy4dg3dy30y12dg5lg4dg3lg14lgi2lg2lgi10ly3~x2~dg1804158-y2204115-lgi3205128	4
s12/dy4dg3dy30y12dg5lg4dg3lg14lgi2lg2lgi10ly3~x2~y2204115-lgi3205128	4
s12/dy4k12db2k2db2k2db2ly16dr3ly2w2ly4~x2	4
s12/dy4w2dy2r3dy19lb6db3lb2db2lb2db15dy3~x2	4
s12/dy4w2dy2w3dy18k6g3k2g2k2g14lo3~x2	4
s12/dy4w2dy2w3dy20db6lb3db2lb2db2lb16r3~x2	4
s12/dy6db4dy6db11k1db3k3db1k11dg6k4dg6~x4	4
s12/dy6g6dy6y1dy6g6k6g4k6g6dy6lb1~x2	4
s12/dy6g6dy6y1dy6g6k6g4k6g6dy6lb1~x4	4
s12/dy6w2n4lb1dbi6lb1db40lb1dbi6lb1n4w4~x2~dbi1406275-db1204274	4
s12/dy8k3dr6k2g20db4g2db4g5lb4db3w3~x2	4
s12/dy8w1dy8g8r1g8dy8g1dy8g8r1g8~x8	4
s12/g10db2g2db6t5db1t2~x2~db1406275-t2503227	4
s12/g10k1g10db1g1k1g1k1db10k1lo1dr1~x4	4
s12/g10k1g10dr1g1k1g1k1dr10k1lo1k1~x4	4
s12/g12k40db4lb4db4k28db7k8db7k8db10r4	4
s12/g12r2g2r2k12db12y2db12k2g11r2g2~x2	4
s12/g12r2g2r5g16db3n2k2n3db6k20ly3~x2	4
s12/g12r2g2r5g16db3n2k2n3db6k20y3~x2	4
s12/g13dy7g13dy2g13dy2g13dy2w3ly4w3g4~x2	4
s12/g13dy7g13dy2g13dy2g13dy2w3y4w3g4~x2	4
s12/g13k1g13r1g1k1g1k1r13k1y1k1~x3	4
s12/g13r1g13db6r1w6g13r1g13w6r1db6~x2	4
s12/g16db7r2db7k5y2dp1y2k5db16g8w1~x2	4
s12/g16dg3g4dg6g24lo2k27t24k6t4k3t16~x2~g2408144-dg1806142	4
s12/g19k20r1db8t8g8db3r1n12k8r1n1~x2~db1003265-t2105244	4
s12/g19ri3g19db7r26k3db7k3dp42k3db7k3~x2~ri2806019-r1807008	4
s12/g1k1g14k2r3db3k6w1k1w1k1w1~x4	4
s12/g1lg1g8o5g1o1g1o5g8lg1g1lg1~x4	4
s12/g1n8lb5n23lb5db3lb5dp3lb5g5lb3w1~x2	4
s12/g1w1t1w1lo1w1r1w1lo1w1y1w1~x10	4
s12/g20ri1g10y2lb3k1w2y10r1g10lb2k1~x2~ri2806019-r2108022	4
s12/g21r2w1y3r2g5r21y1ly1y1r1g8~x2~y2405105-ly3307090	4
s12/g21r3g21db5g3r30g3db5g21r3g21db2~x2	4
s12/g21r5g21r21g5r4g5r21w4r5db21r4	4
s12/g22db16g14dr2g6lo2g6dr2g14db16g22dr3~x2	4
s12/g22k4g4k21y2k4y2k21g4k2db2g22~x2	4
s12/g26t2k3ly1k1lr1k1g4dr2k1dr2lr1~x4	4
s12/g28lb2dp20t9r22k7r22t9dp20lb2g28ly7~x2~lb3200000-dp1105325-t2503227-ly3307090	4
s12/g2db1r16db12g16w1g16db12r16db1g2db1~x2	4
s12/g2k1g18k1g2k1r12g4y6k1y6k1	4
s12/g2k1g18k1g2k1r12g4y6k1y6k1~x2	4
s12/g2k1g4lb4y1lb4r4k1r4lb2r4w1~x4	4
s12/g2lyi1ly2lyi1g2lyi1ly2lyi32dy2lyi12ly2lyi2~x2~lyi3307090-dy1603076	4
s12/g2r2g2dy14y2r3y1r1dg20r3y1w2~x2	4
s12/g2w1g1w1g8k4dg2k1dg1k1dg8r1~x4	4
s12/g30ly4k6lo2k2g4k2db5y4k2y3g2~x2	4
s12/g30w3g4ly5g4w3g6k14lb3k14db18w4~x2	4
s12/g30w3g4y5g4w3g6k14lb3k14db18w4~x2	4
s12/g32lb2k7y1k1w1k2r7g5k1g3w1~x2	4
s12/g36r3g3r3db9r3lb2r40db3r3db2r6~x2	4
s12/g38r3g3r3db9r3lb2r40db3r3db2r6~x2	4
s12/g3db1g6r6lo1r6n6db1n6r2n6lb1~x4	4
s12/g3db3g3db24g3db3g3lo2g18dr2g18lo2~x2	4
s12/g3o2g40dg2g4dg8w1o4g2dy4y4w2~x2	4
s12/g40db4lb39db4n4y4n4r4n34dp4n4w4	4
s12/g44db3k8y2k2w2k2g9r5k2r2w2~x2	4
s12/g4b3g3b4g4k8g3k9w29r2w4r2~x2	4
s12/g4db9r9g9k2r2k2g9r9db8g4r2~x4	4
s12/g4dy14r1dy1g1dy1r1dy14r14dy1r1g1~x4	4
s12/g4k2g28r4g4k18g4lp4g4lp7k1w3~x2	4
s12/g4k4g4k1g4k4g4k1g4k4g4ly1~x2	4
s12/g4r3k1r28g14r4g4w3g4r4g4w3~x2~w4000000	4
s12/g4w28lb3w3k16lb4n10do4k14r2k2r3~n1900000-do1500000	4
s12/g4w28lb3w3k16lb4o10n4k14r2k2r3~o2500000-n1900000	4
s12/g4w2g24y8g2y4g2y16g8w2g1w4~x2	4
s12/g5k4dp28k4r5k4r5k4dp28k4g5k4~x2	4
s12/g64k4db9dy2db4dy2db4g11r8db2r4w3~x2	4
s12/g6db3w1db3g6r2db15dp60ly2dp30db15r2~x2	4
s12/g6k6r1w1k6g32k6r1w1k6g6y2~x4	4
s12/g6r3k3r24g4k10r2g4r2g24r6g2~x2	4
s12/g6r3k3r24g4k10r2g4r2g24r6g2~x2~g2408144	4
s12/g6w2g24k12db3k2db2k2db12r1db1r3	4
s12/g6w2g24k12db3k2db2k2db12r1db1r3~x2	4
s12/g6y5w1g2w1g5w1g2w1r15db2w1~x2	4
s12/g70db3k9w4k4dp4k3db12g9k4g4y4~x2	4
s12/g70db3k9w4k4dr4k3db12g9k4g4y4~x2	4
s12/g74o6g3o24k1g9o12db2g2db2g2db2~x2	4
s12/g7k3g53k3g8k3dr24g8ly18k3ly18k3~x2	4
s12/g7r2g3r5g17y2k15y2t22g3w2t7~x2	4
s12/g8dy2k6g11r2db12k12r2k6dy2k4r3~x2	4
s12/g8r1g2r3g12k12dy1lb12r3lb2r1lb8~x2	4
s12/g8w2db3w2g16k10g3y6g1w3g1y6~x2	4
s12/g9b3g4o3g3o4g3dg11oi30b3oi4g3~x2~o2102055-oi2104058	4
s12/g9dgi13dg26dy6dp5dy40dp5dy6dg26dgi13g9dg3~x2~g1903114-dgi1806142	4
s12/g9k9t10k1t2k2t10k9g9w1g2r1~x4	4
s12/g9r2dp2g3dp18g2k2g1k19ri1db33w2~x2~r1807008-ri2109032	4
s12/g9r2dp2g3dp18g2k2g1k19ri1db33w2~x2~r1807008-ri2109032-db1204274-w3600000	4
s12/g9r3g4dy3g3dy4g3o11ly30r3ly4g3~x2	4
s12/g9r52lb13k16y2k3w4k3g23r15g7y3~x2	4
s12/k10dr26k2dr4k2dr26k3dg36k3g30k3n2	4
s12/k10n18k29dp4w3k12r1k4~x2	4
s12/k10n5k2n5k10w1k26w1n4w1k5w1~x2	4
s12/k10r12g3r12k2r12g3r12g20r2k8lb2	4
s12/k10r26k2r4k2r26k3dg36k3g30k3y2~y2400000	4
s12/k13lbi13lb13r4lb13r4lb13r4lb13lbi13k13w3~x2~lbi3203246-lb3103284	4
s12/k13w3dr3k34dg21k13dg8k5dg3k2dg1db1~x2	4
s12/k14g14k8y4k4g14k14db14dp5db4dp5db14~x2	4
s12/k14r2k2r2k2g18r2g18w1db12lb1r8~x2	4
s12/k15db7n3k13n3db7k23n3db7dy2dp4dy2~x2	4
s12/k15g15y3g15k15g15r3g15k15db15k2db15~x2	4
s12/k17n2k3g2k3g2k24db8g4db4g3db8~x2	4
s12/k17n2k3g2k3g2k24t8g4t4g3t8~x2	4
s12/k18lo2k2lo3k2lo2k18lo12y18dy3y18lo9~x2	4
s12/k18y17k2y17k9r17w2r17k9g18k10g18~x2	4
s12/k19w3dg19r5dg19w3k19db19k3db2k3db19~x2	4
s12/k1dr14g1dr1g6lbi2g6dr1g1dr14k1lb1~x4~lbi3200000-lb3103284	4
s12/k1w1k8dg1k1db8dg8k1db1k8w1k1~x6	4
s12/k20g1k2g1k20y1g16r2g16y1k30g1~x2	4
s12/k20o2ly2o7ly2o2k2ly7o2ly2k20o4~x4	4
s12/k20o4k20ly2o2ly7k2o2ly2o7ly2o2~x4	4
s12/k20r2k4r2k19lo17k10lo10k6lo5ly2lo2~x2	4
s12/k20r2k4r2k19o17k10o10k6o5y2o2~x2	4
s12/k21g21r4g21k21g21y4g21k21db21k3db21~x2	4
s12/k24db2k3dp1k1dp2k1dg5dr2k1dr2lb1~x4	4
s12/k24db2k3dp1k1dp2k1dg5dr2k1dr2w1~x4	4
s12/k24t2k3ly1k1lr1k1g4dr2k1dr2lr1~x4	4
s12/k25dg5k2y2ki2r3dg20r20k2w2ki2r2~x2~k0504259-ki0700000	4
s12/k25g29b24r2g11r2b24g29k25dy4k5r4~x2~k0604259-b1813263	4
s12/k26ly2g24db8k4r3k4db8g24ly2k26w5~x2	4
s12/k2db10k9g9w1g2r1g9k9db10k1db2~x4	4
s12/k2db12k8lb10y1lb10k4r1k4db12k2g2~x2	4
s12/k2db12k8lb10y1lb10k4r1k4db12k2lb2~x2	4
s12/k2db2g2db22r4g3r3g2r22k2r2ly2~x2	4
s12/k2dg4k6n2k31ly2k1ly2k16dg20ly1n2~x2~dg1804158-ly2706114	4
s12/k2g10n5g20n5y3n7k3n7k4n4w2~x2	4
s12/k2g5w1k4y1db4g4k1r6k1g9db2~x4	4
s12/k2lb1dr2dg6dr2db4dr2k2dr15dg2dr2k1~x4	4
s12/k2lb6w1r14k1r14w1k6dg10ly1dg2ly2~x2~dg1403152-ly2705081	4
s12/k2lb6w1r14k1r14w1k6g10ly1g2ly2~x2	4
s12/k2lo2b16lo2k2lo2lb2lo2lb15lo1k2lo2~x2	4
s12/k2lr1dr2g6dr2db4dr2k2dr15g2dr2k1~x4	4
s12/k2lr1g2dy6g2db4g2k2g15r2g2k1~x4	4
s12/k2r12k21w1k4w1k21w3r3db18k2db1~x2	4
s12/k2t11k1t2k1t11k2db14k2g14k1r2~x2	4
s12/k2w1db7k4r1w8r2w8k1g7w1y2~x2	4
s12/k2w1g2dy6g2db4g2k2g15r2g2k1~x4	4
s12/k2y2db15y2k2y2w2y2w14y1k2y2~x2	4
s12/k2y2g2k2g17k2r2k2r17k2r5g2~x2	4
s12/k30db3k4dp2k2dp2k2dg10r6k2r3w2~x2	4
s12/k33w3b2db7k2w3k5b21k15b1lg18b1~x2	4
s12/k33w3k2db7k2w3k5dbi21k15dbi1lb18dbi1~x2~db0705267-dbi1208266	4
s12/k36db4k6y1k1w1k1g8r4k1r2w1~x2	4
s12/k36w3k10w3dg28dr6k18~x2~dg1804158	4
s12/k39b3dy8ly2dy2r2dy2dg8dr5dy2dr3r2~x2	4
s12/k3db15k42db13k2db3~x2~db1704245	4
s12/k3db15k9dy3k2dy14k2dy3k9db13k2db3~x2	4
s12/k3db2g2db22r4g3r3g2r22k2r2y2~x2	4
s12/k3lb13m11t3k10w2k10t3g6m3lg13t3~x2~g2007139-lg2909145	4
s12/k3lb14r11db3k10w2k10db3dg6r3b14db3~x2~r2308029-dg1704158	4
s12/k3ly3k2t40w3t10g10ly3g21k1dr3w3~x2	4
s12/k3r24k4ly1k2w1db4dg6r3k1r2w1~x4	4
s12/k3r24k4y1k2w1db4g6r3k1r2w1~x2	4
s12/k3w2k1w40g17r5k3n2r9g1r2g3~x2	4
s12/k3w2k1w40lb17dp5y3w2dp9lb1dp2lb3~x2	4
s12/k43b3k7dg3k2dg3k2g11r6k2r3w3~x2	4
s12/k43o7k9b3k3b3k3g18do9k3do4dg4~x2	4
s12/k43w4k6w2k3w2k3w9k5w3k3w3~x2	4
s12/k44y3k4y3k4db4w2db4dr2w2dg4y2~x2	4
s12/k45o9k12r1k1g12k1r1k12o9k45g9~x2~o2404317	4
s12/k48db4k8y2k3w3k3g12r6k3r3w3~x2	4
s12/k48n4k6lb2k2dr2k2n10o6k2o3dr2~x2	4
s12/k48n4k6lr2k2dr2k2n10ly6k2ly3dr2~x2	4
s12/k48r4k6lr2k2dr2k2r10ly6k2ly3dr2~x2	4
s12/k4b1k12w1b4w1dg4w1dr4dg12k1w2~x2	4
s12/k4db24k4r3k4g24k4b3k4g24r3k4~x2	4
s12/k4db24k4r3k4g24k4lo3k4g24r3k4~x2	4
s12/k4db24k4r3k4g24k4y3k4g24r3k4	4
s12/k4db24k4r3k4g24k4y3k4g24r3k4~r1908029-y1904072	4
s12/k4db24k4r3k4g24k4y3k4g24r3k4~x2~r1908029-y1904072	4
s12/k4db2g24r1g2r1g2k20db24k1db2k4~x2	4
s12/k4dbi11k1dbi2k1dbi11k2db14k2g14k1lo2~x2~dbi1605267-db1003265	4
s12/k4dg10k13db3dgi12dg2dgi2dg2dgi2dg18r2~x2~dgi1806142	4
s12/k4dg16db11dr16dg25lo2lb3~x2	4
s12/k4dt6k4n4dt29n6k68db10k4t6db4w2~dt0900000-n1700000-db1208266-t2205244	4
s12/k4dy2r2dy2k2dy15ly2~x4~r2806019-ly2705081	4
s12/k4g4k2g12k6w3k6n2w4n2w15r3~x2	4
s12/k4g4k2g14k6w3k6n2w4n2w15r3~x2	4
s12/k4lb26k2lb4k2lb26k3db36k3dg30k3w2	4
s12/k4n2k46db20k6dbi3g4~x2~db1404274-dbi1406275	4
s12/k4n6k4o4n29o6k64db10k4db6lb4w2~n1900000-o2500000	4
s12/k4r1k3ly1k1w1k1dy8g12r1g2k1~x4	4
s12/k4r2k2ri2k2r36k2dp12k2ri1k3r2~x2~r2109032-ri2806019	4
s12/k4r8ly4k2ly4k40g5dp4g5k2t2w4~x2	4
s12/k4w1db26k5db5k32b23k2r4k2b13k2~x2	4
s12/k4w1db26k5db5k32g23k2r4k2g13k1~x2~g2408144	4
s12/k4w1db26k5db5k32g23k2r4k2g13k1~x2~g2408144-r2109032	4
s12/k4y1k4y11dr1y1dr1y11k4y1k4y1~x4	4
s12/k50w4k10r2k2w2r2k14r11k2r4w2~x2	4
s12/k5db26k2db4k2db26k3lr36k3dbi30k3t2~db0806265-lr2800000-dbi1404245-t2503227	4
s12/k5dbi26k2dbi4k2dbi26k3lr36k3db30k3t2~k0700000-dbi0806265-lr2800000-t2503227	4
s12/k5g15dy8g15k5r4db8lb5w3lb5db8r4~x2	4
s12/k5g4w1g4k1g4r1g4k5db5k1db5~x4	4
s12/k5lb2t10lb2k5db15k2db15k5db10lb1y2~x2~t2105244-db1406275	4
s12/k5lo4g25k14lo5k5w5k2w3g3k2lo5~x2	4
s12/k5r2k30lb8w1k9w2k9w1lb8k30r3~x2	4
s12/k5r3k24dg13k3db3k3db11k6dg3k3r3~x2~db0906265	4
s12/k5y3dg10k23r3k10r3w2r9w2k3w1~x2	4
s12/k69dr6k4dr1k12w1dr6ly1dr24ly1dr5g3~x2	4
s12/k6db4dr11k36ly5k5ly5k8dr30db10dr8db4	4
s12/k6dbi3dg28w1db28dbi2w3~x2~dbi1406275-db1204274	4
s12/k6g5k6do6w1do10k6w3dr1w12dr1w3~x4	4
s12/k6lb3k8db7lo2db7lb1~x4~db1406275	4
s12/k6r1k1r4k7r1k7g6r5g1r1g5~x2	4
s12/k6r2k10g6k3dgi8k3dg9k13r5k1dp2~x2~g2408144-dgi1806142	4
s12/k6r2k10o6k3lb8k3n9k13r5k1g2~x2~o2500000-n1900000	4
s12/k6r31k1r6k1w2k1r4k6r2k31r6~x2	4
s12/k6r3k3r24lb4g10r2g4r2g24r6lb2~x2	4
s12/k6r3k3r24lb4k10r2g4r2g24r6lb2~x2	4
s12/k6r3k3r24lb4k10r2g4r2g24r6lb2~x2~g2408144	4
s12/k7dbi4r31db3y2db27lb4~x2~dbi1406275-db1204274	4
s12/k80n2k160dt8n2dt5n3dt3n4dt2n5w2~dt0900000	4
s12/k86n6k4lb3k3dr3k3n22o14k3o6lb4	4
s12/k86n6k4w3k3r3k3n22ly14k3ly6w4	4
s12/k86n6k4w3k3r3k3n22o14k3o6w4	4
s12/k8dp1k1w1k2dp8k8g8k1y1k2g8~x2	4
s12/k8dr8k42ki4k4ki4k4ki20dg4ki10dg25w8~k0504259-ki0700000	4
s12/k8ly2n18ly3k8ly18dp4w3ly12r1ly2k2~x2	4
s12/k8r2k3ly2k2w3k2y12o22r2o2k1~x2~ly3307090-y2405105	4
s12/k8r2k3y2k2w3k2dy10g26r2g3k2~x2	4
s12/k8r2k3y2k2w3k2o10g26r2g3k2~x2	4
s12/k8r2k6ly2k2lb2k2dy16dg24r2dg4k3~x2	4
s12/k96db8k12dp3k3dp3k3g20r8k3r4w4	4
s12/k9lo1dg3r5dg16k17r2t16r5t3r3t9~x2	4
s12/k9lo1dg3r5dg16k17r2t16r5t3r3t9~x2~t2105244	4
s12/k9r2g3r2k15r2g3r2t20k1lb6~x2~t2503227-lb3200000	4
s12/k9w6k46db24r8db6r6db6r16g6r6y6	4
s12/ki42lg3ki6o2ki2lr2ki2do10ly6k2ly4lr2~x2~ki0601120-o2305325-lr2902028	4
s12/ki5k2ki2k2ki2db5k2db1n1db1k10ki3~x4~ki0700000-db1404245	4
s12/lb100y12n14ly5n5w5n5y28lb16n5lb18ly6~y2400000-n1700000	4
s12/lb12db2k4y2k3r3k3r19w31db2w4k2~x2	4
s12/lb12o2db4g2dr3r3dr3r19w30n2w4k2~x2	4
s12/lb12r6lb60n16k23n22lb6k6lb6n8r6n8~x2	4
s12/lb13dg16r5w5r5dg34lb21g13r3w2r1g9~x2	4
s12/lb144k9lb13lr9lb4k9lb4ly13lr9lb4lr13k4	4
s12/lb14k3lb28g6db4lb2db2lb14r12g3r4lb4~x2	4
s12/lb15lo6g15lo4lbi3g3lbi3lo4dg15lo2w3r1~x2~lb3203246-lbi3300000	4
s12/lb16g1lb1g1lb1k12g1lb1g1lb1g6dp2~x4	4
s12/lb16g2lb16db18y2db13g11r2g9db12r2y2~x2~g2408144	4
s12/lb16w2db16w15k2w2k2w15db16w2lb16k2~x2~lb3103284	4
s12/lb18db3lb10db3lb10db14ly2r7ly2g14ly2db14~x2	4
s12/lb1dg8k1lb2k1y2k1lb2k1r8w1lb1~x4	4
s12/lb1g8k1lb2k1y2k1lb2k1r8w1lb1~x4	4
s12/lb29db3k10lo2k2lb2k2g10dr5k3dr2lb2~x2	4
s12/lb29db3k10y2k2lb2k2g10r5k3r2lb2~x2	4
s12/lb34db60y3db60lb34w4lb34db60r3db60lb34w4~x2	4
s12/lb35k23w18dr3w18k2w3~x2	4
s12/lb38r1lb2r2lb2r6lo4r10db8lb11r3lo1~x2	4
s12/lb38r1lb2r2lb2r6y4r10db8lb11r3y1~x2	4
s12/lb3ki15k10dy10ki1dg5ki1lo10ki10dg8ki1k2~x2~ki0700000-k0504259	4
s12/lb48dp3k8o2k2lb2k2n10lb6k2lb3w2~x2	4
s12/lb4dy1g1dr30g22k3g22dr30g1dy1lb4g2~x2	4
s12/lb4r1db20k6lb5k4lb4k4lb3k2r1db2~x2	4
s12/lb57db4k8y4k4lb4k4g8r6k4r4lb2	4
s12/lb5k1w1k1lb5k7b10k1lb15b3k1w2~x4	4
s12/lb6db20lg5db5lg5db20dr14db4k18db30ly4db4	4
s12/lb6k1t20r2g3r2k15r2g3r2k6ly3~x2~lb3200000-t2503227	4
s12/lb8k8g8k1g8k8g8k1g8k8lb8w2~x2~w4000000	4
s12/lb98n12k16w5k5w5k5n28lb16k5lb16w6	4
s12/lbi15lo6g15lo4lb3g3lb3lo4dg15lo2w2r1~x2~lbi3203246-lb3200000	4
s12/lo12g6y2g3y2g6lb3g2lb3g12r3g6~x2	4
s12/lo13g6y2g3y2g6lb3g2lb3g12r3g6~x2	4
s12/lo13g6y2g3y2g6lb3g2lb3g12r3g6~x2~lo2706066-g2203152	4
s12/lo18r3w3r3lo2r1w1g1lo2y1r1k1~x4	4
s12/lo1y3dt2g5dp4g1dt14y1dt4g25y2lo1~x2~y2101180-dt0900000	4
s12/lo28r3lo3db5lo3g3r3g12r3g3lo6db3~x2	4
s12/lo28r3lo3db5lo3g3r3g12r3g3lo6db3~x2~lo2706066-r2109032	4
s12/lo45g24k15w2lo2k1lo2w2lb11k3lo4w8~x2	4
s12/lo4db2r7db15r3db3r3db7w28dy7w6dy2~x2	4
s12/lo4db2r7db15r3db3r3db7w28dy7w6dy2~x2~r2109032	4
s12/lo5t2o14do9dg8t3o3t3o3t3dg19lr3~x2	4
s12/lr12dr3lr3db4lr16ly3lr3ly3lr3ly16db52lr4	4
s12/lr12g3lr3dg4lr16g3lr3g3lr3g16dg52lr4	4
s12/lr18r3w3r3lr2r1w1g1lr2y1r1k1~x4	4
s12/lr1lb3k2g5dp4g1k14lb1k4g25lb2lr1~x2	4
s12/lr2db3k3g8dr6db2ly2k3lr2k6db32ly2~x2	4
s12/lr2db3k3g8dr6db2ly2k3lr2k6db8ly2~x2	4
s12/lr3dg18k4lb12dg2lb3dg2lb3dg2lb12lr4lb3~x2~lr2800000-lb3103284	4
s12/lr3k15db10o10k1g5k1y10k10g8k1db2~x2	4
s12/lr3k15n10o10k1g5k1lo10k10g8k1n2~x2	4
s12/lr46r3do2y2lr7do2lr2do11ly6lb2ly3lr3~x2	4
s12/ly10w1ly12k7w2k7ly12w1r4w1ly12k2~x2	4
s12/ly144k9ly13lr9ly4k9ly4lb13lr13ly4lr13k4	4
s12/ly2db1dpi42lb2dpi6db1lo1db1dp4b4g1dpi1~x2~dpi1607327-dp1406332	4
s12/ly2lb2ly1lb18g2lb10g10lb2g18lyi1g2lyi2~x2~ly2503076-lyi3407090	4
s12/ly32do2ly12dy2ly1g2ly1dy2ly1g2ly1dy2~x2	4
s12/ly32do2ly12dy2ly1g2ly1dy2ly1g2ly1dy2~x2~ly2705081-dy1603076	4
s12/ly3g2w2r2ly12k2g12r2g2lb2g2y2~x4	4
s12/ly3g2w2r2ly12k2g12r2g2lb2g2y2~x4~ly2503076	4
s12/ly3k1g5y2g5k12db15k2db15k12g12y2~x2~ly3307090-y2400000	4
s12/ly4k2dr2k1dr1k1dr2b3ly1dg4ly9dg1~x4	4
s12/ly4k2dr2k1dr1k1dr2db3ly1dg4ly9dg1~x4~db1208266	4
s12/ly4k2dr7k15dr3k3dr3k7dr28g7dr6g2~x2	4
s12/ly5db2r14do9dg8db3r3db3r3db3dg18lyi3~x2~ly2705081-lyi3103095	4
s12/ly5k1ly6g20w1g3w1g3w1g30k1ly2~x2	4
s12/ly8k3dr6k2g20db4g2db4g5lb4db3w3~x2	4
s12/lyi3ly3lyi12k2ly2lo2ly8k2db12dp8k2dp2~x2~lyi3202083-ly2804101	4
s12/n10b2do4y2do3w3do3o18w30r2w4do2~x2~do1003038-o2104058	4
s12/n12b2o4y2o3w3o3w19r30n2r4o2~x2	4
s12/n12k3n14k12ly1k12n2g12k1r2k1g12~x2	4
s12/n12lb2do4y2do3w3do3ly20w29lb2w4do2~x2	4
s12/n12lb2do4y2do3w3do3o20w29lb2w4do2~x2	4
s12/n12o2dy4ly2dy3w3dy3w19r30o2r4dy2~x2~n1900000-o2500000	4
s12/n12w2k4g2k3w3k3w19r30w2r4k2~x2	4
s12/n16r3lb15r18w15n3lb3~x2~r1606028	4
s12/n19dy2do3w1do1w1do1dy6n3do1n3w1~x4	4
s12/n20r2db4lb2db4r2db4k1db1k1db1k4~x4	4
s12/n20t4n12y2n4w3n4dr18do10n2do4w2~x2	4
s12/n23k6n6k6o38k40o6k40o38n38o6n6~n1900000-o2500000	4
s12/n25k4n4k4n4w20k5w20k20n4k4n4~x2	4
s12/n2k3dp1k45n1k2n2k2dg4r1dg1w1~x2	4
s12/n38db4n8o2n4w3n4dr14b7n2b4w2~x2	4
s12/n3g12k5g2k5n2dr2n2k5g12w2n3~x2	4
s12/n3k2n19r3k1n3r4n3k1n2k1n2~x4	4
s12/n3w24k3w1k2w2k1w3n7w2r24w3~x2	4
s12/n42r3n6y2n2lb2n2db10t6k2t4lb2~x2	4
s12/n45g3db7r2db7g3n4w2dp36w2n11db4	4
s12/n48dr4n6ly2n2lb2n2dr10t6n2t3lb2~x2	4
s12/n4dr20k2dr2k2dr3k6o26w3o2w2o4~x2~n1900000-o2500000	4
s12/n4ly2n2k5n4k4n8k6n2r32n2w4~x2	4
s12/n4w2n2w3n20db6r3db2r2db2r17db3~x2	4
s12/n4y2n2k5n4k4n8k6n2r32n2w4~x2	4
s12/n52g3w3db3y3db2r3db12g8db2g6y4	4
s12/n52g3w3db3y3db2r3db12g8db2g6y4~x2	4
s12/n60g2db4r1db4g2n3w1dp20w1n5db2~x2	4
s12/n60lb5n8y2n4w2n4g16dy8n2dy4w2~x2	4
s12/n60lb5n8y2n4w2n4g16o8n2o4w2~x2	4
s12/n68t5k9lo3k3lb3k3n20dr9k3dr5lb4	4
s12/n6dbi8n8g12db29w3db4~x2~dbi1105279	4
s12/n9lb5k8y2k4w4k4g31r50lb4r4k3~x2	4
s12/ni9r3ni32n12k5n2k4n2k17dp4k2lb2~x2~ni1700000	4
s12/o12g6o6y1o6g6k6g4k6g6o6lb1~x2	4
s12/o12n3o3dt4o16dr3o3dr3o3dr16dt52o4	4
s12/o14db1o19w1o18k3o1n7db2n1lb1o4~x2~o2500000-n1900000	4
s12/o14dp1o19w1o18k3o1dt7dp2dt1o1n4~x2~o2500000-n1700000	4
s12/o16k2o9g12y2g10t3k2t3k2t3o10~x2	4
s12/o22w2o2w2o4k5o5k5n5dr2n13w2~x2	4
s12/o23k3o3k3n19k20n3k20n19o19n3o3~x2~o2500000-n1900000	4
s12/o2k1n4lb4w1lb4db4k1db4lb2db4y1~x4~o2500000-n1700000	4
s12/o2p2o1p14dg2p10dg10p2dg14g1dg2g2~x4	4
s12/o30y1k2g10k1r3k1r3k1r3k1w1~x2	4
s12/o38db4o8ly2o4w3o4dr14n7o2n4w2~x2~o2500000-n1900000	4
s12/o38lp4o8dy2o4w3o4dr14n7o2n4w2~x2~o2500000-n1900000	4
s12/o3dr3o4dr4o20k5n4k3o3k2n25w3~x2~o2500000-n1900000	4
s12/o3dt1dp3dr8dg4dr3dg17dp11db6dp4db21dt1~x2	4
s12/o3k15n10dy10k1g5k1lo10k10g8k1n2~x2~o2500000-n1900000	4
s12/o3lr14dy3lr3dy3lr4dy11dt11r11o11lr1dt1~x2	4
s12/o3n20r1n4r2n2r4n2r5g2dr20w3~x2~o2500000-n1900000	4
s12/o3w1o1w3dg1w1dg10g2dg1g10y2dr2~x2~dg1806142-g2408144	4
s12/o46b3o7g2r2g2w2g11b6db2b3r2~x2	4
s12/o46ly8dt11y3dt3w3dt3db16r9dt3r1w3~x2	4
s12/o4do31o2dr2o2dr2o2do2doi2do4doi11o4~do1103038-doi1402055	4
s12/o4dp4o2dp14dg6dgi3dg6dgii2dgi4dgii2dgi15n3~x2~dgi1702138-dgii1802194	4
s12/o4k12b2k2b2k2b2ly16dr3ly2lr2ly4~x2	4
s12/o4w2o2r3o19b6db3b2db2b2db15o3~x2	4
s12/o4w2o2w3o18k6g3k2g2k2g14b3~x2	4
s12/o4w2o2w3o20db6lb3db2lb2db2lb16r3~x2	4
s12/o5db2r14do9b8lb3r3lb3r3lb3b19w3~x2	4
s12/o60g2db4r1db4g2o3w1dp20w1o5db2~x2~o2500000	4
s12/o63k4lb9y2db4y2db4o11r8lb2r4w5~x2	4
s12/o6dr4o24dg14ly9o3ly3o3ly9dg24o9ly6~x2	4
s12/o8dp28dg4dp8dg4k12dp7k12db28t4db8t8~db1208266-t2508259	4
s12/o8dti8o4dti28dt12n6dt12dr4n8dr4n29lb6~o2500000-dti1102249-dt0900000-n1900000	4
s12/o9w2o18k3o3k3o3k12n30k6n6r6~o2500000-n1900000	4
s12/oi22o3k7y2k2n2k2db10dy6k2dy3oi2~x2~oi2104058-o2102055-n1901180-dy1703114	4
s12/p10k1dg4k1p10r4p10k1o4k1p10y4~x2~p2006332-o2208036	4
s12/p1dr1p1dr6dg26mi14dr20lb1dr1lb1dr2m1~x2~p2312307-mi2506332	4
s12/p6lp22lr4lp6lr4m10lp5m10lb22lg4lb6lg6	4
s12/r10db4r3db6w3db4w3db40dg73k4db2ly6	4
s12/r10db4r3db6w3db4w3db40g73k4db2y6	4
s12/r12g6k4g2k4g1k12r24ri4g3w3k10~x2~r1807008-ri2109032	4
s12/r12ri2dg4ri2r2dg6r2ri2dg4ri2r12k1~x2~r1807033-ri2109032-dg1806142	4
s12/r134lb10k14y2k3w3k3dg21r11k3r4w2	4
s12/r14g2dp10r2g14dp3g14r2dp10g2r14dp3~x2~r2406019	4
s12/r14lb4dt6y1dt2w2dt2g12r6dt2r2w1~x4	4
s12/r14lb4k6y1k2w2k2g12r6k2r2w1~x2	4
s12/r155lb16k34db48r18y6r9~lb3203246-db1106275	4
s12/r15k1lo2g3r2k1lo15~x6~lo2906085	4
s12/r15w7r10db7w3k3w3r8db5w3k3w3~x2	4
s12/r15w7r10ki7w3k3w3r10ki5w3k3w3~x2~ki0604259	4
s12/r16db2r2db2r2db16g16dy1r16db16r2n2~x2	4
s12/r16dg2r3dg2r13dp12w2dp12r13k13r2ly2~x2	4
s12/r16g2r3g2r13ki12w2ki12r13k13r2y2~x2~ki0604259	4
s12/r16k2r2k2r13k12r2k12r13k13r2y2~x2	4
s12/r18b2k3y1k1w1k1g4r2k1r1w1~x4	4
s12/r18db2k3y1k1w1k1g4r2k1r1w1~x2	4
s12/r18db2k3y1k1w1k1g4r2k1r1w1~x4	4
s12/r18db2k3y1k1w1k1g4r2k1r1w1~x8	4
s12/r18db2k3y1k1w1k1g4r2k1r1w1~x8~db1406275	4
s12/r19lb13k16y3k3w5k3g32k2r15lb5r15~x2	4
s12/r1db6k1db1k8g1k8dp2g1k1g6lo1~x4	4
s12/r1k1db4w1db1w1db4k1r1k1g4y1~x4	4
s12/r1lb1r6db3r1g6r1g6r6db1r1lb1	4
s12/r1lb1r6db3r1g6r1g6r6db1r1lb1~x2	4
s12/r1n20r1n3w1k1w1k4n3k1n2y1~x2	4
s12/r1w1r6db3r1g6r1g6r6db1r1w1~x2	4
s12/r20dg5r5dg30y8g10k10dg30r5dg5r20g20~x2~dg1806142-g2203152	4
s12/r20g3r3g13r6k10db14w3r3w3db14k12~x2	4
s12/r20lb14k17y2k3w3k3g24r14k4r4w2~x2	4
s12/r21db4k5y2k2y2k2r7g4r2db3y2~x2	4
s12/r21db4k5y2k2y2k2r7g4r2db3y2~x4	4
s12/r22db5k10g12k2g12k10db3k2db3k2db16~x2	4
s12/r22db5k10g12k2g12k10db3k2db3k2db16~x2~r2109032-db1406275	4
s12/r22k1r4w1r1k1w1r4w4r1w2k1~x4	4
s12/r23g3ly1g3r2db18r2w1g3r2db2r23~x2	4
s12/r23g3y1g3r2db18r2w1g3r2db2r23~x2	4
s12/r24k2g8k2r8k1g24db6k2r14g18k4~x2	4
s12/r24k2g8k2r8k1g24lb6k2r14lb18k4~x2	4
s12/r24k3r3k3r3k15g3k3g20k2g2w3~x2	4
s12/r24w3y4dg18dp18g3lb4~x2	4
s12/r25ly5db6lb2db2lb2db2g10dp10db1dp3lb2~x2	4
s12/r26b2r6n2r2n2o2n9w5dg2w4o2~x2	4
s12/r26k2r6k2r6k20w2db44w2k6g64k3	4
s12/r26lb2r6n2r2n2ly2n9w5ri2w4ly2~x2~r2109032-ri2406019	4
s12/r26w1k8y1g13k1w4k1y2k4lb3r8~x4	4
s12/r28g2r2g2db12g18r2g18db12r15g2r3~x2	4
s12/r28g2r5g2r28db3r3g24r3db24r3db3~x2	4
s12/r2b3r1b16t2b9t9b3t15g1t3g2~x2	4
s12/r2db1r10k4r2g8r2g8r7k1r2db1~x2	4
s12/r2db2g16y1db6r1y1r1db6y1g16y2~x2	4
s12/r2db5k5g5lr2g5k5lr2k2lr4k2lr2~x2	4
s12/r2dg18g2dg2g2dg2g12db3k13dg10k2ly2~x2	4
s12/r2dt6g15db6dt4db4dt28db4dt4db6g6y2~x2	4
s12/r2g2r2g8r2g2r2db2r11y1r4y1~x4	4
s12/r2k1r1k1g15r4db4r3db3y1k1y2~x6	4
s12/r2k34w2k2n27g1n2k3n2y1n2r2~x2	4
s12/r2k34w2k2n27g1n2k3n2y1n2r2~x2~k0504259	4
s12/r2lb20k3r2k2r3k2r3k2r3k2w2~x4	4
s12/r2lb22g3r2g2r3g2r3g2r3g2w2~x4	4
s12/r2lb6r1dy14r1dy14r1k6dg10ly1dg2ly2~x2~dg1403152-ly2705081	4
s12/r2lb6r1dy14r1dy14r1k6g10ly1g2ly2~x2	4
s12/r2ri2r14db2r2db5r2db2r2db12r1y1~x4~r2109032-ri2307033	4
s12/r2y1k2r13k2r2k2r2k12r2y1g2~x2	4
s12/r30w24dg15b15w24r30w24b15dg15w24r30w23~x2	4
s12/r30w24dg15g15w24r30w24g15dg15w24r30w23~x2	4
s12/r32k3lo6g10r6k3lo32~x2	4
s12/r36db4k6y1k1w1k1g8r4k1r2w1	4
s12/r36db4k6y1k1w1k1g8r4k1r2w1~x2	4
s12/r36dg4r13dg13r4dg4r4dg13r13dg4r36lo4~x2	4
s12/r36y4r1y4r4k8r4k2r4w2r1w4~x2	4
s12/r37k3r7w3dg3ly3dg2db10k6db3dg3w4~x2	4
s12/r3db16k16g4k2g2k2g34r4g3r2g3~x2	4
s12/r3db1ri20db20w2db2w2db2w32dg1db1r3~x2~r2108022-ri2806019	4
s12/r3dg14r3ly1r3dp8r3ly1r3dg14r3ly1~x4~r2109032-dg1605139-dp1105325	4
s12/r3dg4r3dg4k4dg2k50dg2k4g3k4g3~x2~dg1806142-g2408144	4
s12/r3g3r3g14r3g3r3db5r18y2r8y2~x2	4
s12/r3g8r2g18dr5g3do3g3do16g3do3g3~x2	4
s12/r3k2dp12w2dp12k12g12lo2g12k2r1db2~x2	4
s12/r3k2dp12w2dp12k12g12y2g12k2r1b2~x2	4
s12/r3k2dp12w2dp12k12g12y2g12k2r1lb2~x2	4
s12/r3lb19k4r3k3r7k3r5k3r5k2w2~x2	4
s12/r3lb3r3lb12k6g3k4db16k4g3k6lb3~x2	4
s12/r3n23k3db3k3n18k2n2k2n2k19ly3~x2	4
s12/r3ri4g3dp3ri11g30ri3dp7g3r2ri4w2~x2~r2208029-ri2209032	4
s12/r40k1r3k1w3k4w3k1r3k1r40k4~x2	4
s12/r40lb2r6n2r2n2lo2n9w5ri2w4lo1~x2~r2109032-ri2806019	4
s12/r46w2r2w3r2k3db7k2dy2r2g8w3~x2	4
s12/r47k1r6w3db2w3r6k13g2w2r2k13~x2	4
s12/r4db11lb4w3lb4y6db3k3db4k1db30w3~x2	4
s12/r4db11lg4w3lg4ly6db3k3db4k1db30w3~x2	4
s12/r4db21w2db20dbi21db2dbi2~x2~db1404245-dbi1406275	4
s12/r4dg2y2dg24k2dg3k3dg3k10b10w2b4~x2	4
s12/r4dy14lo2dy4lo2k6dy3k6db14r2db4r4~x2	4
s12/r4dy4db9w3dy2k9db21dy2db2dy2db8dy3~x2	4
s12/r4g16db24k4w4g24k3g3k3g3w24g4	4
s12/r4g1r1g18k1g1k1g8r28g1r1g4~x2	4
s12/r4g21r4k7r34lo3r4~x2	4
s12/r4k2db16k17dg16k2y4~x2	4
s12/r4k4r28dp4g4k10g4dp4g4dp8k1w3~x2	4
s12/r4ki2g7ki15g3ki3g3ki7g28k7g6k2~ki0604259	4
s12/r4ly27dy9w2t2dy2t4~x3	4
s12/r4o14dg2o4dg2k6o3k6ki14r2ki4r4~x2~ki0604259	4
s12/r4oi14w2o4w2k6oi3k6db14r2db4r4~x2~oi2104058-o2102055	4
s12/r4w1dr36db4k1db3k10w1db4w1k8w1~x2	4
s12/r4w2r3dg6r2dg2r2db16r2lb2r32w2~x2	4
s12/r50ly8r15ly2dp3w3dp3dr31r13ly3k5w2~x2	4
s12/r52db12n9y2n2g2n2dg11r7n2r3db2~x2~g2408144-dg1806142	4
s12/r52t16k16g22r16lo3r16~x2	4
s12/r5w2db2w2y5w2lb2w2k7db14lb30w4~x2	4
s12/r5w2db2w2y5w2lb2w2k7db14lb30w4~x2~lb3201240	4
s12/r60db2g24r8db2lb3db2	4
s12/r62dr1r6dr9n2k2dr9w6n1w6n20w2~x2	4
s12/r64lb16dp18y4dp4w4dp18g32r14lb4r14w3~x2	4
s12/r66db2k11ly4k2w4k11g2r8k2r8w2	4
s12/r66db2k11y4k2w4k11g2r8k2r8w2	4
s12/r68n5k9y3k3lb3k3dg20r9k3r5lb4	4
s12/r6g1r6k4r1lb1r1g8r6k1r6g1	4
s12/r6g1r6k4r1lb1r1g8r6k1r6g1~x2	4
s12/r6g1r6k4r1lb1r1g8r6k1r6g1~x6	4
s12/r6g1r6k4r1w1r1g8r6k1r6g1	4
s12/r6g28r6dp2r6dp19r6dp2r6g28r6dp2~x2~dp1607327	4
s12/r6k20y4dy10t21k4t21dy10y4k20r6t3~x2	4
s12/r70w2r1w4r1k2db9k1y2r1g9w3~x2	4
s12/r7b2db2r2g32r6db12r41g2r5b2g5~x2	4
s12/r7ri2db2r2g32r6db12r41g2r5ri2g5~x2~r1707016-ri2208029	4
s12/r7y3r27k14o5k3o5k3o8g3o4g4~x2	4
s12/r87db8k11y2k3w2k3g13r11k2r5w3	4
s12/r8dr48riii6ri48riii3ri6riii6ri4riii8ri2riii22rii8~r1606028-dr1305012-riii2806019-ri2109032-rii2406019	4
s12/r8g1r8g16r4k2lb1k4r8g1r8k1~x2	4
s12/r8g2k2ly2k2y2k2g18db2g2db29k3~x2	4
s12/r8g2r2g6r4k8db12w2r2w2db12k5~x2	4
s12/r8g4r30db6r2k1r2g6r8k1r4y2~x2	4
s12/r8g4r30lb6r2k1r2g6r8k1r4ly2~x2	4
s12/r8k1r1k5r1k1r8k1r1k30r1y2~x2	4
s12/r8lb7k8y2k1w2k1g19k1r8lb3r8~x2	4
s12/r8ly2r22k10dg6k6dg10k6dg10dgi3dg3dgi4~x2~dg1303152-dgi1605139	4
s12/r8ly2r24k6dy3g2dy3g2dy3k3w3k2~x2	4
s12/r9g2r3g2r9g3r3db3r3g3r3db3~x2	4
s12/ri8dr8r8y3db1g1ri8dr8r9y3db1g1~x2~ri2209032-r1707016	4
s12/t10r5w2db2w2r2w2db2w2r5t10k2~x6~t2405244	4
s12/t12n4r4n4k2n56r18w1db4w3db4w1~x2~t2405244-r2109032-db1406275	4
s12/t15w13dy6t2dy2r2dy2t2dy6w13t15r3~x4~r2109032	4
s12/t18k7g5r4g7k1y2~x2	4
s12/t1w6lb1w1lb2r2dg2k2w1t2db16w1~x4	4
s12/t20g3dy3t3r7g6t3k12t3k3t24w3~x2	4
s12/t2w1t12ly3t7dy2ly1t2k1g4w1t2~x4	4
s12/t33db3t7db3t33r2k22g3dbi49g3k22r2~x2~db1106275-dbi1406275	4
s12/t33lo6dr3lo6k3lo15t32~x4	4
s12/t38dp4t8w2t4w3t4dg14r7t2r4w2~x2	4
s12/t3b6dg12t14dg2b17t3dg1t3b17dg2lb3~x2	4
s12/t40r2t7db5ly2db3w2db10n6t2n4w2~x2	4
s12/t45y6t3y6t3w3db5w3db5w20t2w3~x2	4
s12/t48dp4t8lr2t4r3t4dg14dr7t2dr4r2~x2	4
s12/t4dp3g1dg9lb1r8k1~x4~t2503227-g1903114-dg1806142-lb3200000-r2109032	4
s12/t4r3k3r6k8t10w8k12w8t24k2t2~x2	4
s12/t50r3t4k8n4k2y3k2r12w2r4t4~x2	4
s12/t6k1r4k1t38k17n12dy5n5dy25k1ly4~x2	4
s12/w12k3w28g6k4w2k2w14r11g3r4w4~x2	4
s12/w12lb2k5lb2k10lb2k15lb2k20lb2y25lb2~x2	4
s12/w12ly1dy1lo1ly22lo1dy6ly4dy3ly2lo12ly2~x4	4
s12/w15db2k3y1k1w1k1g3r4k1r1w1~x2	4
s12/w15n25r10w5n25w7n16k9n17k10n23r9	4
s12/w15n25r10w5n25w7n16k9n17k10n23r9~x2	4
s12/w1db1r7g2r2g6r1g6r2g2r8lo1~x4	4
s12/w1r3w1r28ly1r3ly3r1ly28w1ly3w1~x2	4
s12/w20ly4w12dp2w4lb3w4t18db10w2db4lb2~x2	4
s12/w20r5w5r81w5r5w20k5w5k60y10k4	4
s12/w24db12w1db2w2db2w1db12k3db4k3db20~x2	4
s12/w24db50k2db8k4db2k4db8k2r40w5db10	4
s12/w24dr2w3dy1ly1dy1w1dy6o6lb1o2w1~x4	4
s12/w28lb19dbi19w4db2b2dbi7~x2~dbi1406275-db1204274	4
s12/w2db1w15lb12w1dy3db1~x6	4
s12/w2db32lb11w4k11dy7lo11n11w4n4w76lb2	4
s12/w2g2r3g2r3g2r3g2r2g3lb13r1~x4	4
s12/w2k1dg8r2dg8k6db10r4k2r2k1w2~x2	4
s12/w2r32lb11w4k11b7ri11lbi11w4lbi4w76lb2~ri2807041-lbi3200000	4
s12/w2r5b4g8b4r5w2r5b40g8b4w2~x2	4
s12/w2y1r3g20r1y1r3y2dy14ly2r2ly2~x2~g1903114-ly2706114	4
s12/w31db4k6y2k2w2k2g7r4k2r2w2~x2	4
s12/w36db4k6y1k1w1k1g8r4k1r2w1	4
s12/w36db4k6y1k1w1k1g8r4k1r2w1~x2	4
s12/w36db5k5y1k1w1k1g8r4k1r2w1	4
s12/w36k8w36k95w4k4r6	4
s12/w39db3k6y3k3w3k3g8r5k3r3w3~x2	4
s12/w3dr20g2r5n2r4n2r2n4r1n20lb3~x2	4
s12/w3dr3k3dr10t7db8g4db3g3db3g13lo3~x2	4
s12/w3g7db2g5dbi8db3ly3db3g3db12lb21ly3~x2~db1204274-dbi1406275	4
s12/w3lb2b4lb14t2ti14lo2~x4~lb3300000-t1903246-ti2405244	4
s12/w3ly3r2ly13k3ly4k22ly4k3ly16b2w3~x2	4
s12/w3y3r2y13k3y4k22y4k3y16dp2w3~x2	4
s12/w41db6w10k3w3k3w3g15r9w3r4k4~x2	4
s12/w42db6w10k3w3k3w3g15r9w3r4k4~x2	4
s12/w46n4w9k8w9r4w9dy2w2dy2w2dy2~x2	4
s12/w46n9w4k8w9r4w9dy2w2dy2w2dy1~x2	4
s12/w46r3w7do2y2do2w2do11o6b2o3w2~x2	4
s12/w4db14r1db1w1db1r1db14r14db1r1w1~x2	4
s12/w4db1w2db3w24lb5db3lb1db1lb1db20w2~x2	4
s12/w4db2lo8db2n2db2n2db23lo10db2lo7db2~x2	4
s12/w4db8w4lb8w2lb2w4db42r1y2r1db2~x2	4
s12/w4dg1g31y1g4dg21db4dg1db36r2db9w2~x2	4
s12/w4dp1w2dp3w24r5dp3r1dp1r1dp20w2~x2	4
s12/w4dr8dg1db4dg1db4dg1r25k25dg2k1dg2~x2	4
s12/w4dr8g1db4g1db4g1r25k25g2k1g2~x2	4
s12/w4k1r2k1g9k2t24k2r6k2g12y2~x2	4
s12/w4k1t33w4ly15g4ly3t4ly15lyi2g30k2~x2~ly2503076-lyi2705081	4
s12/w4k1w2k3w23db5k3db1k1db1k19w2~x2	4
s12/w4k2db9k3b3k3b3k25g10k2b6w2~x2	4
s12/w4k2t9k3dp3k3dp3k23g10k2dp6w2~x2	4
s12/w4k2t9k3o3k3o3k23g10k2o6w2~x2	4
s12/w4k2w2k28dt4k2dt2r1k13r1g13r2~x2~k0504259-dt1602222	4
s12/w4k8db2lb2db4g16y2k15db6lb2k3lb4~x2	4
s12/w4lb1w2lb3w23db5lb3db1lb1db1lb19w2~x2	4
s12/w4m1w2m3w24r5m3r1m1r1m20w2~x2	4
s12/w4r1db18k6w5k4w4k4w3k2r1db2~x2	4
s12/w4r1w2r3w24dp6r2dp1r1dp1r20w2	4
s12/w4r1w2r3w24dr5r3dr1r1dr1r20w2~r1908029	4
s12/w4r1w2r3w24dr5r3dr1r1dr1r20w2~x2~r1908029	4
s12/w4r2dp2r2b2dp38b2r12dp2w1dp3r2~x2	4
s12/w4r2dp2r2dpi2dp38dpi2r12dp2w1dp3r2~x2~dp1105325-dpi1607327	4
s12/w4ri1w2ri3w24r5ri3r1ri1r1ri20w2~x2~ri2008029-r1707016	4
s12/w4ri1w2ri3w24r5ri3r1ri1r1ri20w2~x2~ri2209032-r1707016	4
s12/w4t14r1t1w1t1r1t14r14t1r1w1~x4	4
s12/w4t14r1t1w1t1r1t14r14t1r1w1~x4~w4000000	4
s12/w4t8w4lg8w2lg2w4t42r1ly2r1t2~x2	4
s12/w52db2k7w3k2dp2k1db9g8k2g3y2~x2	4
s12/w5db1w16db4w4k6g10dr2g10k6db10dr2~x2	4
s12/w5db2w17db5w5db9g12r3g12k9db11r3~x2	4
s12/w5db6r20k6t5k3db26r2ly1r2db3w3~x2	4
s12/w5db6r20k6t5k3db26r2ly1r2db3w3~x2~t2003246	4
s12/w5dr1r20dr4w2dr4w2dr24o2dr1o4dr4~x2	4
s12/w5g2w23k7db4k3db3k3db11r2db2r3~x2	4
s12/w5k4r4g5r39k10db2k2db2k2g22ly5~x2	4
s12/w5lb2w2lb3w17k6n2k2n2k2n14r3~x2	4
s12/w63k4lb9y2lb4y2lb4o11r8lb2r4w5~x2	4
s12/w6db20t5db5t5db20r14db4k18db30lo4db4~w3600000-t2607245	4
s12/w6dg2w27k10db4k4db4k4db15r2db2r4~x2	4
s12/w6dp4w32k32w5k12y4~x2	4
s12/w6n2db6n2db25n2dr1n2ly3lb5w6n4~x2	4
s12/w6r2w24db12b3db2b2db2b12y1b1y3~x2~db1108266-b1511266	4
s12/w6r2w24db12dbi3db2dbi2db2dbi12ly1dbi1ly3~x2~db1404245-dbi1606275	4
s12/w8b8w4b64db6lb6b4lb6db10b30lo2w5~b2008266-db1004274	4
s12/w8k9y9r21y6k6w4k6y6r49k22w4	4
s12/w8t8w4t64db6lb6t4lb6db10t30lo2w5	4
s12/w9b4w40dg9db1w3k3w20b18dg4b6w3~x2	4
s12/wi10w2ri3y2ri2w2ri2n14r22wi2r6ri2~x2~wi3600000-ri2109032	4
s12/y12lo12o12g2r2y2dp12db12g12dp2r2db1~x2	4
s12/y14lo1y1lo1y2k3y3k3doi3do1doi9lo1~x4~doi1402055-do1103038	4
s12/y1db4y1db3y1k8y1k8db6y1db1y1~x4	4
s12/y1g6k1db1k1db1k6r12g1r1k1w1~x4	4
s12/y1k1g1dg16r1dg16k1o2k2dg1g12w1~x2	4
s12/y1r8g2r2g6r1g6r2g2r7db1w1~x2	4
s12/y1r8g2r2g6r1g6r2g2r7db1w1~x4	4
s12/y23o4dy6dg6y4lb1y4~x4	4
s12/y2db17k4w2k2y2k2db4g6k2g2w2~x2	4
s12/y2g16lb2w2lb2w2lb6g7r2w1lb1dp1~x2	4
s12/y2g16lb2w2lb2w2lb6g7r2w1lb1dp1~x6	4
s12/y2o2y12dg2y32o2y1g2y1o2y1g2~x2	4
s12/y2r9db3dg12r2db40r2dg20db2r18db2w2~x2	4
s12/y2w1r2k20r9k20y7n20k5y1k1r1~x2	4
s12/y2w2k3y1r8w6y8r2w1r1w22k1~x2	4
s12/y3dg15ki3dg3ki3dg4ki8db8r11k3r3w3~x2~ki0604259	4
s12/y3g15r2db8lb2r8g8r2dg15r2dg2lb2~x2	4
s12/y3lb21db12g3db3y3db3gi8g5db2g7w3~x2~db1003265-gi1902194	4
s12/y3r10g4y8do2y8dp11do16y4g4r10y3~x2	4
s12/y3w12k3w3k3w3k7db48k7db3g14w3~x2	4
s12/y4db55n4k4db2y2db2w5db3r2n2k2~x2	4
s12/y4dg19db4dg4db4dg6db12dbi12r15k4r4w4~db1204274-dbi1406275	4
s12/y4g20r3db11lb3r11g11r3k20r3k3lb3~x2	4
s12/y4g24k3g2k3g24y20k3y2k3y20g4	4
s12/y4k2r7k15r3k3r3k7r28dg7r6dg2	4
s12/y4k2r7k15r3k3r3k7w28r7w6r2	4
s12/y4lr2y2lr3y20k6do4k2do2k2do16r3~x2	4
s12/y4w2r16n8k1n3k2n2k3n2k22lb4~x2	4
s12/y4w2r19n8k1n3k2n2k3n2k26lb4~x2	4
s12/y4w2y2w3y20k6do4k2do2k2do16r3~x2	4
s12/y5g19r2t11lb2r11g11r2k20r2k2lb2~x2~t2503227-lb3103284	4
s12/y5g22k2db2k2db2k10r38g5r4k4w5	4
s12/y5g22k2db2k2db2k10r38g5r4k4w5~x2	4
s12/y5k1y6g20w1g3w1g3w1g30k1y2~x2	4
s12/y68dy4g9r2g3w3g3dy12y6g3y3w3~x2	4
s12/y68dy4g9r2g3w3g3dy12y6g3y3w3~x2~g1903152	4
s12/y6k2r8k4dr64dg14k63r4k4r8k2y6	4
s12/y6w2n4lb1dt6lb1t40lb1dt6lb1n4w4~x2~dt1102249-t2105244	4
s12/y7db5y25db26lb4db4r3db4g4db26y25db5~x2	4
s12/y7db5y25db26lb4db4r3db4g4db26y25db5~x2~db1106275	4
s12/y7do5dg4do3dg4do6r4do1r4do6y7r1~x4	4
s12/y7rii42dr4r12rii6r12ri28dr4ri8dr8ri8dr4~rii2108022-dr1004029-r1506019-ri1807008	4
s12/y8g2k4lo1k1lb1k1do8y3k1y1lb1~x4	4
s12/y9g7db3r28db4g7db5lb4db5dg7db3w6~x2~g1903114-dg1806142	4
s12/yi10lb2do4y2do3w3do3ly18w30n2w4do2~x2~yi2400000-n1700000	4
s12/yi12n2dy4y2dy3w3dy3w19r30yi2r4dy2~x2~yi2400000-n1700000	4
s13/b12db3n3w2n3db3b5k8db31lb5db8w4r6~x2	4
s13/b12r4db4b42r6b6db11b6dg19b8r4b6db6	4
s13/b15g5b5g60b13g10db67g5k5g5k5g13y10	4
s13/b1dy1o8k1b1k1dy8k1dy1k1dy1k8ly1~x4	4
s13/b1k1b3k3dg4k1dg4k3w1b1w6b1w1~x4	4
s13/b24w1b2w2dg2w1dg12w1dg2w2dg2w1dg12~x2	4
s13/b24w1b2w2do2w1do12w1do2w2do2w1dg12~x2	4
s13/b2db1b4db4g4lo2g4db4lr3db3lr6db2lr2~x2	4
s13/b33y1b3r3g3y1g21y1g3r3g3y1g21~x2	4
s13/b38k4r3dy6w2dy2w2dy2k12b6dy2b6w2~x2	4
s13/b3db3b3db3b3dr22y2db2r22lb5r8y2lb2~x2	4
s13/b3g1b1g14o2g2o2g4o11dg25y2dg3w2~x2~g2508144-dg1104144	4
s13/b3t3b3t3b3g22t2y2t22r5b8y2t2~x2	4
s13/b3t3b3t3b3g23t2y2t23r6b8y2t2~x2	4
s13/b3y1lb1w15lb1r4lb1w1lb15r1lb1r1lb3~x4	4
s13/b4g2b25dg16k5b2dg2b2dg8b4k2b2g2~x2	4
s13/b4lb2b25dg16k4b2dg2b2dg10b4k2b2lb2~x2	4
s13/b4r10g7r70g7r4dp21r4g85r4g7r10b4	4
s13/b4r4db44w6db5o4db3o8db3o16b4r22w4	4
s13/b5w2b2w4k27w2dg2w2dg6w2dg2w22dr2~x2	4
s13/b5w5b5w5b15w1o2w1b21ly2b5k2ly4~x2	4
s13/b64dr3k3w2b3dr28dg26b3dr3k3ly2b3dg16~x2	4
s13/b8k4db15k16g16k4g6k4g16k16w2db6dr6~b1712264-db1108266	4
s13/b8y2b2k6b11r2ki12k12r2k6y2k4r3~x2~ki0604259	4
s13/b9r5b47dg13k11b5dg5b5dg21b11k5b5r5	4
s13/b9r5b51dg13k13b5dg4b5dg23b11k5b5r5	4
s13/db10g5db5g60db13g10dbi67g5k5g5k5g13y10~db1106275-dbi1204274	4
s13/db10r3db10k7dy5w2dy5w2dy5k7g10r3g7~x2	4
s13/db11do1db1do1db1do8g8do1g8do8db8do1db1~x2	4
s13/db11k1db1k1db1k8dg8k1dg8k8db8k1db1~x2	4
s13/db11k1db1k1db1k8dr8k1dr8k8db8k1db1~x4	4
s13/db11k1db1k1db1k8g8k1g8k8db8k1db1	4
s13/db11k1db1k1db1k8g8k1g8k8db8k1db1~x2	4
s13/db11k1db1k1db1k8g8k1g8k8db8k1db1~x4	4
s13/db11k1db1k1db1k8g8k1g8k8db8k1db1~x4~db1406275-k0700000	4
s13/db11k1db1k1db1k8w8k1w8k8db8k1db1~x4	4
s13/db11k1db1w1db1k8g8ly1g8k8db8w1db1~x2	4
s13/db11k1db1w1db1k8g8y1g8k8db8w1db1~x2	4
s13/db11k2db2k2db2k8dp8lo2dp8k8db8k2db2~x4	4
s13/db11o1db1o1db1o8g8o1g8o8db8o1db1~x2	4
s13/db12dy2y2dy2db2dy10g10dy3g12dy10db11r2y2~x2	4
s13/db12dy2y2dy2db2dy10g12dy3g12dy10db11r2y2~x2	4
s13/db12k2db2k2db2k10dr12k3dr12k10db12k2db2~x2	4
s13/db12k2db2k2db2k10g12k3g12k10db11k2db2~x2	4
s13/db12k2db2k2db2k12g12r3g12k12db12k1r3	4
s13/db12k2db2k2db2k12g12r3g12k12db12k1r3~x2	4
s13/db12k2db2k2db2k12g12y2g12k12db11k2db2	4
s13/db12k2db2k2db2k12g12y2g12k12db11k2db2~x2	4
s13/db12k2r2k2r2k12dg11y2dg11k12db11k2r2~x2	4
s13/db12k2r2k2r2k12g11y2g11k12db11k2r2~x2	4
s13/db12r2db4r5db16r2k16dy2g16r5g4r2g12~x2	4
s13/db12w2db2w2db2r10g12r3g12r10db12w2db2~x2	4
s13/db13k3db5k6g18k2dp9k2db3k2dp11k4r4~x2	4
s13/db13r4db4r9db14r4db14g15r8g8r4g8w4~x2	4
s13/db13w3db13k3db3k8db3k15y3r3g3w3r3~x2	4
s13/db14k3db3k3db3k16g16k3g16k16db16k3db3~x2	4
s13/db14lb2w2lb2db20k20r17w4r3w3r3w3r5~x2	4
s13/db15lb2w8lb2db42k42r42w8r4w4r4w4r10~x2	4
s13/db15w2db15y2db15r2db15y2db15w2db15r4k2~x2	4
s13/db16g4k4n22db5n22k3r5g4n4g4r4k4~x2	4
s13/db16k2db2k2db2k12dg13k2dg13k12db12k2r1~x2	4
s13/db16k2ly2k2ly2k15db14k2db14k15db16k4w1~x2	4
s13/db16k3db3k3db3k16dg15k3dg15k16db15k3db3~x2~db0806265	4
s13/db16k3db3k3db3k16dg19lo3dg19k16db15k3db3~x2	4
s13/db16r2db2r7db31r2k32w3g31r7g2r2g16~x2	4
s13/db16r2db3r4db18r2k16dg16r4dg3r2k2ly10~x2	4
s13/db16r4db4r4db4r29g27r4g27r29db26r4db4~x2	4
s13/db17k2m2db17k14dy1w2dy1k4dy1w2dy1k14~x2	4
s13/db17r3db4r5db20r3k20g20r5g4r3k3y11~x2	4
s13/db18dy4db3dy3db3dy18g18r10g18dy18db18dy3r10~x2	4
s13/db18o4db3o3db3o18b18r10b18o18db18o3r10~x2	4
s13/db18w1db1w1db4r4k1g12dy1g1dy1g1dy1~x4	4
s13/db1k1db6k6g6k1w1k1g6k6db6k1db1~x8	4
s13/db1k5db9r3db9k10w1k10g6r3g6k4g1~x2	4
s13/db1r1db8k3g8r1g1r1g8k3w10r1w1~x4	4
s13/db20dr3db3dr3db3k10lr14k4lr14k10db14dr3db3~x2	4
s13/db20dr3k10lo2lb15w2lb4w2lb15lo2k10dr3db20~x2	4
s13/db20g4k4n20db4n20k3r6g4n4g4r4k4~x2	4
s13/db21g2db3g2db2g14dy15g4dy15g14db14g2db3~x2	4
s13/db21g2db3g2db2g14k15g4k15g14db14g2db3~x2	4
s13/db21g2db3g2db2g14o15g4o15g14db14g2db3~x2	4
s13/db21k2db2k2db2k16dg16k2dg16k16db16k2r1~x2	4
s13/db21k3db3k3db3k20dg18r3dg18k20db18k3db3~x2	4
s13/db21n3db3n3db3k20dp18w3dp18k20db18n3db3~x2	4
s13/db22k3db3k3db3k22dp22k4dp22k22db22k4db4	4
s13/db23g4db1w1db3g5db1dp4db3y1g3w1g4~x4	4
s13/db23k2dr2k2dr2k16g17k2g17k15db17k2r2~x2	4
s13/db23k3db3k3db3k17g22y4g22k17db22k3db3~x2	4
s13/db23k3db3k3db3k22g22w3g22k22db18k3db3~x2	4
s13/db23r6db6k10y3k2w2k2g11r12k2r10w2~x2	4
s13/db24k2db2k2db2k20dg20dy3dg20k20db24k2dr4~x2	4
s13/db24k4db2k12g16k1r3k1g16k12db12k1w3~x2	4
s13/db24k4g8y4g8k4w4k4w24k1w2k1y3~x2	4
s13/db24r2db8y5db4w5db4y5db4w5db8r2db24~x2	4
s13/db25lb8db8lb8db8lb46w46lp8w46lb46db46lb8db8	4
s13/db26k4db4k4db4k27y5g47y5k27db25k4db4~x2	4
s13/db29r2db10y5db4w5db4y5db4w5db10r2db29~x2	4
s13/db2b1db4b4g4lo2g4b4w3b3w6b2w2~x2~db1106275-b2008266	4
s13/db2dr2db12k5dg12dr2dg2dr2dg12k5w14dr2w2~x2	4
s13/db2g6db27r2k2w2db2r24g23db2r2k2y2~x2	4
s13/db2k2db11k10g12k3g12k10db2k2db2k2db2~x2	4
s13/db2k2db12k18w1g14r2g14w3k18db12k2db1~x4	4
s13/db2r11g2r11g21r2k9lb2db11r11g2r11db2~x2	4
s13/db30k5db5k5db5k24g24y6g24k24db24k5db5	4
s13/db35lb7db7lb7db7lb35w36r7w36lb35db35lb7db7	4
s13/db36m2k3lb2k8lb2k3m2dg11g6dg4g4dg20~x2	4
s13/db3dg22r5dg5n5w1n1dg1g8db6n1db5dg2~x2	4
s13/db3k1db1k1db1k4g4w1g4k4db4k1db1	4
s13/db3k1db1k1db1k4g4w1g4k4db4k1db1~x2	4
s13/db3k1dr1n24dr1n4lo3db1k4dr1n8dr1k1~x4	4
s13/db3k3w1dr3k8db2dg36db2k8w1k3db3y2~x2	4
s13/db3r1db1r2db6r1k6g6r2g1r1g2y1~x2	4
s13/db3r1db1r2db6r1k6g6r2g1r1g2y1~x6	4
s13/db3y1lb1w15lb1r4lb1w1lb15r1lb1r1lb3~x4	4
s13/db4b23db8b1db3b2db2b2db2b3db1b4y4~x2~db1108266-b1511266	4
s13/db4dr4dbi44w6dbi5dy4dbi3dy8dbi3dy16db4dr22w4~db1106275-dbi1204274	4
s13/db4g17dg1dbi2k6g2dg12g2k6dbi2dg1dbi18w2~x2~db1204274-dbi1406275	4
s13/db4k1db2k1db6o2k4o2k8lb2g12o2g4~x2	4
s13/db4k1db5k4g8r4g8k4r3db3r12db2r4~x4	4
s13/db4k2db2k2db2k14ly1g22ly1k14db12k2db2~x4	4
s13/db4k4db10k10g12ly2g12k10w4db4w16db3w2~x2	4
s13/db4k4db10k10g13y3g13k10w4db4w16db2w3~x2	4
s13/db4k6db10k20g4y3g4k20w4db4w20db2w3	4
s13/db4lb1g4r2g14db2g1db1lb1db1lb13r1g1~x4	4
s13/db4r1db1r18db10r1g1r6g10r6w1r4db1~x2	4
s13/db4r3b23db16w5b3r2b3w5b11db2r1db4~x2	4
s13/db4r3lb23db16w5lb3r2lb3w5lb11db2r1db4~x2	4
s13/db4r4db44w6db5o4db3o8db3o16db4r24w4	4
s13/db4y2g24y2k12db3k2db2k2db14dr1db1dr3~x2	4
s13/db50r2k3y2k3r2k3y2k3r2db3r12k2~x2	4
s13/db56k6g24k6db8k21y6k21db8k6g24k6db56	4
s13/db5g1db3dp2g10db3g4db28dp2db2g1db4dp1~x2	4
s13/db5k3r4g9w2g9k9g9w2g9k9y7k3~x2	4
s13/db5w5db5w5db15w1lo2w1db21y2db5k2y4~x2	4
s13/db69lb14db13lb14db13lb69w72r13w72lb69db68lb14db13	4
s13/db6dr30db6dr30db6g6db6dr6db15r2g10db15r2	4
s13/db6dr30db6dr30db6g6db6dr6db15r2g10db15r2~db1104274	4
s13/db6k1db1k1db1k6g6lb2g6k6db6k1db2~x2	4
s13/db6k1db1k1db1k6g6lb2g6k6db6k1db2~x4	4
s13/db6k1db1k1db1k6g6lb2g6k6db6k1g2~x4	4
s13/db6k1db1k1db1k6g6r2g6k6db6k1db2	4
s13/db6k1db1k1db1k6g6r2g6k6db6k1db2~x2	4
s13/db6k1db1k1db1k6g6r2g6k6db6k1db2~x4	4
s13/db6k1db1k1db1k6g6y1g6k6db6k1db1~x4	4
s13/db6k2w3k2db6k4lb9k2r2k46lb2k2db6~x2	4
s13/db6r2db2r3db12r2k10w2g12r3g2r2g6	4
s13/db6r2db2r3db12r2k11w2g11r3g2r2g6	4
s13/db6r2db2r3db12r2k11w2g11r3g2r2g6~x2	4
s13/db80k34w4t8w4k8w4t8w4k34db80w1t8~x2	4
s13/db8dg3ly1dg1ly39dg3r3ly2db11dg8ly2dg3w2~x2	4
s13/db8dr1db2dr3db12dr1k12g12dr3g2dr1g4lb1~x2	4
s13/db8dt1db1dt1db1dt7lr6dt3lr6dt7db6dt1db1~x4	4
s13/db8dy1db1dy1db1dy8g8dy1g8dy8db8dy1db1~x6	4
s13/db8g2k2g2db7r2k6r1k6r2g8k6g7~x2	4
s13/db8k1db1k1db1k7g6lb1g6k7db7k1lb1~x4	4
s13/db8k1db1k1db1k8r1g14r1k8db8k1db1~x4	4
s13/db8k1db1k1db1k8r1g14r1k8db9k1db1~x4	4
s13/db8k1db1k1db1k8y1g13y1k8db9k1db1	4
s13/db8k1db1k1db1k8y1g14y1k8db8k1db1	4
s13/db8k1db1k1db1k8y1g14y1k8db8k1db1~x2	4
s13/db8k1r4k1r4k1r4k1g8k1y1r1w1~x2	4
s13/db8k1w5k1r5dg13k2g4k2g11dg20dy7dg5~x2	4
s13/db8k1w5k1r5dg13k2g4k2g11dg20ly7dg5~x2	4
s13/db8k2db3k12dp3lb1dp3k16g3lb2dr1lb2g8~x2	4
s13/db8k2db3k12dp3w1dp3k16g3w2dr1w2g8~x2~w4000000	4
s13/db8k2db3k12dp3w1dp3k16g3w2r1w2g8~x2	4
s13/db8r1db2r3db12r1k12g12r3g2r1g4w1	4
s13/db8r1db2r3db12r1k12g12r3g2r1g4w1~x2	4
s13/db8r1db2r3db12r1k12w1g12r3g2r1g8	4
s13/db8r1db2r3db12r1k12w1g12r3g2r1g8~x2	4
s13/db8r2db2r4db8g2k10g10k4g2y2g4w1~x2~db1605267-g1903114-k0503265	4
s13/db8r2db3r4db13w2dr13w2g13r4g4y2g8~x2	4
s13/db8r2db3r4db13w2o13w2g13r4g4y2g8~x2	4
s13/db9k12g2lb4g18lb4g2k12db12r2db2r2db3~x2	4
s13/db9k1db1k1db1k7g8y2g8k7db8k1r2~x2	4
s13/db9k2w4db4ly2k10g12k3g12k8r11k2ly4~x2	4
s13/db9k2w4db4y2k10g12k3g12k8r11k2y4~x2	4
s13/db9k9g9k1w1k2w1k1g9k9db9k1g2~x4	4
s13/db9r1db1w1db2k10db8dg2db8k10db10y1lb2~x4	4
s13/dbi32w2db1w2dbi4db1g8w8ly8db1dbi16db1w4~x2~dbi1406275-db1204274	4
s13/dbi3g4r2g3r3g16db16dr16dbi3dr3dbi2dr4y3~x2~dbi1406275-db1404245	4
s13/dbi3k3dbi15k15y3k3g15w3k15db4r6k3y1~x2~dbi1604274-db0805267	4
s13/dbi4db23dbi8db1dbi3db2dbi2db2dbi2db3dbi1db4ly4~x2~dbi1404245-db1106275	4
s13/dbi8k4db15k16g16k4g6k4g16k16w2db6o6~dbi1406275-db1404245	4
s13/dg10k2dg2k2dg2k7db8dp2db8k7dg8k2dg2~x2	4
s13/dg10k3g3k8dr9g3dr10b3dr28g3k3w3k3~x2	4
s13/dg12db3dg3db3dg3k15t20dbi3t20k15dg12db3dg3~x2~db1204274-dbi1404245	4
s13/dg12dp3lb3dp3lb3dp12db3dp3db2dp2db14ly1w3~x2	4
s13/dg12dp3r3dp3r3dp12db3dp3db2dp2db14g1w3~x2	4
s13/dg12k1r2k1dg12n2k12y1k12n2dp12k3dp12~x2	4
s13/dg13r2dg2r6dg25ly2k27r2db25r6db2r2db13~x2	4
s13/dg16k5dg4k8dg44k40dg4db52r10db4r4db10w6	4
s13/dg16m2dg2m2dg2m15r14m2r14m15dg16m2dg2~x2~m2808007-r2109032	4
s13/dg17r2dg2r5dg29r2db31k2g29r5g2r2g17~x2~db1204274	4
s13/dg17r2dg2r5dg29r2db31ly2g29r5g2r2g17~x2	4
s13/dg1lb1dg1lb2k2lb2k2lb2k2lb2ly1lb1ly1~x4	4
s13/dg1r16w1db2w2k4w2k4w2db2w1dg16lb1~x4	4
s13/dg1r16w1db2w2ly4w2ly4w2db2w1dg16lb1~x4	4
s13/dg22w2dg2dr3dt2w2dt19w2dt2dr3dt2w2dt19~x2	4
s13/dg24g2dg4g16dg1k2dg1g16dg3y1dg12n2dg5~x2	4
s13/dg24g2dg4g16dg1lr2dg1g16dg3y1dg12n2dg5~x2	4
s13/dg25dgi7dg25dgi7g5dg25dgi7dg25dgi7g5dr2w2dr2~x2~dgi1806142-g2408144	4
s13/dg25g7dg25g7lg5dg25g7dg25g7lg5dr2w2dr2~x2~g2208144-lg3105139	4
s13/dg25k13dg13ly3dg13k13dr13k3dr13k13dg13ly3dg1~x2	4
s13/dg25k1y2k1dg4k1dr2k1dg4k1lr2k1dg25~x4	4
s13/dg25o2db25lo5dg3dp3dg3lo5db25o2dg27dp5dg2~x2	4
s13/dg25w1k23g7y2g2y2g7k23w1dg39g4dg14~x2~dg1806142-g2507147	4
s13/dg2r36dg11k5w1dg1y1k1w1k1dg16r5w1~x2	4
s13/dg2r3db2r48dg60r21dg2r21db60r48db2r3dg2	4
s13/dg46k5dg6k5dg6k30db38y6db38k30dg36k6dg6	4
s13/dg49dr3w2ly1y3dg19w2ly1dg5dr3w2ly1y3~x2	4
s13/dg49dr3w2y1n3dg19w2y1dg5dr3w2y1n3~x2	4
s13/dg50k3w4k1ly5r4k1w2k2t15k5dg4w2~x2	4
s13/dg55ly20w2ly3k2ly3w2ly3db18k2ly4y2ly3~x2	4
s13/dg6dgi3dg22k2dg4k14dgi5k3lyi5k3dgi20k4ly4~x2~dgi1605139-lyi3104101-ly2705081	4
s13/dg8lo2dg4r4dg13w2dy13w2db13r4db3r2db8~x2	4
s13/dg8r1dg2r2dg12w1k12r1lb12r2lb2r1lb8~x4	4
s13/dgi6g2dr2dgi30lo2g4lo2dg2lo1dg20lo1g2dr4~x2~dgi1806142-g2408144	4
s13/dgi6g2dr2dgi30n2g4n2dg2n1dg20n1g2dr4~x2~dgi1806142-g2408144	4
s13/dgi6g2dr2dgi30y2g4y2dg2y1dg20y1g2dr4~x2~dgi1806142-g2408144	4
s13/dgii11dg1dgii1dg1dgii1dg8g8dgi1g8dg8dgii8g1dgii1~x4~dgii1806142-g2408144-dgi1605139	4
s13/do12k2do2k2do2k10g12k3g12k10do12k2do2~x2	4
s13/do17doi3do2doi1do1doi1do1doi1r3ly2do1ly2ri1~x4~do1103038-doi1402055-r1506019-ri2806019	4
s13/do24g5n2k14dr2k3g3k3n14do6k4do3g2~x2	4
s13/do4dbi2dy8dbi8db9lo2db9dbi8w4ly4w12ly2w4~x2~dbi1605267-db0804274	4
s13/do4dbi2o8dbi8db9b2db9dbi8w4oi4w12oi2w4~x2~dbi1604274-o2102055-db0805267-oi2104058	4
s13/dp11k1dr1k1dr1k7g8k1g8k7dp8k1r1~x4	4
s13/dp12dg1r4dg1r4o5g3o5w34o5r2g2dp4~x2	4
s13/dp13y2k18r22k28db6w2db6k28r22db18y2dp13	4
s13/dp2k3db9k3w2k3db9k2dt3k34dt3k2lb2~x2~w3600000-dt0900000	4
s13/dp2w2dp23db1w3db7w1db2w1db1dp5db12w2~x2	4
s13/dp2y1lb42lo2lb6lr1r1lr1g4lo4lr1y1dp1~x2	4
s13/dp35t7dp7t7dp7t35db36lb7db36t35dp35t7dp7	4
s13/dp36dpi8dp2dpi8dp1lb2dp4lb2dp4lb18w2lb1w4~x2~dp1105325-dpi1607327	4
s13/dp36o8dp2o8dp1k2dp4k2dp4k18w2k1w4~x2	4
s13/dp3k2dp5lb2db12r1db2k1g9dp3g5k12db2~x2	4
s13/dp3k3dp10k11g14db3g14k11w3lb3db15lb2w2~x2	4
s13/dp4dbi20db4dbi6g6w2y4g4r2g18db4r1w4~x2~dbi1404245-db1108266	4
s13/dp4g9db2r2db50lr1db1lr1db1lr1db1lr1db1~x2	4
s13/dp4k3dp20k10db19o2db2o2db25g3db4k6w4~x2	4
s13/dp50lr4dp12b4dp10b8dp4b6dp4b10k12b5k42	4
s13/dp69t14dp13t14dp13t69db72lb13db72t69dp68t14dp13~t2105244-db1003265	4
s13/dp8db24k2db2dp8db2k2db4dy2db4k2dp12w3~x2	4
s13/dp8dy1dp1dy1dp1dy8g8dy1g8dy8dp8dy1dp1~x6	4
s13/dpi17dp3g3dp3dpi4k18db17w4db17k18dpi18dp3g3~x2~dpi1607327-dp1507327	4
s13/dr12w2dr2w2dr2w10b12w3b12w10dr12w2dr2~x2	4
s13/dr12w2dr2w2dr2w10k12w3k12w10dr12w2dr2~x2	4
s13/dr1t4dr4db1dr4db4do1db4do4t1do4t4dr1~x6	4
s13/dr22lb1dr2lb1dr3k16g16y1g16k16dr16lb1dr2~x2	4
s13/dr2do1k1do10dr1do10k13n4k1n11dy9n2lr1~x2~n1700000-lr3000000	4
s13/dr2g13t2k3ly1k1lr1k1g4dr2k1dr2lr1~x4	4
s13/dr2k2db21k8dg16db3dg16k8db3k3db21k2dr2~x2~k0700000-db0805267	4
s13/dr2k4dr2k22n1k3n1k3n1k22y1k8dr1~x2	4
s13/dr2ki2k21ki8dg16k3dg16ki8k3ki3k21ki2dr2~x2~ki0700000-k0504259	4
s13/dr3lb2dr3lb2dr14db6lb3db6g16dr6t6dr6lb3~x2	4
s13/dr3r1db1dr1dg13dr3db4lb1dr16dg2dr2r1dg3~x2	4
s13/dr3w34k2n4k2lo7k2lo7k2n4k2do34lb3~x2	4
s13/dr4dg20k16lo2k3lb3k2t18dr6k2dr4k1lb2~x4~dg1405139-t1903246	4
s13/dr4g20k16ly2k3lr3k2db18dr6k2dr4k1lr2~x4	4
s13/dr4g40db12lo2db12g30k2g4k2g4lo2g3k3~x2	4
s13/dr4k2dr24y2k12db3k2db2k2db12w1db1w3~x2	4
s13/dr4k4dr65k8dr6k35ly2k2g7k35r3k2r4	4
s13/dr5r1db1r3dr1db2dr5r4db4g3k3g3y3~x4	4
s13/dr5r2k3dr4g43dr6k7lb2dr47g2dr3r2g4~x2	4
s13/dr6k1dr14k6dr6g8k8dr1k8g8db8g1db6~x4	4
s13/dr6w6r16k16g22w2dp2w2g22k16db13r2y4	4
s13/dr8g1dr1g1dr1g25n1g1n1g1n25o7ly6~x2~n1900000-o2500000	4
s13/dt10k3dg3k8dr9k3dr10g3dr28dg3k3w3k3~x2~dg1806142-g2504202	4
s13/dt10k3g3k8dr9k3dr10dg3dr28g3k3w3k3~x2	4
s13/dt11y1dt1y1dt1y8dt8y1dt8y8dt8y1dt1~x4	4
s13/dt16k3dt3k3dt3k16g15k3g15k16dt15k3dt3~x2	4
s13/dt8k3y1k1y39k3r3y2dt11k8y2k3w2~x2	4
s13/dy11k1dy1k1dy1k8g8k1g8k8dy8k1dy1~x4	4
s13/dy11y1dy1y1dy1y8g8y1g8y8dy8y1dy1~x4	4
s13/dy4r2dy2r2dy1r19dy3r2db11r3dy2r3lb2~x2	4
s13/dy6db1dy1db1dy1db5dy2db5dy4db2r1db40r1~x2	4
s13/dy6k28dy4k4dy12do32k4do3k4do3k4do14y4	4
s13/dy6w4k3lb14w3r34k34w4lb3dy8w3g4k2~x2	4
s13/g10k2g2k2g2k7db8dp2db8k7g8k2g2~x2	4
s13/g10lo8o5k2g3k2o5lo8g12k2o6k2g2~x4	4
s13/g10w2g10k3db12r3db12g15w2db3k2g3y3~x2	4
s13/g11lr2g12k3lb15dr3lb15g19lr2lb3k2lb3dy3~x2	4
s13/g11lr2g12k3lb15dr3lb15g19lr2lb3k2lb3ly3~x2	4
s13/g12db3n3w2n3db3g5k8db31lb5db8w4r6~x2	4
s13/g12db6g6db22w4db8g4r8db10r3db48lb4db8	4
s13/g16k1db12k1b12k1r10y7k1y7k2b1k4~x2	4
s13/g16k1db12k1lb12k1r10y7k1y7k2lb1k4~x2	4
s13/g16k1db12k1n12k1r10y7k1y7k2n1k4~x2	4
s13/g16k5g4k8g44k40g4db52r10db4r4db10w6	4
s13/g16k8g1k1lb1g1lb1lo1g1k1n1g4k1~x4	4
s13/g18dr1g2dr2g16dr1k16n1k2dr2b20dr1w2~x4	4
s13/g18r18k3r3db3r3db4r3k9r4g18w6k3~x2	4
s13/g19r1g2r2g15r1dt13w1db2r2db21r1w3~x2	4
s13/g1r2g1r26g1r1db14r1g21r1g1r2g1	4
s13/g1r2lg12r15w15g3w1g3w15r15lg3dy12lg1~x2	4
s13/g1r2t12r15w15g3w1g3w15r15t3dy12t1~x2	4
s13/g20k3g3k3g3k18g21r4g21k18g19k2r4~x2	4
s13/g22r4g2r2g2r4g12k12r2db10r4db4y3	4
s13/g22r4g2r2g2r4g12k12r2db10r4db4y3~x2	4
s13/g24k1g2dy2dg2w1dg12w1dg2w2dg2w1dg12~x2	4
s13/g24k1g2y2dg2w1dg12w1dg2w2dg2w1dg12~x2	4
s13/g24lb1g2lb2db2lb1db12lb1db2lb2db2lb1db12~x2	4
s13/g24w1g2w2db2w1db12w1db2w2db2w1db12	4
s13/g24w1g2w2db2w1db12w1db2w2db2w1db12~x2	4
s13/g24w1g2w2db2w1db1w1db2w2db2w1db12~x2	4
s13/g24w1g2w2dg2w1dg12w1dg2w2dg2w1dg12~x2	4
s13/g24w1g2w2do2w1do12w1do2w2do2w1dg12~x2	4
s13/g25k4g4k4g4k26g25r9g25k26g25k2r9~x2	4
s13/g25k8g8k8g8k46db46r8db46k46g46k8g8	4
s13/g25w1k23b7y2b2y2b7k23w1g39b4g14~x2	4
s13/g27r2g3r3db3ly2db14r2db3ly3db3r2db14~x2	4
s13/g27r2g3w3db3dy2db14w2db3dy3db3w2db14~x2	4
s13/g27r2g3w3db3y2db14w2db3y3db3w2db14~x2	4
s13/g2k3db30k2db4k2db30k3dg30k3dbi30k2lb2~g2203152-db1106275-dg1806142-dbi1204274	4
s13/g2lo1dg42r2dg6g1db1g1dg4lb4dg1r1lr1~x2	4
s13/g2r2g21k8lb8k2lb28k2lb8k8g21w2g2~x2	4
s13/g2r3db2r48db60r21g2r21g60r48db2r3g2~x2	4
s13/g2r3g2r52g2r2db28r2g42r2g2r3g2	4
s13/g2r3g2r52g2r2db28r2g42r2g2r3g2~x2	4
s13/g2ri1g30r1g3r1g10lo9g2r5db3w1r1~x2~ri2806019-r2209032	4
s13/g2w10g3ly4g3ly4g24w2g4w4g1lo4g1~x2	4
s13/g30k1g2dy2k2w1k12w1k2w2k2w1k6~x2	4
s13/g33lo1g3r3dg3lo1dg21lo1dg3r3dg3lo1dg21~x2~g1903114-dg1806142	4
s13/g36w7g7w7g7lb36w35dp7w36lb35g34w7g7	4
s13/g3dp2k4dp2k2dp10dpi2dp2dpi2g3k4db30lb3~x2~dp1406341-dpi1607327	4
s13/g3dp3n2db14g16dp18n2dp3n14db4y3lo1n2~x2	4
s13/g3n3dp2db14g16dp18n2dp3n14db4y3lo1n2~x2	4
s13/g3t4g3t4g3r28dy2t2ri28t6ri9dy2t2~x2~r1807033-ri2109013	4
s13/g40dy2r3w2g4dy1r18w1g2dy1db4w1dy3~x2	4
s13/g40ly2r3w2g4ly1r18w1g2ly1t4w1ly3~x2	4
s13/g44r4g2r2g2r4g12k12r2db10r4db4ly3~x2	4
s13/g4db34g4dy4db4dy4g3dy13g21dy4w3dr11ly3~x2	4
s13/g4k1g1k1g1k8db8r1db8k8g8k1g1~x8	4
s13/g4n1ly29n6w13n13w6n13w13n6ly29n1lb4~x2	4
s13/g4r1ri1dg2r1ri1r1ri1k12g18db23w2k3~x2~r2109032-ri2806019	4
s13/g4y2g24dr2k12db3k2db2k2db12w1db1w3~x2	4
s13/g50dg3k3dg9db7dg2w4dg2r5dg2g8dg5dy4~x2	4
s13/g50dg3k3dg9db7dg2w4dg2r5dg2g8dg5dy4~x2~dg1605139	4
s13/g50k3w4k1y5r4k1w2k2db15k5g4w2~x2	4
s13/g56k6g7k6g7k35db45ly6db45k35g45k6g6	4
s13/g5db20g20db2g2db2g25r2g2r17k8g2w2~x2	4
s13/g5db20g2db2g2db2g25dr2g2dr17k8g2w2~x2	4
s13/g5dp1g1dp1g1dg3g3dg1g3dg3ly3lyi1ly1~x4~g1903114-lyi2706114	4
s13/g69w14g13w14g13lb69w72dp13w72lb69g68w14g13	4
s13/g6db1g1db1g3lb2r1lb2t3db1t1db1t6~x4	4
s13/g6db3g3db11w2db4g2r4db5r2db24lb2db4~x2	4
s13/g6dg28g4k28g28k6g28k6g28k28g4dg28g1~x2	4
s13/g6lb12dp3w1dp6lb4w1lb4dp6w1k27g5w2~x2	4
s13/g6lb12dp3w1dp6lb4w1lb4dp6w1k28g5w1~x2	4
s13/g72lo2g10dr9g2dy9g2db9g2t9g9lo2g72~x2	4
s13/g7dy1w1dy1ly1dy7db7dy1db7dy7g7dy1r1~x4	4
s13/g7dy1w1dy1ly1dy7db7dy1db7dy7g7dy1r1~x4~r2109032	4
s13/g7r122db17r12k12y3k4w3g48r16k4r6w5	4
s13/g8dr1g1dr1g1dr6r8dr1r8dr6g7dr1g1~r1908029	4
s13/g8dr1g1dr1g1dr6r8dr1r8dr6g7dr1g1~x2~r1908029	4
s13/g8k1g1k1g1k8db8dr1db8k8g8k1g1~x2	4
s13/g8k1g1k1g1k8db8r1db8k8g8k1g1~x2	4
s13/g8k1ly1r1w1db8k1r4k1r4k1r4k1~x2~db1406275	4
s13/g8ly2dy4dp4g3dp4dy42g4r3g4dy4dp5r3~ly3307090-dy1603076	4
s13/g8r1g1r1g1r6do8r1do8r6g7r1g1	4
s13/g8r1g1r1g1r6ri8r1ri8r6g7r1g1~x2~r1707016-ri2008029	4
s13/g8r1g1r1g1r6ri8r1ri8r6g7r1g1~x2~r1807008-ri2109032	4
s13/g8r1g1r1g1r6ri8r1ri8r6g7r1g1~x4~r1807008-ri2109032	4
s13/g8ri1r6g3r40y2k12r6g30r3k2ri1r6~x2~ri2307033-r2109032	4
s13/g8y2o4dp4g3dp4o42g4r3g4o4dp5r3	4
s13/g9k1g2k2g2db7g9r2g9db9g7k1r3~x4	4
s13/gi44k1gi3y3gi3w1g21w1g3w3g3w1g21~x2~gi2203152-g2007139	4
s13/k10dg2k2db2dg14ly1dg14db2k10dg4k2dg2k2~x2	4
s13/k10w10k10w10r3w6k3w3k3w3k3w3k3~x2	4
s13/k114lb2k3lb3k5lb5k2g5w6r5ly3k3db14	4
s13/k114lb2k3lb3k5lb5k2g5w6r5y3k3db14	4
s13/k11ki1k1ki1k1ki8g8ki1g8ki8k8ki1k1~x4~k0504259-ki0700000	4
s13/k11n2k11n20w2n20k7n1k7n1k7n11w1~x2	4
s13/k11r2k11r20w2r20k7r1k7r1k7r11w1~x2	4
s13/k16lr25db4lr2db4lr2db4lr2db4lr2db4lr2db4~x2	4
s13/k16w25db4w2db4w2db4w2db4w2db4w2db4	4
s13/k184r1k2r2k2r1k2w1k6w1k4r10k20	4
s13/k1db1k8r1k1r8db1y8k1y1k8db1k1~x6	4
s13/k1db1r1k8r1g6r6db1k6r1g8r1k1	4
s13/k1db1r1k8r1g6r6db1k6r1g8r1k1~x2	4
s13/k1lb8k1lo1k1ly8k1g8k1r1k1r8lo1~x4	4
s13/k1r14lb8k9y1k2w2k2g10r15k4r12w1~x2	4
s13/k1r1db14y1db1dr1db1dr1db2dg6db1dg1db1~x4	4
s13/k1r1g1r21g1r1k10r1g14r1g1r1g1~x2	4
s13/k1r1k8g1k1g8y1db8k1db1k8w1k1~x3	4
s13/k1r1k8g1k1g8y1db8k1db1k8w1k1~x6	4
s13/k1ri1db14lo1db1r1db1r2db1dg6db1dg1db1~x4~ri2109032-r1807033	4
s13/k1w1k8dg1k1db8k1dg8k1db1k8w1k1~x6	4
s13/k1y1k1y1k1y1k1y1n46lb17n4lb16r1~x2	4
s13/k20dg4k4db4dg28ly1dg28db4k20dg8k4dg4k4~x2	4
s13/k20g40db4k20g20r8k20g20y1ly1y1ly1w4	4
s13/k20g40db4k20g20r8k20g20y1ly1y1ly1w4~x2	4
s13/k25dg5k2y2ki2r2k2dg20r20ki2w2ki2r2~x2~k0504259-ki0700000	4
s13/k28r4k4r4k4r27dg26r4dg26r27k28r4k4	4
s13/k2b4k14dg3k6o2k2o2k10db6k2db3w1~x2	4
s13/k2db2r2k24r2g6r6db2k6r2g27r2k2	4
s13/k2db2r2k24r2g6r6db2k6r2g27r2k2~x2	4
s13/k2db2w2db2w27db2k9db3g3db24g2db4y2~x2	4
s13/k2db2w2db3w38g2b12g3db4g30db2g6w2~x2	4
s13/k2db3lo5k1lo2k1lo5dr3k2dr3db6k1db1~x4	4
s13/k2dp2w2dp2w23dp2k9dp2m2dp21m2dp2w2~x2	4
s13/k2dp4lb2dp24lb3dp3k9dp2k27dp2k2dp2k2~x2	4
s13/k2dp4o4dp3g20dp5k4dp3k7dp3k3db35w2~x2	4
s13/k2dr1db9dr2k7db2dr6g6dr2k12lb1n1k1~x4	4
s13/k2g2b10g2b7g2b7g2b5g2r14b1g2~x2	4
s13/k2g2lr10g2lr7g2lr7g2lr5g2r14lr1g2~x2	4
s13/k2g2n10g2n7g2n7g2n5g2dr14n1g2~x4	4
s13/k2g2w2g3w33r2dp10r3g3r26g2r4m2~x2~r2109032-m2106019	4
s13/k2lb4k14r3k6dy2k2dy2k10db6k2db3w1~x2	4
s13/k2n1ly2k1dbi4k1ly2db8dbi2db4dbi4lb1k2~x4~dbi1605267-db1204274	4
s13/k2n4db27ly3db12n2k2r7k2n1db1k2db2~x2	4
s13/k2r10g2r10g13r2k6lb2k8r10g2r10k2	4
s13/k2r10g2r10g13r2k6lb2k8r10g2r10k2~x2	4
s13/k2r10g2r10g13r2k6w2k8r10g2r10k2	4
s13/k2r13k8n2r1k1r21n1r1k2db8k13db2~x2	4
s13/k2r14lb8k9y1k2w2k2g10r15k4r12w2~x2	4
s13/k2r16w1db2w1y3w2y3w1db2w1g16lb2~x2	4
s13/k2r3y1dy2y1db16y1g32y1k2y1r1k1~x2	4
s13/k2r3y1k2y1db16y1g32y1k2y1r1k1~x2	4
s13/k2r8g2r8g13r1k7lb1k7r8g2r8k2~x4	4
s13/k2r8g2r8g14r2k6lb1k7r8g2r8k2~x2	4
s13/k2t1g6t2g2k4g5ly1g5k4db4k2db2~x4	4
s13/k2w1db7k4r1w8r2w8k1dg7w1dg7y2~x4	4
s13/k2w1ly6r6w1k2w2ki3w2k1w2g3w2~x4~k0700000-ki0803038	4
s13/k2w1y6r6w1k2ly2dy3ly2k1ly2g3ly2~x2	4
s13/k36r8w2r2k2r2ly2r24k3r2g6r2k8~x2	4
s13/k3g3y2g4k2g3k2g24db10y2db10g30r3~x2	4
s13/k3ly4k3ly4k3g16k16w3t16k2w2k2ly2~x2	4
s13/k3r19db12k3y3g3k2w11db3w4db4k2w3~x2	4
s13/k3r4db2r20db20r2g2r6g10r6w2r3k2~x2	4
s13/k3r8y1r8g5r4db8r4db8r4g5r17w3~x2	4
s13/k4dg10dy4dg10k4g20dg5k2do6k2r10k2w4~x2	4
s13/k4dg10ly4dg10k4g20dg5k2ly6k2r10k2w4~x2	4
s13/k4g20dy4g20dy26g4k10dr3k16g18dy4g20k4	4
s13/k4lg9lb30k2lb4w5k2w2k1w2dr7r15k3~x2	4
s13/k4n4k1n4k1n8k1n4k8db2k1db14r2~x2	4
s13/k4n8db54y6db23n4k4r14k4n2db2k4db4	4
s13/k4w1r2g16r8g8r15lo1r14y2r2k1w4~x2	4
s13/k58db5w5k10y3k3w3k3g14r11k3r4w3~x2	4
s13/k5g1k3b2g10k3g4k28b2k2g1k4b1~x2	4
s13/k5lb10n10k4n4k4n4k30db21t4db4t24r4~db1404245-t2308259	4
s13/k5lb5y2lb5k5db25k5lb3dg5r2dg5lb3k5~x2	4
s13/k5r7ly23r23dg3r11dg3r23dg18r2k18r5y5	4
s13/k61w1k1r2k1w1k16w1r4k2r6k1y4~x2	4
s13/k6g3k3g28db4g4db10g4db4g4db24g5w3~x2	4
s13/k6g3k3g28t4g4t10g4t4g4t24g5w3~x2	4
s13/k6lb1dp1r57lb2r2dp23r4g30r6lb1r6dp2~x2	4
s13/k6r1k1r1k1r5k2r5k4r2w1r40w1~x2	4
s13/k75lb2w2k2y2dg4r3k2r4k1w4k2lb5~x2	4
s13/k7db2k6db18r3db18k4b2db2b2w2b4k4~x2	4
s13/k80w1k6w2k5w3k4w4k3w5k2w6k1~x2	4
s13/k8w13db2w1db2w1db2w1db2w1db2w1db2~x2	4
s13/k8w2k2db2k6db18r3db18k6db2k7~x2	4
s13/k8w7k2w3k2w3k2w3k2w7g18dp27w3~x2	4
s13/k8w7k2w3k2w3k2w3k2w7g18o27w3~x2	4
s13/lb10dr3lb10k7ly5w2ly5w2ly5k7dg10dr3dg7~x2	4
s13/lb10w18lb4lo6lb45k30lb4k4y4r4y4r4y4	4
s13/lb11db1lb1db1lb1db8g8db1g8db8lb8db1lb1~x2	4
s13/lb12db3lb12db16k3db6k3db16r3db3y3k16db4~x2	4
s13/lb12k2lb2k2lb2k10g12k3g12k10lb12k2lb2~x2	4
s13/lb12r4db4lb42r6lb6db11lb6g19lb8r4lb6db6	4
s13/lb14dg4w4lb1w2ly2w2dg12lb4w2lb2w2ly1~x4	4
s13/lb14k3lb3k3lb3k16g16k3g16k16lb16k3lb3~x2	4
s13/lb15db2lb2db2lb2db13r13db2w2db2lb2db2w2~x4	4
s13/lb16db2lb2db2lb2db16dbi16ly3dbi16db16lb16db2lb2~x2~db1204274-dbi1406275	4
s13/lb17r2w2db9ly2g16w1r6w1dg5ly1y8ly2~x2~ly3307090-g1903114-dg1806142-y2203076	4
s13/lb21dy10lb18dr6lb18k20w2k20dg12dr6dg12dy8dg2	4
s13/lb25dp4lb4dp4lb4dp23lr23w4lr23dp23lb23dp4lb4~x2~lb3401300-lr3000000	4
s13/lb2db18ly4k5ly1k1w1k2g8r6k1r3w1~x4	4
s13/lb2k6lb2g34w1g5w1g5w1g34y1k13lb1~x2	4
s13/lb2w1lb12dt6k3w1g1w1g4w2k1w1r1~x4~lb3402028-r2109032	4
s13/lb2w1lb12t6k3w1ti1w1ti4w2k1w1r1~x4~lb3402249-t2003265-ti2404216	4
s13/lb38dp5lb6dp5lb4db20lb38o12w3n30w3n2w7~o2500000-n1900000	4
s13/lb38dp5lb6dp5lb4db20lb38y12w3n30w3n2w7	4
s13/lb3db1lb1r1lb1db10r1lb9t35ly2t2ly1lb2~x2	4
s13/lb3db20ly5k8lb3k3lb3k3g14do8k3do4lb3~x2	4
s13/lb4b1w1b1k29lb3y1k4lb20k2db1k3lb3~x2	4
s13/lb4k1db14k8db6dr2db6dr3db6dr2db6k2lo2~x2	4
s13/lb4k4db4k4g4w1g4w1db3r4db3r4w1~x4	4
s13/lb4k4db4k4g4w1g4w1db3r4db3r4w1~x4~db1404245	4
s13/lb4t1w1t1k29lb3y1k4lb20k2db1k3lb3~x2	4
s13/lb4t2lb25n16k4lb2n2lb2n10lb4k2lb2t2~x2~lb3200000-t2304245	4
s13/lb5g3lb24n7k6lb3n3lb3n11lb6k3lb3g3~x2	4
s13/lb5k2lb17dbi3lb3db22lb3g22lb3dbi3lb27k2r4~x2~dbi1604274-db0805267	4
s13/lb5r3lb24n7k6lb3n3lb3n11lb6k3lb3r3~x2	4
s13/lb6dg2lb2dg5dr20o2dr2o25r2o2r4g10dr2~x2	4
s13/lb6dg2lb2dg5k49r2k2r4g10k2~x2	4
s13/lb6dg2lb2dg5r20ri2r2ri25dr2ri2dr4ly10r2~x2~r1706009-ri2607041	4
s13/lb6k1lb1k1lb1k8g8lo2g8k8db8k1dr2~x2	4
s13/lb6n3o7n2o5n8o5n15o18r2o2y2t3~x2~n1900000-o2500000	4
s13/lb7k1do1n2g18lb2k1lo2k1lb6k1do1lb1~x4	4
s13/lb7k1lb1k1lb1y4k6w1k6y4lb5k1lb1~x4	4
s13/lb7k2n2k18lb2k4lb6k2lb1~x4	4
s13/lb9b6lb18b34db6b10db6b34r6b8y6db34b4~b1813263-db1108266	4
s13/lb9r5lb47n13k11lb5n5lb5n21lb11k5lb5r5	4
s13/lb9r5lb51n13k13lb5n4lb5n23lb11k5lb5r5	4
s13/lg12k2r2k2r2k12dg11y2dg11k12lg11k2r2~x2~lg3101240-k0700000	4
s13/lg1dt9lg1db1lg1db5lg1db1lg1db9lg2dt2lg1~x4	4
s13/lg25lo8lg8lo8lg8lo46w46g8w46lo46lg46lo8lg8~lg3202166-g2408144	4
s13/lg64n4lg4ly4lg4n26w4ly1w2ly1w32n2ly4~x2	4
s13/lo12k1lo1dr28lo4k8lr1do11k8lo32dr11lo6dr4~x2	4
s13/lo12k1lo1r28lo4k8lr1do11k8lo32r11lo6r4~x2	4
s13/lo18r3g30t4k2w2k2t4r37y1r3y1r3~x2	4
s13/lo2g6r12k3w3k3g16k2g2k2g2k12lp2~x2	4
s13/lo2w1lo12db2r1db18r1lb18r1lb2w12lo1w1~x2	4
s13/lo2w3k1b9k1bi6g1bi3g1bi19k2w7lo1~x2~b1511266-bi2501240	4
s13/lo2y1r42g2r6lr1g1lr1lo4lb4g1y1lo1~x2	4
s13/lo3dt1lo1dt16do2dt2do2dt3do12doi26ly2doi3lb2~x2~do1103038-doi1402055	4
s13/lo3g15k15db15k2db15k15g15dp3g15k15g15lo3~x2	4
s13/lo4k1g10r2g10r4g10r2g10k16t28k1lb4~x2~t2503227-lb3103284	4
s13/lp25dp4lp4dp4lp4dp23lb23w4lb23dp23lp23dp4lp4~x2	4
s13/lr1dg6g2p2g2dr6g1dr6g2p2g2dg6lo1~x6	4
s13/lr25k4lr4k4lr4k23g23y4g23k23lr23k4lr4~x2	4
s13/ly12k2ly2k2ly2k10g12k3g12k10ly12k2ly2~x2	4
s13/ly16k2ly2k2ly2k16r16k3r16k16ly16k2ly2~x2	4
s13/ly18k3ly3k3ly3k13dg16k4dg16k13ly16k3ly3~x2	4
s13/ly20do3ly3do3ly3do9w10do3w1do9ly10do3ly3~x2	4
s13/ly25dr8ly8dr8ly8dr46dy46r8dy46dr46ly46dr8ly8	4
s13/ly3g4n14dp3n2dp18lb16g14n2dp3lb3n2lr1~x2	4
s13/ly3k1g10k7db10g2db2g2db10k7g10k1lg3~x2	4
s13/ly3r2k7r2db7r18k2r2k2r18db7r2k2~x2	4
s13/ly4k1db12k12g12k1r4k1g12k12db12k1ly2~x4	4
s13/ly6db1ly1db1ly1db5ly2db5ly4db2r1db40r1~x2	4
s13/ly6w4k3lb14w3r34k34w4lb3ly8w3g4k2~x2	4
s13/m2r6g4r70g4r2dp21r2g85r2g4r6m2~m2106019-r2109032	4
s13/n11b2n2b2n2b12dg12b2dg12b12n11b2n2~x2	4
s13/n11dt2n2dt2n2dt12lb12dt2lb12dt12n11dt2n2~x2	4
s13/n12dt2n2dt2n2dt10w12dt3w12dt10n12dt2n2~x2	4
s13/n19do2r1dr3w1dr1w1dr1do6n3dr1do3w1~x4	4
s13/n19o4t2n10o22k1g3k1o3w1t5o1k3~x2~n1900000-o2500000	4
s13/n1dt1n3dt3y4dt1y4dt3w1n1w6n1w1~x4	4
s13/n20k2n2k2n2k20dy20ly4dy20k20n20k1ly4~x2	4
s13/n25k8n8k8n8k46db46w8db46k46n46k8n8	4
s13/n25k8n8k8n8k46w46r8w46k46n46k8n8	4
s13/n27lb3n28lb3n28lb3n31w2n31r36n20lb3n1~x2	4
s13/n2r1n8b2k2n1b1n1b4n2k1n1r1~x2	4
s13/n2r1n8lp2k2n1lp1n1lp4n2k1n1r1~x2	4
s13/n2r1n8o2k2n1o1n1o4n2k1n1r1~x4	4
s13/n38y8db3n20y44k2g6k2y5w2db10y2k6~n1800000-y2101120	4
s13/n43db2n2k1n1dt11n2db2n1lb1n20w4n7~x2~n1802277-db1404245	4
s13/n43k2n2ki1n1k11n2ki2n1lb1n20w4n7~x2~k0504259-ki0700000	4
s13/o11k1o1k1o1k8g8k1g8k8o8k1o1~x2	4
s13/o15db2o2db2o2k12ki12k3ki12k12o12db2o2~x2~o2307041-db1406275-ki0700000	4
s13/o15r2y1r2o15n2o15r2y1r2o15n6g4~x4	4
s13/o19k2r1dy3w1dy1w1dy1k6o3dy1o3w1~x4	4
s13/o1w1o1w2k2w2k2w2k2w2g1w1g1~x4	4
s13/o20do3o3do3o3do9w10do3w1do9o10do3o3~x2	4
s13/o25k4o4k4o4k23g23y4g23k23o23k4o4~x2	4
s13/o2w3k1t9k1lr6g1lr3g1lr19k2w7o1~x2~t2503227-lr2800000	4
s13/o32dy8o1dy1lb1o1lb1oi1o1dy1n1o4dy1~x4~o2103000-oi2403057	4
s13/o4k1o5k4db11w2db11k4w2o2w15k2w3~x2	4
s13/o4k2g6o3g10k10g4k10g10o3g6k2w4~x2	4
s13/oi32dp8oi1dp1w1oi1w1o1oi1dp1n1oi4dp1~x4~oi2603303-o2403057	4
s13/p12k4p5k4p32lb5p5k10p5lbi5p5lbi18w4~lb3200000-lbi3303227	4
s13/r10g12r3g12r12g4r5g5r12y4r5g12r4~x2	4
s13/r12b2o5b2n9y2lb8w1lb3w1lb3w1lb8~x2	4
s13/r12g14r4g14r4g14r4db8r5db8r12g3r12	4
s13/r12g14r4g14r4g14r4db8r5db8r12g3r12~x2	4
s13/r12g16r3g16r3g16r4db16r5k9r12g3r12~x2	4
s13/r13k1r3g10r5k2r3k12db2k2db2k2db12~x2	4
s13/r13k2r3g10r5k3r3k12db2k3db2k3db12~x4	4
s13/r13k2r3g10r5k3r3k12db2k3db2k3db12~x4~db1406275	4
s13/r16k2r2k2r2k16db16g3db16k16r16k2r2	4
s13/r16k2r2k2r2k16db16g3db16k16r16k2r2~x2	4
s13/r1g1r32db32r8g1r1g1r8g32r32g1r1~x2	4
s13/r1g1r32dp32r8g1r1g1r8g32r32g1r1~x2	4
s13/r1g1r9db1r1g9r1db9r1g1r9g1r1	4
s13/r1g1r9db1r1g9r1db9r1g1r9g1r1~x2	4
s13/r1g1r9db1r1g9r1db9r1g1r9g1r1~x4	4
s13/r1k1g6k6db6k1db1k1db6k6g6k1ly1~x4	4
s13/r1w4n2w4lg7k1lg1k1lg7y1lg9r1lg1~x4	4
s13/r24db2w2k2r2db27dg6db2ly2k2r2db2dg23~x2	4
s13/r24db2w2k2r2db27dg6db2ly2k2r2db2dg23~x2~dg1605139	4
s13/r24k8dg12k1g2k1dg12k8w3g2w14g1w2~x2~dg1806142-g2508144	4
s13/r24k8dg12k1g2k1dg12k8w3g2w14g1w2~x2~r2109032-dg1806142-g2508144	4
s13/r26k2r3k2r3k16g18ly4g18k16r18k2r3~x2	4
s13/r28g10k7w2y2r1y2w2db5k2r2y2w3~x4	4
s13/r2b22dy4lr3dg7ly2dg4lr2dg9dp6ly2dp4lr2~x2	4
s13/r2db18lo4k5lo1k1w1k2g8r6k1r3w1~x4	4
s13/r2db42lr1db2n5db1lb1db2lri2n3ly1n1y2~x2~r1906028-lr2801060-n1800000-lri3002055-ly3203114-y2504115	4
s13/r2dg12g3dg2g2dg2g16lb4dg12w1g8dg14y2~x2	4
s13/r2dg18g2dg2g2dg2g12db3k13dg10k2g12y2~x2	4
s13/r2dg6db12k3lb3k3dg16k2dg2k2dg2k12y2~x2	4
s13/r2g2r12db10lb3g10r2g2r2g10r12g2r2	4
s13/r2g2r12db10lb3g10r2g2r2g10r12g2r2~x2	4
s13/r2g2r12db10w3g10r2g2r2g10r12g2r2	4
s13/r2g6db12k3lb3k3g16k2g2k2g2k12y2	4
s13/r2g6db12k3lb3k3g16k2g2k2g2k12y2~x2	4
s13/r2g6db12k3w3k3g16k2g2k2g2k12y2	4
s13/r2k1g12k12db12k1db2k1db12k12g12k1y2~x2	4
s13/r2k1o5k7w2k14db8g15w2g7r5g1lo2~x2	4
s13/r2k25dy2k20n5k2n4k3n3k4n2k6y2~x2	4
s13/r2k2db21k8dg16db3dg16k8db3k3db21k2r2~x2	4
s13/r2k2o6k10w2k14db8g15w2g7r5g1lo2~x2	4
s13/r2lb22ly4w3g7lyi2g4w2g9o6lyi2o4w2~x2~ly2503076-lyi3407090	4
s13/r2lr2dt2lo2lr6g3dt3lo4lr2dt3g2lr2r2~x2~lr3301060-dt1300000	4
s13/r32lb14k16y3k4w4k4r1g28r13k4r4w2~x2	4
s13/r32y14k16ly3k4lr4k4r1g28r13k4r4lr2~x2	4
s13/r34w1db10g10w1y1g2lb2w1db2lb10r6w1~x2	4
s13/r36g8y1k6lb4k1lb1k1lb4r11w1k1r1~x2	4
s13/r3db9r2k7y2k2w2k2g6r5k2r2w2~x2	4
s13/r3db9r2k7y2k2w2k2g6r5k2r2w2~x4	4
s13/r3dg8db5w3dg20w3db5w3db5w22db3w8r3~x2	4
s13/r3g1db2g4db30k2db4k2db30g27y3k3w3~x2	4
s13/r3g1r15db2r2db15r2g15r2db2r15g1r3~x2	4
s13/r3g2r19db2r3db20r3g20r3db2r19g2r3~x4	4
s13/r3g2w2g3db3g20k20db2k2db2ly15db3ly3~x2	4
s13/r3g3r35db3r3db35r3g35r3db3r35g3r3~x2	4
s13/r3k1g21k19db19k3db3k3db19k19g21k1w3~x2	4
s13/r3k2db10k10g12k8g12k10g2k10db2k2db2	4
s13/r3t10k10g10r3g10k10t2k2t2k2t5k2~x2	4
s13/r3t10k10g10r3g10k10t2k2t2k2t5k2~x4	4
s13/r3w2g8r8k16w2k3w2k24w8k2w3~x2	4
s13/r3w34k2n4k2y7k2y7k2n4k2dy34lb3~x2	4
s13/r3w34k2n4k2y7k2y7k2n4k2o34lb3~x2	4
s13/r40k2w1ly40k3w2k3r5db22r3w1k3r7~x2	4
s13/r40k2w1ly40k3w2k3r5db22r3w1k3r7~x2~ly2503076	4
s13/r41g13k8w2y2r1y2w2db6k2r3y2w5	4
s13/r47g16k8w3y3r2y3w3db6k3r4y4w3~x2	4
s13/r48g16k8w3y3r2o3w3db8k1r4y4w3~x2	4
s13/r4db2r2db2r56db16r4g1r4g36r3g1r4	4
s13/r4db2r2db2r56db16r4g1r4g36r3g1r4~x2	4
s13/r4db5r4db5g8y2g24w2g8db5r4db5r4~x2	4
s13/r4dg20k16ly2k3w3k2ly18r6k2r4k1w2~x4	4
s13/r4g1w5g1r2g1w5db4t20db8y2db8y4~x2	4
s13/r4g1w5g1r2g1w5lb4lg20lb8ly2lb8ly4~x2	4
s13/r4g20k16y2k3w3k2w18r6k2r4k1w2~x2	4
s13/r4g22k16y2k3w3k2db20r8k2r4k1w2~x2	4
s13/r4g4r35b4r4g35r4b35r4b4r35g4r4	4
s13/r4g8db24k4w4k4g24k3g3k3g3w24g4~x2	4
s13/r4k1g12k12db12k1db4k1db12k12g12k1y4~x2	4
s13/r4k9r3y3r18k4r2w2r2k36r24db4r3~x2	4
s13/r4lb1db1r32lb2r2db12r2g16r4lb1r4db2	4
s13/r4lb1db1r32lb2r2db12r2g16r4lb1r4db2~x2	4
s13/r4ly40dt12y2dt12ly30k2ly4k2ly4y2ly3k3~x2~dt1500000-y2301120	4
s13/r4ly40n12o2n12ly30k2ly4k2ly4o2ly3k3~x2~n1900000-o2500000	4
s13/r4w13k6w6k6w6k5w1k24b28r2b2r4~x2	4
s13/r4w16lb5k5y2k2w2k2g5r5k2r2w2~x2	4
s13/r4w1db1r32w2r2db12r2g16r4w1r4db2	4
s13/r4w2r23db12n6w2lb2w2lb8w4n2w2dr2~x2	4
s13/r5db2ly1r46db4w1k5lb9db2ly2db2k10w2~x2	4
s13/r5db30k19g23k2w2k5w2k2g23k19db25g5~x2	4
s13/r5db3lb20db3dg5g20y3g20dg5db3lb20db3w5	4
s13/r5db3t20db3dg5g20y3g20dg5db3t20db3w5~db1004274-t2405244	4
s13/r5g2r30db3r3db30r3g30r3db3r30g2r5	4
s13/r5g2r30db3r3db30r3g30r3db3r30g2r5~x2	4
s13/r5lb2y1r45lb4w1k4db9lb2y2lb2k10w2~x2	4
s13/r5t2ly1r45t4w1k4ti9t2ly2t2k10w2~x2~t2405244-ti2503227	4
s13/r5t3r24g7db6r3g3r3g11r6db3r3t3~x2	4
s13/r5y1db2r2g30r5db10lb1r42g2r4y1g4~x2	4
s13/r60k1r2y1g6db6r2o3r2db6g6y1k5~x2	4
s13/r64k2r2k6g2k2g2n2g6r5g2k6y2~x2	4
s13/r68k1g6db4g1db12w1g6y1g24y1g2y3~x2	4
s13/r68k1g6lb4g1lb12w1g6dy1g24dy1g2dy3~x2	4
s13/r68k1g6lb4g1lb12w1g6dy1g24dy1g2dy3~x2~g2203152	4
s13/r6b1db2r2g40r6db13lb1r48g2r4b1g4~x2	4
s13/r6db2k2db4k4y2k1w2k1g9r6w2r6~x4	4
s13/r6db2r2g24r2g2r2db8r34db2r2db1r6~x2	4
s13/r6db9k2db2k2db9k10y4n17r5k2r5w4~x2	4
s13/r6k2r12g10k3w2k3y2k8w4db6w12r4	4
s13/r6lb1dt1r57lb2r2dt23r4g30r6lb1r6dt2~x2	4
s13/r6ri1db2r2g40r6db13lb1r48g2r4ri1g4~x2~r1707016-ri2208029	4
s13/r6ri1db2r2g40r6db13lb1r48g2r4ri1g4~x2~r1807008-ri2406019	4
s13/r8db2k1db3k4y1k1w1k1g8r6w1r6~x4	4
s13/r8db3r18db3r3k6g12r3g12k6db12k2db7~x2	4
s13/r8dp2r14y2r2dp6r2dg2r2dg11r2db2r6~x2	4
s13/r8g10r2g10r9g3r4g4r10y3r3g10r3~x2	4
s13/r8g1r1g1r1g25dt1g1dt1g1dt25yi7y6~x2~dt1500000-yi2301120	4
s13/r8k14r6ly6r34k10r6w6r6k64r44db9r6	4
s13/r8k14r6y6r34k10r6w6r6k64r44db9r6	4
s13/r8k2r2k2r2k16db16g3db16k16r16k2r2~x4	4
s13/r8w4dbi24db2dbi4db2dbi1db2dbi4db2dbi1db20w6~x2~dbi1605267-db0804274	4
s13/r9db2r21lb2r2db8r2g2r2g17r2db2r8~x2	4
s13/r9db3r9k18db9k2db9k2db9r6w1db1r4~x2	4
s13/r9dp2r21y2r2dp8r2g2r2g17r2dp2r8~x2	4
s13/ri1db14k10db10k1db2k1db10k10dr8db2r2w1~x2~ri2806019-r2510029	4
s13/ri25db5k5w4k2y2k2g8r6k2ri3k1w2~x2~ri2806019-r2109032	4
s13/ri2w1db36ri1db2r3w1r3w1r3w1r10ly2~x2~ri2109032-r1707008	4
s13/ri4r10g7r70g7r4dp21r4g85r4g7r10ri4~ri2406019-r2109032	4
s13/t12r4db4t42r6t6db11t6g19t8r4t6db6	4
s13/t23k3t3k3t3k22g22w3g22k22t18k3t3~x2	4
s13/t24k2t2k2t2k10g5dp3g5k10t11k2t4~x2	4
s13/t25db4t4db4t4db23b23lr4b23db23t23db4t4~x2	4
s13/t25db4t4db4t4db23lb23lr4lb23db23t23db4t4~x2	4
s13/t25k4t4k4t4k26g25r6g25k26t25k2r6~x2	4
s13/t25k4t4k4t4k26g25r9g25k26t25k2r9~x2	4
s13/t2g16k1t2k1lo4k1lo4k1t2k1dr16w2~x4	4
s13/t2w2b5w2t4b5t6b14db18r4w2r4w2~x2	4
s13/t32w2dt1w2t4dt1g8w8dy8dt1t16dt1w4~x2~t2707254-dt0803265	4
s13/t33db4t3db4t7g2t2g2t2g16dr2g2dr2~x2~t2205244-db1003265	4
s13/t38do4r3dy6w2dy2w2dy2do12t6dy2t6w2~x2	4
s13/t3k3w1dr3k8t2dg36t2k8w1k3t3y2~x2	4
s13/t48db4lr7db3lr4db1lr2db6lr3db9t4r3db7~x2~t2503227-lr2600000	4
s13/t4k7lyi3k3t34k17t4k5t4k7ly11t5lyi4~x2~lyi2705081-ly2503076	4
s13/t5k2t17db3t3db22t3dg22t3db3t27k2dr4~x2	4
s13/t5k2t17db3t3db22t3dg22t3db3t27k2dr4~x2~db1204274	4
s13/t8dy1t1dy1t1dy8g8dy1g8dy8t8dy1t1~x6	4
s13/t8r12g2ly5g2lb9y3t8w1t3w1t3w1~x4~t2405244-lb3200000	4
s13/w100r14w13g13w13k1r14k1w13g13w13r12w100~x2	4
s13/w11k1w1k1w1k8w8k1w8k8w8k1w1~x2	4
s13/w12dg2r2w5dg31w5dg2y5dg2w11dg2r2w2~x2	4
s13/w16n2w2ly2w2n24wi2ly1wi1ly1wi12n1ly2~x4~w3502000-wi3802111	4
s13/w18dr3w3dr10w26dr3k26g28dr10g3dr3g8lo6	4
s13/w1db16k12lb2dp3lb2k12db2k2db2k2db7w1~x2	4
s13/w1dy2dr15db2dr2db15dr2g15dr2db2dr15dy2w1~x2	4
s13/w1g2r18db2r2db18r2g18r2db2r18g2w1~x2	4
s13/w1ly2dr15db2dr2db15dr2g15dr2db2dr15ly2w1~x2	4
s13/w1r1db8lb1k1w8k1lo8lb1lo1db8lb1lo1~x6	4
s13/w1r1lb8k1w1b8w1lb8k1lb1w8k1lb1~x6	4
s13/w1r1lb8k1w1db8w1lb8k1lb1w8k1lb1~x6	4
s13/w1r1t8lb1k1w8k1lo8lb1lo1t8lb1lo1~x6	4
s13/w1r2g10r2g2k8g2db8g2r2g10r2w1~x2	4
s13/w1r2g10r2g2k8g2db8g2r2g10r2w1~x4	4
s13/w1y2k8dp6k15y1k1w1k15dp5w8y1w1~x2	4
s13/w20k3w3k3w3k16g17y5g17k16db16k3db3~x2	4
s13/w25dp8w8dp8w8dp46k46lp8k46dp46w46dp8w8	4
s13/w25g8w8g8w8g46lb46y8lb46g46w46g8w8	4
s13/w25k4w4k4w4k23n23w4n23k23w23k4w4~x2	4
s13/w25k8w8k8w8k46w46y8w46k46w46k8w8	4
s13/w25lb2w2lb2w2lb10k2lb4k2lb10g23w2g4~x2	4
s13/w25lb2w2lb2w2lb10k2lb4k2lb10g23w2g4~x2~g2204144	4
s13/w25r8w8r8w8r46lr46w8lr46r46w46r8w8~r2109032-lr3303019	4
s13/w25t2w2t2w2t10k2t4k2t10dg23w2dg4~x2	4
s13/w25t2w2t2w2t10k2t4k2t10y23w2y4~x2	4
s13/w2db10dg3db2dg3k18dg10ly1dg3ly2dg2k2ly2~x2	4
s13/w2db14lo3k6g2k2w2k2g8dy6k2dy3w2~x4	4
s13/w2db2k32g9r2w2r2g4k20y1k9db2w2~x2	4
s13/w2dy14y3k6w2k2w2k2g8ly6k2ly3w2~x2~dy1603076-ly2605093	4
s13/w2dy3k2dy6g8k2w2k2g2k6y3db14w1~x2	4
s13/w2k1dg4g4dg4k1dg1k1db4lb5db4k1w1~x4	4
s13/w2k1t2lb1dg4r1dg4r3k3r12lb1r2k1~x4	4
s13/w2k1w2k1dg42k1lb5k1g5dg6r2k1ly2~x2	4
s13/w2k2lb2ly2k2r7k1r12k2r6w1r23k1~x2	4
s13/w2k2lb2y2k2dr6k1dr12k2dr6w1dr23k1~x2	4
s13/w2ly14y3k6w2k2w2k2g8ly6k2ly3w1~x2	4
s13/w2o14ly3k6w2k2w2k2g8y6k2y3w1~x2~ly3307090-y2405105	4
s13/w2p10w2r3w10gi3w2b3w10k3w2g10ly2~x2~gi2007139-g2004144	4
s13/w2r12k1lb2k1y3k1y3k1lb2k1g12lb2~x2	4
s13/w2r16k1lb2k1y4k1y4k1lb2k1dg16lb2~x4	4
s13/w2r16k1lb2k1y4k1y4k1lb2k1g16lb2~x2	4
s13/w2r16k1t2k1ly4k1ly4k1t2k1g16t1~x4	4
s13/w2r16k1w2k1y4k1y4k1w2k1g16w2~x2	4
s13/w2r1w8n2k2w1n1w1n4w2k1w1r1~x4	4
s13/w2r2w2r4db18dbi14lb6dbi5lb4w2dbi5w2lb2~x2~db1204274-dbi1706275	4
s13/w2r4w2r4db18b14lb6b5lb4w2b5w2lb2~x2~db1204274-b2008266	4
s13/w2r5db4g8db40r5w2r5db4g8db4r5w2~x2	4
s13/w2y3k2y6g8k2w2k2g2k6ly3db14w1~x2~y2405105-ly3307090	4
s13/w35dp7w7dp7w7dp35db36ly7db36dp35w35dp7w7	4
s13/w35g7w7g7w7g35db36ly7db36g35w35g7w7	4
s13/w3db20y4k9w3k3w3k3g14dy9k3dy4w3~x2	4
s13/w3db20y4k9w3k3w3k3g14o9k3o4w3~x2	4
s13/w3dg35db3dg2db3dg10dr3dg2dr3dg2dr3dg10y2~x2	4
s13/w3dr35db3dr2db3dr10dg3dr2dg3dr2dg3dr10y2~x2	4
s13/w3k1g19r4g3r11g5r11g3r4g19k1ly3~x2	4
s13/w3k2t4w4t3w11k2g3y3k3t12r19k2~x2	4
s13/w3k2w15db3w3k7g8k2g8k7db8k1db2~x2	4
s13/w3k2w15t3w3k7g8k2g8k7t8k1t2~x2	4
s13/w3r31k2lb4k2y8k2y8k2lb4k2g31lb3~x2	4
s13/w3r3k3r6dg6k2w3k2lo3k6db2do20lo3~x2	4
s13/w3r6k3r8dg20w3k4y3r12k12lb21k3lb3~x2	4
s13/w40ly3w10ly6w20k3w2k3w10dr4w2dr8w2~x2	4
s13/w40ly3w10ly6w20k3w2k3w10r4w2r8w2	4
s13/w4db32k2lb4k2y5k3y5k2lb4k2g32lb4~x2	4
s13/w4dy4k3dy9g13k3w3k3w3k9y4lb20w3~x2	4
s13/w4k1db24k1dg12k1w12k1db12w4k1w1k2~x2	4
s13/w4k1dy4k1ly3k1dy4db48w3dr25db4dr3w3~x2	4
s13/w4lb1db1w22lb2w2db12r2dg16r4lb1r4db2~x2	4
s13/w4lb1db1w22lb2w2db12r2g16r4lb1r4db2~x2	4
s13/w4ly10db20k1w12ly1db4w2k4ly5k10w5db2~x2	4
s13/w4r1w5dbi1w3db5y1db2w1db2n8r16dbi2~x4~dbi1406275-db1004274	4
s13/w4r21db4dy16db4dy8db4dy4w3db6w49r3w4	4
s13/w4r21db4o16db4o8db4o4w3db6w49r3w4	4
s13/w4r25k2lb4k2y8k3y8k2lb4k2g25lb4~x2	4
s13/w4r2w11n2k2w1n1w1n4w2k1w1r1~x2	4
s13/w4r2w11y2k2w1y1w1y4w2k1w1r1~x2	4
s13/w4y10db20k1w12y1db4w2k4y5k10w5db2~x2	4
s13/w50db6w2k6y2k3w2k3g6r6k2r2w2~x2	4
s13/w69dg14w13dg14w13dg69db72ly13db72dg69w68dg14w13	4
s13/w69dp14w13dp14w13dp69db72ly13db72dp69w68dp14w13	4
s13/w6db18k1g8w2k8w2ly8k1r8dy2k1dy4~x2	4
s13/w6db3w18k5w5do10ly17y4ly17do10lb10do2lb4~x2	4
s13/w6db3w18k5w5do10o17y4o17do10lb10do2lb4~x2	4
s13/w6k1w1k1w1k8g8y2g8k8db8k1dr2~x2	4
s13/w6lb1db1w57lb2w2db23w4g30w6lb1w6db2~x2	4
s13/w6r2w38g8db6w2db2w2ly14r7g2r3w2~x2	4
s13/w6r2w38g8db6w2db2w2o14r7g2r3w2~x2	4
s13/w8k1r24k2r4k2r1k2r4k2db20k1w5~x2	4
s13/w8k4w2k4w24db2w1r2w1db12r12w8k2~x2	4
s13/w8r2w2r6w13r2k13g13r6g2r2g4y3~x2	4
s13/w90r19w20g20w20k2r22k2w20g20w20r19w40~x2	4
s13/w9r2w2r6w14r2k14g14r6g2r2g8y3~x2	4
s13/w9r5w29k10y2k3w3k3dg12r6k3r3w2~x2	4
s13/w9r5w29k10y2k3w3k3g12r6k3r3w2~x2	4
s13/y18k3y3k3y3k13dg16k4dg16k13y16k3y3~x2	4
s13/y18r18dg30r12db55r42dg6r18dg6r42g44r12dg12	4
s13/y1k1dg8db1dg1k8dg1db8dg1k1dg8k1w1~x6	4
s13/y1k1g7k8db7k1db2k1db7k8g7k1w1~x4	4
s13/y1k1r8db1r1dg8k1db8y1dg1y8k1w1~x6	4
s13/y1k1r8db1r1dg8r1db8r1dg1r8k1w1~x6	4
s13/y1k1r8db1r1g8k1db8y1g1y8k1w1~x6	4
s13/y1k1r8db1r1g8r1db8r1g1r8k1w1~x6	4
s13/y1ki1dg8k1dg1ki8dg1k8dg1ki1dg8ki1w1~x6~ki0700000-k0504259	4
s13/y20k3y10k6y8k8y6k10y3k12y2k14y1~x2	4
s13/y22w1y2w2db2w1db14w1db2w2db2w1db14~x4	4
s13/y22w1y2w2k2w1k14w1k2w2k2w1k14~x2	4
s13/y22w1y2w2k2w1k14w1k2w2k2w1k14~x4	4
s13/y2db2w1db15k5g11k1r3k1g11k5db17w1~x2	4
s13/y2db3r2db19k7db6k22db6k7db19r2db3w2~x2	4
s13/y2k1g12k12db12k1db1k1db12k12g12k1w2~x2	4
s13/y2k1g12k12db12k1db2k1db12k12g12k1w2~x2	4
s13/y2k1r2dg6lg5k1db5k1dg42k1w2k1w2~x2~dg1605139-lg3005163	4
s13/y2k2dg2y2dg3y1dg10k18dg3db2dg3db10w2~x2	4
s13/y2ki2dg2y2dg3y1dg10ki16dg4k2dg4k10w2~x2~ki0700000-k0504259	4
s13/y2lb1lr42lo2lr6dp1r1dp1g4lo4dp1lb1lr1~x2	4
s13/y30dy20db2k6y3k2w3k2g6r6k3r3w3~x2	4
s13/y30k2g2k2g2lb3k1lb2k1lb1g12lo2k6~x4	4
s13/y3dg3k4dg14k4dg3k14db18lo1db4lo2db4lo1~x2	4
s13/y3do22db2k7y3k2w3k2g7r5k3r3w3~x2	4
s13/y3g15k15db15k2db15k15g15b3g15k15g15y3~x2	4
s13/y3g15k15db15k2db15k15g15o3g15k15g15y3~x2	4
s13/y3k1g10k7db10g2db2g2db10k7g10k1lb3~x2	4
s13/y3k1g19r4g3r11g5r11g3r4g19k1w3~x2	4
s13/y3r25k8r4db8w2db3w2db8r4g8r25y3~x2	4
s13/y3r2k7r2db7r18k2r2k2r18db7r2k2~x2	4
s13/y3r3k5r2db9r7k1r3k1r7g7r2k2~x2	4
s13/y4db5y4db5w8dg2w24r2w8db5y4db5y4~x2	4
s13/y4db5y4db5w8r2w24g2w8db5y4db5y4~x2	4
s13/y4k1g10r2g10r4g10r2g10k16db28k1b4~x2	4
s13/y4k1g10r2g10r4g10r2g10k16t28k1lb4~x2~t2503227-lb3103284	4
s13/y4k1g12k12db12k1db4k1db12k12g12k1w4~x2	4
s13/y4k1r22g5r4g12r6g12r4g5r22k1w4~x2	4
s13/y7k1db22k2db1k2db4k2db1k2db4k18w5~x2~k0503265-db1605267	4
s13/y8lb17dp5lb5dp5k10dp5lr5dp32k5dp5k4dp6~lb3201240-lr2800000	4
s13/y9k1dr31g30db36g3db3g3db36g30dr31k1w9~x2	4
s13/y9k1dy31g30db36g3db3g3db36g30dy31k1w9~x2	4
s13/y9k1o31g30db36g3db3g3db36g30o31k1w9~x2	4
s14/b10lb1b3lb6b1lb3b1o5y1o3y6o1y3o1~x4~lb3200000-o2607049	4
s14/b14db2y2db2b25k6w17r3w3r3w3r3w3r3~x2	4
s14/b1r2g1k1r5g11r1k2g1r11g4b1r2w1~x2	4
s14/b26w2b3db15n26dr2n3db4~x2	4
s14/b26w2b3db15n26r2n3db4~x2	4
s14/b28k1r7k1b6k1n4k1b6y2r3y2b4w6~x2	4
s14/b4g1b1g6k1g6b1g1b4w1k4g1k4y2~x4	4
s14/db10k1db1k1db1k6g6k1y2k1g6k6db6r3~x2	4
s14/db10k2db2k2db2k8g8k1w2k1g8k8db9r2~x2	4
s14/db10k5db16g3w16g5w3g5w16g3db16k5db10k3~x2~db1406275	4
s14/db10k6y1g6k1g6y1k6~x2~db1406275	4
s14/db10r2db2r4db12r2k14w13r4w2r2w4r1y3~x2	4
s14/db10r5g5r5g60db13g10dbi67g5k5g5k5g13y10~db1106275-dbi1204274	4
s14/db10w3lp4db6y2db2y2db6lp4w3db10lo5db2lo10~x2	4
s14/db116k4g22b7db3b7k26db7g3db7g66db4b7r4	4
s14/db116k4g22ri7db3ri7k26db7g3db7g66db4ri7r4~ri2406019-r2109032	4
s14/db11k8dg8ly2g8k1ly2k1g8ly2dg8k8db11dr2~x2~dg1806142-ly3307090-g2408144	4
s14/db11r1db2r3db1do8g11w1g11do8db8y1r1y1~x2	4
s14/db12g24r5do20g4w2g4do21y5g24db12do4k2do4~x2	4
s14/db12r16db2r4y10r10db10r10y2r4db2r4db1r12	4
s14/db12r30db2lb2k8lb2k4ly2k4dg15r8k2r4lb2~x2	4
s14/db12w2db2r2db3k11g12k2g3k2g12db12w13r2~x2	4
s14/db12w2db2r2db3k11g12k2g3k2g12db12w13r2~x2~db1004274	4
s14/db14k2g3k2g3k2db12dr4db10dr3db10dr4lb28dr4~x2	4
s14/db14lb2db2dr2db3k12g14k2g4k2g14db14lb14dr2~x2	4
s14/db15k2db2k2db2k14dg18k1y2k1dg18k14db18r2~x2	4
s14/db15k8g3r3g5k2y2k2g5r3g3k8db8k8~x4	4
s14/db16k4db4k4db6k14dg17k2r3k2dg17k14db18w4~x2	4
s14/db18k3db6k3db6k5g12r4g12k5db18k4w5k4~x2	4
s14/db18k5g3r3g6k2y2k2g6r3g3k10db5k10	4
s14/db1n1r1n1db1n1r1n1db1n1r1t1n1lb1~x8~db1003265-t2503227	4
s14/db1r1db6k6g6k1y1k1lb1k1g6k6db6r1~x2	4
s14/db1r1db6k6g6k1y1k1w1k1g6k6db6r1	4
s14/db1w1lo1w1r1w1r1w1lo1w1y1w1g1w1~x6	4
s14/db20k2g3k2db20r3k20r2k20r3g30y3g1y2~x2	4
s14/db20k2w2k2db2k10g3k2g20k2g3k10db8k2~x2	4
s14/db20r2db2r5db30r2k32w2g30r5g4r2g4w2	4
s14/db20r2db3r6db32r2k32w2g30r6g4r2g4w1~x2	4
s14/db20w3db3w3db3w3k5dy10~x2	4
s14/db20w3db4w3db4w3r22g2k1g2dy16w1k2w1~x2	4
s14/db20w3db4w3db4w3r22g2k1g2ly16w1k2w1~x2	4
s14/db21k2db2k12y3k12g2k2g21k2r8k6r8k2~x2	4
s14/db22g1db2g1db4k16ly1g16r2g16ly1k16db16g1~x2	4
s14/db22g22w6db4y7g20db24k20r2n24k6n24r2k20~x2	4
s14/db22r2db2r6db2r2db38k46r2dy42n2dy2n2dy15~x2	4
s14/db23k1db1w1db1r1db4y2db1y2db1y2db1y2~x2	4
s14/db24g4dg2g8dg2g4db12g3r22dy3lb8g3r22dy6~x2	4
s14/db24g4dg2g8dg2g4db12g3r22y3b8g3r22y6~x2	4
s14/db28k1r7k1db6k1lb4k1db6y2r3y2db4w6~x2	4
s14/db28k1w1db2k1r2k1db2w1k1db15k16db3k16~x2	4
s14/db28y1db2k26g24k1g2r3~x2	4
s14/db29k15g5r5g8k4y4k4g8r5g5k15db7k15~x2	4
s14/db2dg6dp1dg1dp1dg1db2k2db1k2db9g1db2g1~x4~dg1806142-g2506142	4
s14/db2k2db4k4g4y1g4w2db3w14db2w2k2y1~x4	4
s14/db2lb1r2g16r2db6lb1r2g6r2db16lb1r2g2~x2	4
s14/db2lb2db3lb8g4db4g3db8r12g7r3g2k1w1~x2	4
s14/db2r9db20y4db9w4db20r9db2y1db2r20db2w1~x2	4
s14/db2y2db3y8g4db4g3db8r12g7r3g2k1w1~x2	4
s14/db34g10db5r2k8dy2w3dy2k8r2db5g10db28k3~x2	4
s14/db36k4db4k34b3k3w4k3b3k34db4k4db36k4~x2	4
s14/db37dp2db2dp3k13dp10w2dp10g1dp2g2dp2g9dp13~x2	4
s14/db37ki2db2ki3k13ki10w2ki10dg1ki2dg2ki2dg9ki13~x2~ki0703341-k0700000	4
s14/db3g1k1db2lb16db2k4g1k1db16lb2db2k1g3~x2	4
s14/db3g1k1db2n16db2k4g1k1db16n2db2k1g3~x2	4
s14/db3k2db12k18g14k2g14k8y2k8lb4r4k2w3~x2	4
s14/db3k3db12k18g14k2g14k8y2k8lb4r4k2w3~x2	4
s14/db3k3db15k15y3dg15k3dg15w3k15dbi4r6k3y2~x2~db1204274-dbi1406275	4
s14/db3k3db21dg29k2dg4r4dg4k2dg29db21k3db3y3~x2	4
s14/db3r3dt24lb24k2lb3r2lb3k2lb24dt24r3db3w2~x2~lb3203246	4
s14/db3r3g50r3g1r3db3r3db45r3db3r50db3r3~x2	4
s14/db3y3g3y62r9y9r9y9r9y9r9y62w3y3	4
s14/db40g10lo1g5r5w1r2w1r5g5lo1g10db40y2~x2~db1406275	4
s14/db40lb2k4r3n6db2r16db2n6r3k4lb2db40lb6~x2	4
s14/db41ti2w2ti2db5t12w31db4~x2~ti2503227-t2405244	4
s14/db48w3db4w3db3t16g2t5g3t4g4t3g5dy2~x2	4
s14/db4dg1g14dy8dg4ly3dg4dy8dg65dy5dg3t12dg1ly3~x2	4
s14/db4dy2db14dy4db4o1k8g13y3g13k8dy10k3dy3~x2	4
s14/db4g1db1g6k1g6db1g1db4w1k4g1k4y1~x4	4
s14/db4k1db1k1db1k5g6k1g6k6db3w1r1w1~x4	4
s14/db4o2db2oi4o2db8o2k2n43k2n43oi2db8n2~db1004274-oi2404317-k0800000-n1900000	4
s14/db4r6db16w4db4w4db4w4db16ly2db16r6w3db4~x2	4
s14/db4w2r6k1db12g4w2r6b6w2g8r2w16r4~x2	4
s14/db4y14k14g4db16g4y8g4db16g4k14y14db4t3~x2	4
s14/db52g15w1g2w1g2y2g2k2dbi3w2db2r2dbi5~x2~db1204274-dbi1406275	4
s14/db5k2g2k2g2k2db8r3db3r3db8r3w5r3~x2	4
s14/db5w5n36y3n3r3n3y3n9dg8w3db3w3dg3~x2	4
s14/db5w7db4w2db2w3db4dp6db3dp6db34w2db4w2~x2	4
s14/db60r2db2r6db1r2db1r6db1r2db1r6db2n2~x2	4
s14/db64k11r2k4r2k4g32ly4~x2	4
s14/db6o4k13o4db6w1db6o4k6ly1k6o4db6k1~x4~ly3106085	4
s14/db6r2db6y3g6k1g2lb2g2k1g6k1g2lb2~x2	4
s14/db6r3db11dy2db3dy2db3k10w1k10g9r2g4r6~x2	4
s14/db6r3g3r3g36b6g6db40g3k3g3k3g8y6~x2	4
s14/db6r8db1r2y5r5db5r5y1r2db1r2db1r6~x2	4
s14/db72r11k12y2r2w3r2k2r10g18r10k3r3w2~x2	4
s14/db7k1r3k1db24k1w3k3dg3k3dg3g19k2w4~x2	4
s14/db7k1r3k1db24k1w3k3g3k3g3dg19k2w4~x2~g1903114-dg1806142	4
s14/db88k15g9r12g20k3y8k3g20r12g9k15db24k36~x2	4
s14/db88k15g9r12g20k3y8k6g20r12g9k15db24k36	4
s14/db8lo1g12dr10y2dr6y2dr4~x4	4
s14/db9k1db1k1db1k8g8y1k1y1g8k8db8w1~x2	4
s14/dbi13r5dbi12y4k5r20w4r10w4r20db5y4dbi13r4~x2~dbi1604274-db0805267	4
s14/dbi13r5dbi12y4k5r20w4r10w4r20db5y4dbi13r4~x2~dbi1605267-db0804274	4
s14/dbi2k1dbi4db5dp3db20k8dbi4k1dbi2k1dbi33k1dbi1~x2~dbi1406275-db1204274	4
s14/dbi2k1dbi4db5dp3db20k8dbi4k1dbi2k1dbi33ly1dbi1~x2~dbi1406275-db1204274	4
s14/dbi32db1w2dbi1w2db1dbi32db1w2db1w2db1y5db1~x2~dbi1906275-db1004274	4
s14/dbi4k2dbi8db10dp6db40k16dbi8k2dbi4k2dbi66y2dbi1~x2~dbi1604274-db0805267	4
s14/dbi8dr4dbi6dr10dbi24dg12ly4dg4k4db18r10db4r6lr3~dbi1406275-db1204274	4
s14/dbi8r4dbi6r10dbi24dg12o4dg4k4db18ri10db4ri6b3~dbi1604274-r1506028-db0805267-ri2008029	4
s14/dg10w2dt3g2o14db26dg2db6~x2	4
s14/dg13r2dg19k15dg5k15dg5k15dg5k15dg19r2dg13lb4~x2~dg1806142	4
s14/dg16r3n1db2dg4r2db4dg2r1lo1dy1lo1db6dg12~x4	4
s14/dg20db2g6db2dg4db27lo2db8~x2	4
s14/dg24lyi8dg1ly2dg3r3dg5r3dg3ly2dg1lyi8dg24ly2~x2~dg1605139-lyi3104101-ly2705081	4
s14/dg2g4dg2g2dg1g2dg3k2dg2k2dg12r1dg2r1~x2~dg1806142-g2408144	4
s14/dg2ly1dg11dr50ly12db2ly4db2~x2	4
s14/dg2r3g2db2r6g16r2db4g2r16g8dg2r4w2	4
s14/dg30dt2n7r14n7r7w1dt14~x2~n1900000	4
s14/dg39k2dg2k2dg2k3dt13k2lb4k2dt13k3dg24y3~x2~dg1703152-dt1602249-lb3500000	4
s14/dg39k2dg2k2dg2k3t13k2w4k2t13k3dg24y3~x2	4
s14/dg39r2w1r2db14w14dg2g10~x2~dg1806142-g2408144	4
s14/dg3db10dg3db2dg2db2dg3db5dg2db5dg22k2dg3k2~x2~dg1405139	4
s14/dg3db10k3db2k2db2dg3k5dg2k5dg22r2dg3r2~x2	4
s14/dg3db10t3db2t2db2dg3k5dg2k5dg22r2dg3r2~x2	4
s14/dg3g15dg2g2k10dy2db12k1g2k1db12k10dg18r3~x2~dg1806142-g2203152	4
s14/dg40k2db3r4db3k2dg40w3~x2	4
s14/dg42k2dg12w2r3k2r3w2k2dp12k4r3w4k3~x2	4
s14/dg48k5db4lb2dg1r2n4dg20k3db4lb2dg1n4r2~x2	4
s14/dg4db3b4db3dg2db3b4db2y2b4db2b52db2b4	4
s14/dg4dr2db3dr1db3lo1k2lo1k2lb2k2n11dr1k1~x4	4
s14/dg4lr1dg5y4dp3y5g6w3db5w2lt3w4r3w1~x2~lr2800000-lt3102222	4
s14/dg4n1dg5y4dp3y5g6w3db5w2lb3w4r3w1~x2	4
s14/dg5g3dg16k2dg4k12g4dg2lb5dg2g16dg2k2y3~x2	4
s14/dg5g7dg4g2dg2g3dg4k6dg3k6dg34r2dg4r2~x2~dg1806142-g2408144	4
s14/dg6g3dg24k2dg4k16o5dg2w4dg2g21dg2k2y3~x2	4
s14/dg6ly2db2ly11dg2ly2r3ly2dg2ly11db2ly2dg6r3~x2	4
s14/dg6r4dg4r3dg4y2db14k4dg4k28dg18k2dg2k2~x2	4
s14/dg78k4dg4k4dg4k6db26k4w8k4db26k6dg48g3	4
s14/dg8dr3dg8k10dp5g32dg5g32dp5k10dg8dr3dg8dp3~x2~dg1603171-g2203152	4
s14/dg8o5dg5o5dg5o6db1o2dg8o2db1o24db4o6~x2~dg1806142-o2005046	4
s14/dgi3lo1dgi3r1dgi14dg2dgi3dg1dgi3g1dgi2g1dgi2g2~x4~dgi1806142-g2203152	4
s14/do10n2do6n12do2n6do2dy10ly2dy6ly12dy2ly6dy1~x2	4
s14/do16dr2do3dr4do2n12do18lb2do18n12do12dy2dr2dy2~x2	4
s14/do16dr2do3dr4do2n12dy18lb2dy18n12do12ly2dr2ly2~x2	4
s14/do18k2do2k2do9dg10dy2dg10dp11k9dp2k2dp1r3~x2	4
s14/do18k2do2k2do9g10dy2g10dp11k9dp2k2dp1r3~x2	4
s14/do22g26dr4g26do22dy3do3dy3do3dy31do3dy3do3dy3~x2	4
s14/do4o3do4o2do4db8do30k4db4k36do4r2k4w2	4
s14/do4o3do4o2do4db8do30k4db4k36do4r2k4w2~r2109032	4
s14/dp16w2k16g16k2g16k16g16k2g16k16w2dp16k1~x2~dp1607327	4
s14/dp20k2w2k2dp2k10g3k2g20k2g3k10dp8k2~x2	4
s14/dp24w4m10w4y4w28n6w4n6w28m18w1db4w3~x2	4
s14/dp2r1dp1r31dp8r2dp8r3g1r2g1r3g5r2~x2	4
s14/dp2r3g2db2r6g16r2db4g2r16g8dp2r4w2~x2	4
s14/dp2y25dg8y2dg2y25dp2y2dp6y2w2y4dg16y2~x2~y2505139-dg1504144	4
s14/dp3lo2r19o4dpi6k36dpi2lo3~x2~dp1105325-dpi1607327	4
s14/dp3r4g3db3r7g17r3db5g4r21g7dp3r6w3~x2	4
s14/dp4dg4g2w3dg27g30ly1r3~x2~dg1806142-g1903114-ly3307090	4
s14/dp4o2dp2dpi4o2dp8o2n2oi43n2oi43dpi2dp8oi2~dp1105325-dpi1607327-n1900000-oi2500000	4
s14/dp5g1db30lb2db4lb3db3lb4db2lb5db2t9db1w2~x2~db1003265-t2607245	4
s14/dp60g4dp4g4dp4k14r2k5r3k3r4k2r5w3~x2	4
s14/dp6w6r3w30dp20g6o1w8o1g4w2g7o1w6~x2	4
s14/dp6w6r3w30dp20g6o1w8o1g4w2g7o1w6~x2~r2806019	4
s14/dr10w1do1w2n10dr8do2k17do2dr7n19k3y1k1~x2	4
s14/dr12db10lb3o3lb3db3lb16db3lb3o3lb3db10dr12w4~x2~o2500000	4
s14/dr12db1dr1g8dr2db1dr1db3dr1db1dr12g1dr1g8~x4	4
s14/dr12g1dg3g20lb1g1lb3g1lb1g20dg3g1dr12ly3~x4	4
s14/dr1ki1k2ki6k2ki2k50ki3k2ki15dp2k3ki4db1~x2~ki0700000-k0504259	4
s14/dr27g20k7w3dy3dr2dy3w3dy6dp6k2dr3dy4dp3~x2	4
s14/dr27g20k7w3ly3dr2ly3w3ly6dp6k2dr3ly4dp3~x2	4
s14/dr29n1dr2n1dr60ly2dr2db10dg2g1dg2db10dr2ly2~x2~dg1806142-g2408144	4
s14/dr2db2dr1db2dr1db28k6dr2b1dr2b1dr24k1r1~x2~db1404245-b2409265	4
s14/dr2dg2lr2dg8dr2dg2dr2dg6dr1dg1dr1dg1dr1lr1~x2	4
s14/dr2r3g2db2r6g16r2db4g2r16g8dr2r4w2	4
s14/dr2r3g2db2r6g16r2db4g2r16g8dr2r4w2~x2	4
s14/dr2r4g2db2r6g14r2db2g2r12g7dr2r5w1~x2	4
s14/dr2w24t3w3k6lo1k1w1k1g8dr4k1dr2w1~x4	4
s14/dr30k8dr2k2dr4k2dr32k2dr4k2dr2k8dr30lb3~x2	4
s14/dr3r2k7dr3k3dr52r4k52dr3k3dr3k7r2dr3	4
s14/dr48dg13dr2dg7dr2dg7dr2dg11dr50b11dr2b7dr2b7~x2~dr1404346-dg1601120	4
s14/dr48dg13dr2dg7dr2dg7dr2dg11dr50t11dr2t7dr2t7~x2	4
s14/dr48g6dr6g12y3g2k3g2y3g12dr6g6dr48k3~x2	4
s14/dr56w2t6w2g32dr11t6w5~x2~t2405244	4
s14/dr6db2dg3db3r2g18dr2db16dr18dbi3dr3dbi2dr2db6~x2~db1004274-dbi1406275	4
s14/dr6db2t3db3r2g18dr2db16dr18dbi3dr3dbi2dr2db6~x2~db1004274-dbi1406275	4
s14/dr9r5dg2r4dg2r5n38k5dg2k4dg2k5dr8lb4~x2	4
s14/dt16r2dt3r4dt2dy12g18w2g18dy12dt12y2r2y2~x2	4
s14/dt16r2dt3r4dt2dy12g18w2g18dy12dt12y2r2y2~x2~w4000000	4
s14/dt20g20o3k4o3k4o30k4o3k4o3g20dt20y4~x2	4
s14/dt5t5dt30w4dt4t18w3dt3w3t18dt4w4dt30t5~x2	4
s14/dy11db1dy11w10db1r11db1r11~x2	4
s14/dy16g10r3g3lb2g3r3g3lb2g3r3g10dy16r3~x2	4
s14/dy1r1dy2db11g5db1g8r1g8db1g5db11dy2r1~x4~g2408144	4
s14/dy24k4w7dy7ly4n28dy7k29dy35r7dy7w4dy4k17	4
s14/dy2g19db2g2db3g2db8k8dr2k3dr2k2dr19w2~x2	4
s14/dy2k3r6db4k17w2g16k2g16dy2k15dbi16k2dbi2~x2~db1106275-dbi1406275	4
s14/dy2w2k2w12dy1w1dy1w1ly4do5ly2do9dy3r2~x2	4
s14/dy34g10dy5r2k8db2w3db2k8r2dy5g10dy28k3~x2	4
s14/dy3y3dy12y1k1db12k1db12k1g12k1dy12lb3db2~x2	4
s14/dy4lb1dy2lb1dy2lb16k1g8dy8r8k1lb24k1w4~x2	4
s14/g10dr2g2dr3g11lr2k10dr2db12k1lo2dr2lo2dr2~x2	4
s14/g10k13g10dy2g7k5r2k6g7db8g3w1g3lb1~x2	4
s14/g10k6t10y4t10k3g10k3g10k3r10w4r10k6~x2	4
s14/g10w2g2w2t8r8k1r7k1r8t8g8w2g2~x2	4
s14/g11db1k1g2k12y1k12g2k2g11k2g2k12y1~x4	4
s14/g11dg6g6w1dg2w1g6dg6g36k1lo3k1g5dg5~x2	4
s14/g11dg6g6w1k2w1g6dg6g36k1ly3k1g5dg5~x2	4
s14/g11dr6db6dg2g3dg2db6dr6g36lo2dg3lo2db5dr5~x2	4
s14/g11r6db6o2g3o2db6r6g36y2o2y2db5r5~x2	4
s14/g12k16dy5db20k4w2k4db20dy5k16g12y3r4y3~x2	4
s14/g12k5db18k5w5k5db18k3db6k3db6k5g12r5~x2	4
s14/g12t5dr2k1dr2t5g12y3dr12g2w1g2dr12r3~x4	4
s14/g12y3g6dr19k1r8k2lb4k2g19k1dr19k1r9~x2	4
s14/g12y3g6dr19k1r8k2lb4k2g19k1dr19k1r9~x2~r2806019	4
s14/g12y3g6dr19k1r8k2t4k2g19k1dr19k1r9~x2	4
s14/g14dy4db4dy27g3dy4ly5dy4g3dy27db4dy4g14ly5~x2~g2408144-dy1603076-db1406275-ly3307090	4
s14/g15r1g1r1g1r18g24r1g1r18g1r1g1r3~x2	4
s14/g15r1g8dr3dp1dr3w1dr3dp1dr3dp12r1g7y1~x2	4
s14/g15r1g8r3dp1r1w1r3dp1r3dp12r1g7y1~x2~r2109032	4
s14/g16dp8r45w6dp45w44dp6w12	4
s14/g16k3g20w2r3k2r3w2g2db18k2r4w2g3~x2	4
s14/g16r3w1db2g4r2db4g2r1lo1dy1lo1db6g12~x4	4
s14/g16r3w1db2g4r2db4g2r1lo1y1lo1db6g12~x4	4
s14/g17k3g3k3g3k16t18k1r3k1t18k16g9dp2~x2	4
s14/g19dy3g19r3g19dy3g19r3g3r21lb3r21g3r3~x2	4
s14/g19k1g4k1g3k10db20y1k7y1db20k10y3g1~x2	4
s14/g19r7g7r7g7r14db3r3g19r3db3r66db7r14~x2	4
s14/g1k1g8k8db8r1db8k8g1k1g1k1g3w1~x2	4
s14/g20dy3g6dy6g6dy8db2dy2g20dy2db2dy46db3dy8~x2	4
s14/g20lb1o2lb1o2db4r1db1r1db1r1db1r2w2~x4	4
s14/g20lb6db20y3db48dr6db4dr6~x2	4
s14/g20r3g6r6g6r8dp2r2g20r2dp2r46dp3r8~x2	4
s14/g21k2r8k6r8k2db21k2db2k12y3k12g2k2~x2	4
s14/g22r3w1g2r3lb16k3dy2~x4	4
s14/g24r2g3db14dt24r2dt3db3~x2	4
s14/g28r2k15db2k2db2k2db18~x2	4
s14/g2b4g2b1g1b1g3k2g2k2g12r1g2r1~x2	4
s14/g2dg4g2dg1g1dg1g3k2g2k2g12r1g2r1~x2	4
s14/g2ly21do1k5g11do13g2do13g11k5do1ly21g2dy1~x2	4
s14/g2r30db4r4k6y1k1w1k1g10r4k1r1w1~x2	4
s14/g2w5dg1k7w1dg2k6dg6g9r1g30lo2g3w2~x2	4
s14/g2w5dg1k7w1dg2k6dg6g9r1g30y2g3w2~x2	4
s14/g34r4g4r4g4r12g20w5~x2	4
s14/g3b2g3r4g15k2g2k2g3db35k2db2k1db2~x2	4
s14/g3lb2g3r4g15k2g2k2g3db35k2db2k1db2~x2	4
s14/g3t36k9r3k3r3k36r3k3r3k9t36g3t2~x2~g2408144	4
s14/g3y1g3r1g14k2g3k1g3b1g2b1g2b3~x4	4
s14/g40n1dp4n1dp4k4r1k1r1k1r1k1r2w4~x2	4
s14/g4dy2g2dy2g2dy3db1dy1g4dy1db1dy12db2dy3~x2	4
s14/g4k1g1k1g1k5db5r2db2r2db5g5k1g1~x2	4
s14/g4lb6g3lb2g3lb2g3k5g3k5g20r3g4r3~x2	4
s14/g4o2g2o2g2o3db1o1g4o1db1o12db2o3~x2	4
s14/g5k1g5k1db5w1db5g2w1dy2db1r3dy1r3~x4	4
s14/g5k1g5k1db5w1db5g2w1ly2db1r3ly1r3~x4	4
s14/g5ly2w2db8k2db5k2db28k2db10w4g3w2ly4~x2	4
s14/g5r4g19k10g8w4db18r4~x2	4
s14/g64k3g20w2r3k2r3w2g2db18k2r4w2g3~x2	4
s14/g68r4g6db4dg34db4g6r4g68db4dg16r4dg19db4~x2	4
s14/g6db4y2db17g2db2g2db8g26db6g4k2g4w6~x2	4
s14/g6r2g2r18db9r3g3r3db9r3g24r2g2r4~x2	4
s14/g6r2g2r18dp9r3g3r3dp9r3g24r2g2r4~x2	4
s14/g6r2g2r24lb1db1r2db12r2db1lb1r2g24r2~x2	4
s14/g6r4g4r3g4y2db14k4g4k28g18k2g3k2~x2	4
s14/g80db16dp8dpi10g8ly1db6n1~x2~dp1105325-dpi1607327	4
s14/g8dg2w2dg6y2db14g4dg16g16b2g5w2g4dg7	4
s14/g8dg2w2dg6y2db14g4dg16g16r2g5w2g4dg7	4
s14/g8o5g5o5g5o6db1o2g8o2db1o24db4o6~x2	4
s14/k10ly2dg11r11w1r1w1k9~x4	4
s14/k10y3k28r28ly1k3ly1r10k1y3k1r28k28ly3~x2~y2400000-ly3307090	4
s14/k12g12k1r1k1g12k1y3k1g12k12dbi12db3dbi12~x4~dbi1406275-db1204274	4
s14/k14ly3g18r15w2r3w2dp14~x2~dp1607327	4
s14/k15r2k1r2k1r4b1k1r14k1r2k1r1k10~x4	4
s14/k15r2k1r2k1r4lo1k1r14k1r2k1r1k10~x4	4
s14/k15w1k1w1k1w1k1g15r1g15ly2r5ly2w3~x2	4
s14/k15w1k1w1k1w1k1g15r1g15y2r5y2w3~x2	4
s14/k16lb6dbi12db4dp4db4dbi35db40dbi4db4dbi4db6dp4o6~dbi1406275-db1404245	4
s14/k16t1k1t1k1t9g18t1~x4	4
s14/k16t6b12db4dp4db4b35db40b4db4b4db6dp4p6~t2508259-b1511266-db1108266-dp1708331-p2005325	4
s14/k17db3k4r1k17r2k3r2k17r3k17r3g3r3~x2	4
s14/k18wi3k18g18t18k2w4k2t18g18k18wi3k18r3~x2~wi3703114-t2503227-w3600000	4
s14/k1lo1k12lo12k1lo1w1lo1k1lo12k12lo1k1lo1~x4~lo2706066	4
s14/k1lo2k18lb2g2lb2g2lb2g2lb2g22k1lo2k1~x2	4
s14/k1y1k1g6k6db6r1db1r1db6k6g6k1lb1~x4	4
s14/k1y1k1g6k6db6r1db1r1db6k6g6k1t1~x4	4
s14/k1y1k1g6k6r6db1r1db1r6k6g6k1lb1~x4	4
s14/k1y2k21w2g2w2g2w2g2w2g20k1y2k1~x2	4
s14/k20dg18k2w2k5y2k2dg18k20db18t4db4t4db18~x2~db1406275-t2205244	4
s14/k20g18k2y2k5w2k2g18k20dp18t4dp4t4dp18~x2	4
s14/k20r6k4r6dg15w2g5w2dg15r30k4r5lb2r6~x2	4
s14/k21dg21k6lb4k6y4k6dg21k21db25lr4db6r4db21~lr2805035-r2109032	4
s14/k24g12k1y3k1g12k1r3k1g12k12dbi12db3dbi12~x4~dbi1604274-db0805267	4
s14/k24g12k1y3k1g12k1r3k1g12k12dbi12db3dbi12~x4~dbi1605267-db0804274	4
s14/k24n8lb3k3lb3k3lb40k3lb3k3lb3n8k24n8~x2	4
s14/k2db7k5r2db5k2db5w1db5k1db5r2dg7y2~x4	4
s14/k2dp6dg12k17g21w2g21w2g21k17dg12dp6k2w1~x2~dg1605139	4
s14/k2g2r3db18r2g6r4lb1db6r3g18r3k2g2~x2	4
s14/k2g2r3dp18r2g6r4y2dp6r3g18r3k2g2~x2	4
s14/k2lb18k13lb1g16lb1k2lb1g16lb1k13lb18k2lb2~x2	4
s14/k2r1k10r1k2r1k10r2k10r2g2r2k10db2~x2	4
s14/k30r3db10y3k40lb5n5db8r3y5k25db8lb8k5	4
s14/k32b12db5r2k2r2db42r2k2r2db5b12k32db4~x2~db1608288	4
s14/k33w1r23k1n6w1n6k1r23w1k33r3w3db3~x2	4
s14/k34g10k5r2k8dy2w3dy2k8r2k5g10k28db3~x2	4
s14/k34g10k5r2k8dy2w3dy2k8r2k5g10k28t3~x2	4
s14/k37dp2k2dp3k13dp10w2dp10dg1dp2dg2dp2dg9dp13~x2	4
s14/k3db5r5k3db5k3r5k3g20k3db10k3r5w3~x2	4
s14/k3dr13g19k3t19g3dr9g3t19k3g19dr13k3ly3~x2	4
s14/k3dr7k4dy7r3dy7k4g3k3g19k2g2k2r3~x2	4
s14/k3r1ly1lb11g13lb5r1ly1~x4~r2109032-ly3307090-g2408144	4
s14/k3r2k17r3k17r3dg3r3k17t3k4r1k17r2~x2	4
s14/k3r7k4o7ri3o7k4g3k3g19k2g2k2ri3~x2~r1506028-ri2008029	4
s14/k3y3k3y3k3y3k3y3k36w1k2db9r2db1~x2	4
s14/k4b2k2dg14b2k2b2k4dg2k16b2k2b1k4~x2	4
s14/k4dg21dp1dg3dp12db3dp3db4dp3db24k1w5r3~x2	4
s14/k4lb2k2n14lb2k2lb2k4n2k16lb2k2lb1k4~x2	4
s14/k4lb2w11lb5n5w2k1lb2~x2	4
s14/k4r3g2db2r6g15r2db4g2r15g7k2r4w2~x2	4
s14/k4r5db3r12b18w4k4w4k4w4k4w4db18r4~x2	4
s14/k4r6db3r16lb18w4k4w4k4w4k4w4db18r4~x2	4
s14/k4w1k4g1k1g6k1g6db1g1db4y1k4g1~x2	4
s14/k4w1k4g1k1g6k1g6k1g1k4y1k4g1~x2	4
s14/k4y1k4g1k4w1k4g1k1g6k1g6k1g1~x4	4
s14/k4y2k27y2k8y31k2y4~x2	4
s14/k54lb2k2ly9k2ly9k1lb2k9r8k2r8k4ly2~x2	4
s14/k56r90db4w4k13y3k3w3k3g18r14k3r7w3	4
s14/k5g16lb4g4b16k1w4k1g4b16g4lb4g16ly4~x2	4
s14/k5r1w2r1k26r3ly1n10w1r3w1n10w1r3~x2	4
s14/k5r1w2r1k26r3y1n10w1r3w1n10w1r3~x2	4
s14/k5w3k3lb10w3k3w2k6w1k15w3k3w2k5~x2	4
s14/k6dg5k6dg12k23do13y6db13k12w2k23dg12k6dg5~x2	4
s14/k6dg5k6dg12k23do13y6do13k12w2k23dg12k6dg5~x2	4
s14/k6t3db28lo8k10lo2k2lb2k4g16dr12k2dr6lb2~x2	4
s14/k70n2k3n12k1o3k1n12k3n2k60o2n2dp3~x2~n1700000-o2500000	4
s14/k8dy4ly1db13dy13g29w2g29dy13db13ly1dy4k3~x2~db1406275-w3600000	4
s14/k8dy8k8dy2g100k42r8t8w8k21dy2k8dy8k8	4
s14/k8g3w3g3r3g12k8g6db12y4k6w3k3g8~x2	4
s14/k8lb2r2k6r2k2y1k2dy16g30k1r2k4lb2~x2	4
s14/k8lo8k8lo2g100k42r8t8w8k21lo2k8lo8k8	4
s14/k8ly8k8ly2g100k42r8t8w8k21ly2k8ly8k8	4
s14/k8w3k8g4k4g32k4g32k4g4k8w3k8lb4~x2	4
s14/k8y1k4g1k4w1k4g1k1g6k1g6k1g1~x4	4
s14/k91ly3k11w2r3k2r3w2k3r6k3r3ly3w3~x2	4
s14/lb10r3lb10y5k2r6w2r6w2r6dr2y2lb5w2	4
s14/lb10r3lb10y5k2r6w2r6w2r6dr2y2lb5w2~x2	4
s14/lb14r12g2ly5g2n9dy2lb8w1lb3w1lb3w1lb8~x2	4
s14/lb16db2lb2db2lb3db6y52db6lb3db2lb2db2lb16dr3~x2	4
s14/lb18k1r1w1r4db4lb4g4r1g1r1g1r1g1~x4	4
s14/lb18w4r6w4lo4w36n4w4n4w36r12w1db4w3~x2	4
s14/lb2g3lb2g12y5g12w1dg16y3w3g3dg2dp2w1~x2	4
s14/lb4o4k4o18k3n36w3n36k3o18k4o4lb4o3~x2~o2500000-n1900000	4
s14/lb4r1lb4y1k1r6w1r4w1r6k1y1lb4w1~x2	4
s14/lb4r1y1lb12do4dg10y1r3~x4	4
s14/lb5g5k4n31dg3n3dg62n3dg3n31k4g5lb5r3~x2~g2408144-dg1806142	4
s14/lb5k1g30db15r8g30r8db2~x2	4
s14/lb5k1r30dp15r8dg30r8dp2~x2~dg1806142	4
s14/lb6dg5dr5dg45k4dy24k4dg5~x2	4
s14/lb6k2lb24w4lb4dr2db16lb20w4lb20db16w16db3w4~x2	4
s14/lb6ly2lb24w4lb4dr2db16lb20w4lb20db16w16db3w4~x2	4
s14/lb7w3lb2w30k5w3g2w3g8w3g2w3k30dp2~x2	4
s14/lb8k16r17db19r4k2lb7k3r3k2w5k1r3k3~x2	4
s14/lb8k1lb1k1lb1k5g6k1g6k6db3w1r1w1~x4	4
s14/lo2k2dr2db2g23dr24db2lb2db2dr2db27g6db2lo2~x2	4
s14/lo2r15lo3dr2lo3k14lo2lb6w2lb6lo2r7lb10w1~x2	4
s14/lo35dr3k21dr3g21lo6w3k3w3lo6lb15w3k6w6~x2	4
s14/lo4k1lo3db1lo1db2k6lo4db2k6lo7k6db29lo2~x4	4
s14/lr16dy14ly2dy2ly2dy2ly22dy2ly2dy2ly2dy14lr16dy3~x2~dy1603076	4
s14/lr2db1t2db2k1t12db2k11db28t1db3t2db3w1~x2	4
s14/lr40dg3ly6dg2ly2lr2ly2dg10do2dg2ly2do2dg3lr2~x2	4
s14/ly10w2dy1w2n10ly8dy2k17dy2ly7n19k3y1k1~x2	4
s14/ly34g10ly5r2k8t2w3t2k8r2ly5g10ly28k3~x2	4
s14/ly44dr6ly6dr6ly6dr6ly6dr6ly44t3ly3g3ly3lb3	4
s14/ly4g4db8r8g8r27k3w1r27lb6g8db8g4ly4~x2	4
s14/ly4k2dr8k4dr4k63r5dr64k4dr3k4dr8k2ly4	4
s14/ly70w3k2y1k2y1k5r1k5r2k7r2k7r3~x2	4
s14/ly8k26o6g15o6k26w2k26o6g15o6k26ly8k4~x2	4
s14/m42dr2k15dr2dg22ly4lbi2dp2lbi2ly4lb7lbi2dp6lbi6~x2~lbi3200000-lb3103284	4
s14/n11db6g6y1db2y1g6db6n11k1r3k1g5db5~x2	4
s14/n11db6g6y1db2y1g6db6n36k1r3k1g5db5~x2	4
s14/n18o2n10o3n3o3n2o3n3o3n10o2n18o1~x4~n1900000-o2500000	4
s14/n22t12dg12y2t4y2dg12t12n12k1r6k2dg10t10~x2	4
s14/n2k6o2k1o2k1n2k4n6k4n19r2n2r2~x4	4
s14/n31k4n4k4n4k4n6w5k4o3db19k3n4r3~x2	4
s14/n31k4n4k4n4k4n6w5k4o3dp19o3n4r3~x2	4
s14/n33k4n4k5n4k7db41r4~x2	4
s14/n3db1n1r1n1r1db10lb1n9lb35y2lb2y1n2~x2	4
s14/n3dg19r2dg2r2db10r17dg2r2dg2r3lb2r3lb3~x2	4
s14/n3w20dr1db1dr1db3dr4db2dr4db2dr4db1g8dy1~x4	4
s14/n48dr2n12w2ly2dr2ly2w2n2db12dr3ly3w3n3~x2	4
s14/n4o3n4o2n4dt8n30k4dt4k36n4r2k4w2~dt1602277-r2109032	4
s14/n5ly1n3lb6n1lb3n1o5ly1o3ly6o1ly3o1~x4~ly3607098-o2505058	4
s14/n6k2w1k2n3r6n1r6~x4	4
s14/n9g4w5g30r2g4r2g4r2g30w5g4n9g5~x2	4
s14/o10dy5w8ly8dy5w8dy14w4dy5w4ly5w4ly4y10	4
s14/o19dg2db8dg4db8dg2k19dg2k2dg11ly2dg11o1dg2~x2~o2404072-ly3207098	4
s14/o2k4w1k4db18g1db18k6db3y1db2y1db2y2~x2	4
s14/o3dy2o26dy4do6dy29do2lo3~x2~dy1603076	4
s14/o3lb3n3db3n3g3k1g3n3db3n3lb3o3k1~x4~o2403057	4
s14/r103k8g16w4r9k3r9w4g7db41k14r14w10g6	4
s14/r11ly3r11ly3k11lr2r51lr2k11ly3r11ly3r11g3~x2	4
s14/r11w13db30w13db11w2db8w2db11w13db30w13r11db2~x2	4
s14/r12db1r1g8r2db1r1db3r1db1r12g1r1g4~x2	4
s14/r12db1r1g8r2db1r1db3r1db1r12g1r1g4~x4	4
s14/r12dy1r1g8r2dy1r1db3r1dy1r12g1r1g4~x2	4
s14/r12g1r1dy8r2dy1r1db3r1dy1r12g1r1g4~x2	4
s14/r12g1r1o8r2o1r1db3r1o1r12g1r1g4~x2	4
s14/r12o1r1g8r2o1r1db3r1o1r12g1r1g4~x2	4
s14/r12w1k1g12y2db5lb6r2lb2r4g2r2k2g2~x2	4
s14/r13w2r13k3dr13g21db3k18db9k2db2k2db15w2~x2	4
s14/r13w9r13w16r10w2k1w2k1w2k1w2k1w2~x2	4
s14/r16db8r2k3y1k3r2k3y1k3r2db8r16k1~x4	4
s14/r16k2y4k2r15k2db74k2r15k2y4k2r16db10~x2~db1406275	4
s14/r16ly5g2ly4g2ly5n38k5g2k4g2k5r8lb4~x2	4
s14/r18w2dg21g2dp7y5w2y5dp7g2dg21w2r18k3~x2~r2109032-w3600000-dg1806142-g1903114	4
s14/r1db6g1k1g1k1g6k1lb1k1db3k3g3w1~x8	4
s14/r1dg20ri1dg1dy2dg1y1dg1dy4lr1dy1lr1dy1lr1~x4~r2109032-ri2806019	4
s14/r1k1db2k6db2k2db50k3db2k15dp2db3k4b1~x2~db1108266-b1511266	4
s14/r1ki6g1k1g1k1g6k1b1k1ki3k3g3w1~x8~ki0604259	4
s14/r1ri2g1k1ri5g11ri1k2g1ri11g4r1ri2w1~x2~r2208029-ri2209032	4
s14/r1w16n6db2w1r8w1db28k3db3k3db3k1lb1~x2	4
s14/r1w1g1r16g7r1w1g1w1r1g7w2r1g1~x2	4
s14/r20dp3k8dp3db2dp24r2dp3r2dp24k15dp1n3dp2~x2	4
s14/r20w6r100db15k10db15k40y5g54r15k5r15k6w8	4
s14/r21db9k2db2k2db9k18y3g21r13k3r13w2r13~x2	4
s14/r21g13ly2dp11lb9r11dp2r11lb9dp11ly2g13r21w1~x2~ly3307090-w4000000	4
s14/r21k3y1k5db1k3db8k29y4k2y1k7y3~x2	4
s14/r21lb9k2lb2k2lb9k18y3g21r13k3r13w2r13~x2	4
s14/r21lt9k2lt2k2lt9k18ly3g21r13k3r13w2r13~x2	4
s14/r25w4k4g25y3k15lb13r5lb5r15g4r5k2g3~x2	4
s14/r2db4k1db1k1db1k8g8y2g8k8db8k1r2	4
s14/r2db4k1db1k1db1k8g8y2g8k8db8k1r2~x2	4
s14/r2db7k5r2db5k1db5w1db5k1db5r2g7y2~x2	4
s14/r2dp5r2dp10k16m6lb2dpi14k1dpi14k6dp12k16m1~x2~dp0804317-dpi1508310	4
s14/r2k1db8k8g8y2g8k8db1k1db1k1db4r1~x4	4
s14/r2lb11w4lb5db6ly1k1w1k1g8r8k1r4w1~x2	4
s14/r2lr2k2lr28k8lr9k1y2~x2	4
s14/r2o3do9oi2do5oi4w1o1w1o1w12k2w2o2~x2~o2102055-oi2104058	4
s14/r2ri4g2db2ri6g14ri2db2g2ri12g7r2ri5w1~x2~r1506028-ri2008029	4
s14/r2w1db30r30k1r2w1r2k1r30db30w1r2db1~x2	4
s14/r2w1g1r16g7r1w1g1w1r1g7w2r1g2~x2	4
s14/r2w1g1r16g7r1w1g1w1r1g7w2r1g2~x4	4
s14/r2w24lb3w3k6y1k1w1k1g8r4k1r2w1~x2	4
s14/r30b2k6b2g17y7w2k2w2y4lb7w2k6w6~x2	4
s14/r30g3lo3g3lo3g3lo3g3lo3g3lo3g3lo10r5~x2	4
s14/r30g3lo3g3lo3g3lo3g3lo3g3lo3g3lo10r5~x2~g2408144	4
s14/r30ri2k6ri2g17y7w2k2w2y4lb7w2k6w6~x2~r2109032-ri2406019	4
s14/r32k2n3w4n3k2r22k1r5k2w6k2r4w5~x2	4
s14/r35y7w1dg3w1y7dg19w2g17r12g5b5r5g2~x2	4
s14/r36db3w1db6g1k1g1r9~x4~db1406275-w4000000	4
s14/r36g18r4g6k1lr2k1g2~x2	4
s14/r36ri2k16ri2w19y4w2k2w2y4w12lb2db10g10~x2~r2109032-ri2806019	4
s14/r37db37r2db37g37r37k4r37g37db37r2db37r37k4~x2~db1406275	4
s14/r3db10t3db2t2db2r3k5r2k5r22dg2r3dg2~x2~t1903246-dg1405139	4
s14/r3dg2ly1dg18r1dg1r1dg6r24dg2r1k1r1w3~x2	4
s14/r3dg4g2dg10k18dg2db18dg3db18dg2k18dg16w1r3~x2~dg1806142-g2408144	4
s14/r3dg4g2dg10k18dg2dp18dg3dp18dg2k18dg18w1r3~x2~dg1806142-g1903114	4
s14/r3g12r2g1r1g1r4db3r1db3r28db1r3db2~x2	4
s14/r3g1w1r2dp2g10dg3dp4dg4dp2dg32g3dp3ly2~x2~g2408144-dg1806142	4
s14/r3k5w3y2db10k1yi19n19k28n3k3n3k3r3~yi2400000-n1700000	4
s14/r3w5k1db24dp3db4dp3db3dp12dg3dp1dg21k1ly3~x2	4
s14/r42b2k15b2g22y4w2dp2w2y4lb7w2dp6w6~x2	4
s14/r42k1dg12w2r3k1r3w2dg2dp12k4r3w4dg3~x2	4
s14/r42k1g12w2r3k1r3w2g2db12k4r3w4g3	4
s14/r42k1g12w2r3k1r3w2g2dp12k4r3w4g3~x2	4
s14/r42k1g12w2r3k1r3w2g2dr12k4r3w4g3	4
s14/r42k1g12w2r3k1r3w2g2dr12k4r3w4g3~x2	4
s14/r42ri2k15ri2g22dy4w2dp2w2dy4lb7w2dp6w6~x2~r2109032-ri2406019	4
s14/r45db4r4g48r4db4r4db15r4db4r40g4r4g30	4
s14/r45dp4r4g48r4dp4r4dp15r4dp4r40g4r4g30	4
s14/r4db2r45db2r2db40r4db4r2db2r2dg40r2db2~x2	4
s14/r4dy4r1dy2r24w2db4w2r4db2dy18db2dy1w4~x2	4
s14/r4k2r24k15r30k1y4k1r30k15r24k2r4k1~x4	4
s14/r4k2r2k2r2k2dr8k6dr2g2db9g2k21w4~x2	4
s14/r4lb2r50db26r10g44b4r10b4g44r51db2r4lb2~x2	4
s14/r4o3dy2o38y30dy3y3dy3~x2	4
s14/r4t11k4t4k4t4k21db21w4db21k21t20k1r4~x2~t2503227-db1204274	4
s14/r4w2r24w8db2w1db2w4db2w1db2w8db16w4~x2	4
s14/r4y3g12k16dy5db20k4w2~x2	4
s14/r4y3w12k16g5db20k4w2~x2	4
s14/r5g15dp8ly2k3r11g8r11k3ly2dp8g15r5w2~x2	4
s14/r5g25r5g2r2g2r8db6r2db6r62g2r5g5~x2	4
s14/r5lb1db10w2k10g10k1y3~x4~lb3203246	4
s14/r5w23db5w5k7y3k3w2k3g16r8g3r6w3~x2	4
s14/r60db2r2g63r2db2r2db20r2db2r54g2r2g40	4
s14/r6g4r2g9k10w1k10lg3dy2lg3dy2lg11r3lg6~x2	4
s14/r6g4y2g17r2g2r2g8r26g6r4k2r4w6~x2	4
s14/r6g4y2g36r2g2r2g12r48g4r2k1r2w6	4
s14/r6g4y2g36r2g2r2g12r48g4r2k1r2w6~x2	4
s14/r6g4y4g25r4g6r4g6w34g4w4k4r4w6	4
s14/r6w2r25dy2w9lg2lgi4lg2w9lg2lgi15dy2lgi2dy4~x2~lg2809145-lgi3204144	4
s14/r6w56db9w8k16w4k3w4k3w36r36k3r12w3~x2	4
s14/r6y60db12y6k12y2k2w2k2g18r18k3r4w2~x2	4
s14/r7lb3k2lb2k2lb3k6y2g7r4db2r4w2r5~x2	4
s14/r8db30k4db4k4db4k56g55y8g55k56db46k4r8	4
s14/r8lo5g2lo4g2lo5n38k5g2k4g2k5r8lb4~x2	4
s14/r98k3dg21w5r5k2r5w5dg2db21k7r7w8dg4	4
s14/r98k3dg21w5r5k2r5w5dg2db21k7r7w8dg4~db1204274	4
s14/r9db4r89db4r4db80r9db9r4db4r4g80r4db4	4
s14/r9g6y4g54r4g4r4g18r72g6r4k2r4w9	4
s14/r9lb8k2lb2k2lb8k16y3dg18r10k3r10w2r5~x2	4
s14/ri30r2k6r2g17y7w2k2w2y4lb7w2k6w6~x2~ri2209032-r2208029	4
s14/ri36r2k16r2w19y4w2k2w2y4w12lb2db10g10~x2~ri2008029-r1707016	4
s14/ri36r2k16r2w19y4w2k2w2y4w12lb2db10g10~x2~ri2109032-r1807008	4
s14/ri42r2k15r2dg22ly4lb2dp2lb2ly4y7lb2dp6lb6~x2~ri2109032-r1807008	4
s14/ri42r2k15r2g22y4w2dp2w2y4lb7w2dp6w6~x2~ri2209032-r2208029	4
s14/ri4lb2ri50db26ri10g44r4ri10r4g44ri51db2ri4lb2~x2~ri2209032-r2208029	4
s14/t10r4t44lr8k8t4lr4t4lr50t8g6t5y4db6~t2405244-lr2800000	4
s14/t14k3t14k10dg40k1g3k1w3k1o3k1dg40k10~x2~dg1806142-g2408144	4
s14/t14k3t14k10dg40k1g3k1w3k1o3k1dg40k10~x2~t2105244-dg1806142-g2408144	4
s14/t14lb2ly2lb2t25k6w17r3w3r3w3r3w3r3~x2	4
s14/t18db2k2db2k1t2k8g1ly1g6k8t14k2g2~x2	4
s14/t18k1r1w1r4db4t4g4r1g1r1g1r1g1~x4~t2502222-db1406275	4
s14/t18w4o6w4lo4w36n4w4n4w36o12w1db4w3~x2~t2405244-o2208036-db1208266	4
s14/t30ly3t4k25y26k3y3r4~x2~t2503227-ly3307090-y2602166	4
s14/t34g10t5r2k8dy2w3dy2k8r2t5g10t28k3~x2	4
s14/t46r2t3r2t14g38k3g4~x2	4
s14/t4db3lb4db3t2db3lb4db2y2lb4db2lb52db2lb4	4
s14/t4r2t3r4t8g4lo2g2k2t6r4t2r2w2~x4	4
s14/t7w7k3w30t20k5lb1w8lb1k4w4k7lb1w6~x2	4
s14/t9k1t1k1t1k7g8k1y2k1g8k7t8r2~x4	4
s14/t9k1t1k1t1k8g8y1k1y1g8k8t8w1~x4	4
s14/t9w4dt2w2dt2w4dt10t1w16t9ly2t9lb2t9~x2~t2406246-lb3203246	4
s14/t9w4dt2w2dt2w4dt10t1w16t9wi2t9lb2t9~x2~t2406246-w3502055-wi3704101-lb3203246	4
s14/ti33k5t3g2ti5t24y4t24ti5g2t3k5ti33r2~x2~ti2603227	4
s14/w100k15w2k4y2k6w10k4y2k13w4k100w3k2	4
s14/w10db3g30r4lb12r30lb6r6lb6r6lb6r30g30dbi4~db1204274-dbi1404245	4
s14/w10k1w5k7w7r2w7k50w7k2w7k7w5k1~x2	4
s14/w10k2w2k66y6r48k5r8	4
s14/w10r3w10y5k2r6w2r6w2r6db2y2w5g2	4
s14/w16dy5db2dy42o2dy6o2dy42db2dy5w16dy5db2dy5~x2	4
s14/w1dg1y1g8k1lb1w8lb1k8lb1w1g8lb1w1~x6	4
s14/w1dp1y1dpi8k1lb1w8lb1k8lb1w1dpi8lb1w1~x6~dp1005325-dpi1708331	4
s14/w1dp1y1r8k1lb1w8lb1k8lb1w1r8lb1w1~x6	4
s14/w1dr1y1r8k1lb1w8lb1k8lb1w1r8lb1w1~x6	4
s14/w1k1y1b8k1lb1w8lb1k8lb1w1b8lb1w1~x6	4
s14/w1k1y1db8k1lb1w8lb1k8lb1w1db8lb1w1~x6	4
s14/w1k1y1dg8k1lb1w8lb1k8lb1w1dg8lb1w1~x6	4
s14/w1ki1y1db8k1lb1w8lb1k8lb1w1db8lb1w1~x6~ki0705267-db1505255	4
s14/w2db40lb1db2r4db1g1db1r8w1r2w1r2w2~x2	4
s14/w2dg2r2dg16t2k13r2t2r2t32lb2k2t2w2~x2	4
s14/w2dp2n3g5n13dp2n2dp2n2dp33o2dp1n4w1~x2	4
s14/w2r4g2db2r6g4r2db5g2r20g7w2r4w2~x2	4
s14/w2r4lb2g8r16g2db4r2g16r6db2g2r3lb2~x2	4
s14/w3dgi7k3dgi3k3dgi3k13dg16ly3dg16k13dgi16k3w3~x2~dgi1802166	4
s14/w3dgi7k3dgi3k3dgi3k13dg16ly4dg16k13dgi16k3w3~x2~dgi1804158	4
s14/w3dp2k2dp38db28o2db2r2~x2~w3600000-db1204274	4
s14/w3dp2ly2dp38db28o2db2r2~x2~db1204274	4
s14/w3k1g15k6g5k3g8k2g5y3w2y4k1w3~x2	4
s14/w3k1g15k6g5k3g8k2g5y3w2y4k1w3~x2~g2203152	4
s14/w3k1n15k6n5k3n8k2n5y3w2y4k1w3~x2	4
s14/w3k1r15k6r5k3r8k2r5y3w2y4k1w3~x2	4
s14/w3k1t15k6t5k3t8k2t5y3w2y4k1w3~x2	4
s14/w3k2dg18r2db8r18dg2r2dg2r2db2r18dg18k2~x2	4
s14/w3k2g18r2db9r18g2r2g2r2db2r3g18k2~x2	4
s14/w3k2w7k2w2k7g8k1w2k1g8k7db7r2~x2	4
s14/w3lb2w7lb2w2k7g8k1w2k1g8k7db7r2~x2	4
s14/w3r30k4dg2db17y3db2y3db17dg2k4r30w3r2~x2~dg1806142	4
s14/w3r5g3dp3r14g36r3dp8g3r36g14b3r5w3~x2	4
s14/w3ri5r3g14ri36g3dp8ri3g36ri14dp3g3ri5w3~x2~ri2209032-r2208029	4
s14/w40o1w6o3ly1o7ly3n1ly8n3k1n9k2w8~x2~o2500000-n1900000	4
s14/w40o1w6o3n1o7n3do1n8do3k1do9k2w8~x2	4
s14/w4db16k1ly8db2ly1db2ly4db2ly1db2ly24dr2ly4~x2	4
s14/w4db1b12db1r8w8db8w2db1w2db24y4db1r2~x2~db1108266-b1511266	4
s14/w4db1dbi12db1r8w8db8w2db1w2db24ly4db1r2~x2~db1404245-dbi1406275	4
s14/w4db20k1g2k1g2k4g1w2g1k4g16dp8g1~x2	4
s14/w4db24k1dg8w8dg8k1w4dg2w1dg2w4dg8w4~x2	4
s14/w4db4r18n4r1n36k1n4k6r2k6r6k4r2~x2	4
s14/w4db4r18n4r1n36k1n4k6r2k6r6ly4r2~x2	4
s14/w4do1t32g5do4w4do4g5do5ly10do4ly4do23ly4~x2	4
s14/w4k1db12k1g8w2r8w2k8r16k4r8w2r1~x2	4
s14/w4k1db24k1r8w2g8w2db8k1y2k8y2k1~x2	4
s14/w4k1dg10k1db7k1w4k1db5k1db2k1r20k2~x4	4
s14/w4k4w4k4w4db3w2r2~x2	4
s14/w4r1w4y1k1r6w1r4w1r6k1y1w4g1~x2	4
s14/w4t30k3g20r4k1w3k1r4g20k3t30w4r2~x2~g2408144	4
s14/w5db2w12o17w12db2w12db2w12o17w12db2w5r2~x4~r2109032	4
s14/w5k3g15r3db6r15b3r3b3r3db3r15g15k3~x2	4
s14/w5k5db25k16g18k4g5k4g18k16db25r5db5w5	4
s14/w5lb2w12r17w12lb2w12lb2w12r17w12lb2w5dp2~x4	4
s14/w5r2w12g17w12r2w12r2w12g17w12r2w5b2~x4	4
s14/w7db4w2db7r2db7k6w1k6dy5db3dy3g13dy4~x2	4
s14/w7db4w2db7r2db7k6w1k6ly5db3ly3g13ly4~x2	4
s14/w7k21w9k9w29lo4w29k10r3k3r3k3r19w6	4
s14/w8db3w10dy8y2k4db3k2db3k2r3w1k2r2~x2	4
s14/w8db3w10ly8y2k4db3k2db3k2r3w1k2r2~x2	4
s14/w8db3w10o8y2k4db3k2db3k2r3w1k2r2~x2	4
s14/w91k1w6k2w5k3w4k4w3k5w2k6w1k7~x2	4
s14/w9r5w29db3k10ly2k3w3k3g12r6k3r3w2~x2	4
s14/y1dbi2dg20r3dbi30y1dbi30lb3db9dg4r3dg4dbi2y1~x2~dbi1404245-db1106275	4
s14/y1dbi2dg20r3dbi30y1dbi30lb3db9dg4r3dg4dbi2y1~x2~dbi1404245-lb3203246-db1106275	4
s14/y2g3r2g12y2g3y2g12r24k1r2w1r2g2~x2	4
s14/y2ly1r2ly26dy11g6k1w2~x2~dy1603076	4
s14/y2r11k3r4k7y2k3dp4k3dp11k3dg1g1y1~x2~y2505139-g2408144	4
s14/y2ri15y3r2y3k14y2db6w2db6y2ri7db10w1~x2~ri2008029-r1707016	4
s14/y2ri15y3r2y3k14y2db6w2db6y2ri7db10w1~x2~ri2109032-r1807008	4
s14/y3db2k1db24k2db2k2db2k2g8dp2g8k1w2~x2	4
s14/y3dy3dg2dy6g7dg2y3dg2ly3dg5y3b3y20dy2~x2~ly2705081	4
s14/y3dy3r1y2r1dy20k5dy4k5dy3r2dy3o7dy2~x2	4
s14/y3g2k1g30t24k2t2k2~x2~t2105244	4
s14/y3k3dg2k6g7dg2y3dg2ly3dg5y3b3y20k2~x2~ly2705081	4
s14/y3lb2k1lb24k2lb2k2lb2k2g8dp2g8k1w2~x2	4
s14/y4dr23r4dr2r4lb19w4lb19r4dr2r4dr23y4dr2~x2~r2108022	4
s14/y4g3r2g12y2g3y2g12r24k1r2w1r2g4~x2	4
s14/y4r1y4ly1k1r6w1r4w1r6k1ly1y4w1~x8	4
s14/y4r1y4ly1k1r6w1r4w1r6k1ly1y4w1~x8~w3600000	4
s14/y70k2lb4y2k2dg2k2dg2k14y8k2dg12k2lb3~x2	4
s14/y7ri30dr4ri8dr4r12ri6r12ri28dr4ri8dr8ri8dr4~ri2109032-r1807033	4
s14/y8do2y13dr4y12db22y5o3~x2	4
s14/y8lb8r8db2r3db2r3db3r2db3r2db52lb2w8	4
s15/b11k2b4k2b4k11db11k2lb4k2db11k11b11k2b4~x2	4
s15/b12k2b2k2b2k10r2k10t12k3t12k10b11k2b2~x2	4
s15/b17g15y5w2g8dg6w2db8do32r18w2r8w2o50w2~x2	4
s15/b3r1b1r1b15w1b1r4b1w1b1lb15b1y1b3~x4	4
s15/b4dg1o21g18o2g3o2g18o21b2dg1g3b2dg1g3~x2	4
s15/db103lr12db20dbi7k5w5r5w5k5dbi7db5g32dp14k5dp22~db1404245-dbi1406275	4
s15/db10k2w2k3w2k10db10k1r2k1db10k10db10k1ly2~x2	4
s15/db10k2w2k3w2k10db10k1r2k1db10k10db10k1y2~x2	4
s15/db11k1dr3db6k1db6dr3db4dr7db11ly1db11dr7ly2k4~x2	4
s15/db11k1g3db6k1db6g3db4g7db11y1db11g7y2k4	4
s15/db11k1r3db6k1db6r3db4r7db11ly1db11r7ly2k4~x2	4
s15/db11k3db3k3db3k11r3g13k3g13r3k11db11k3db3~x2	4
s15/db11k3db3k3db3k9dg9k1dy3k1dg9k9db9k1w3~x2	4
s15/db11k3db3k3db3k9dg9k1y3k1dg9k9db9k1w3~x2	4
s15/db11k3db3k3db3k9dp9k1ly3k1dp9k9db9k1w3~x2	4
s15/db11y2db2r2db2k11dbi11k2dbi3k2dbi11k11db11k2r3~x2~db1004274-dbi1106275	4
s15/db12k2db2k2db2k10r2k10dbi12k3dbi12k10db11k2db2~x2~db1406275-dbi1506265	4
s15/db12k2db2k2db2k12dg12k1w2k1dg12k12db12k1r2~x2	4
s15/db12k2db2k2db2k12g12k1w2k1g12k12db12k1r2	4
s15/db12k2db2k2db2k12g12k1w2k1g12k12db12k1r2~x2	4
s15/db12k2db2k2db2k12g12k1w3k1g12k12db12k1r3~x2	4
s15/db12k2db2k2db2k12g12r2w2r2g12k12db12r3db2~x2	4
s15/db12k2db2k2db2k12g16k1r2k1g16k12db12k1w3~x2	4
s15/db12k2db2k2db2k12g16k1r3k1g16k12db12k1w3~x2	4
s15/db12k4db4k4db4k12g16k2dr3k2g16k12db16k4db4	4
s15/db12r2w2r2w2k12g11k2w2k2g11k12db11k2r2~x2	4
s15/db13k2db2k2db2dbi13dg13k2dg3k2dg13k13dg13k2db3~x2~db0805267-dbi1604274	4
s15/db13k2db2k2db2dbi13g13k2g3k2g13k13g13k2db3~x2~db1204274-dbi1406275	4
s15/db13k2db3k2db6k12lo2g12k2g12lo2k12db16k2lo4~x2	4
s15/db13k3db3k3db3k10lb10w4r4w4lb10k10db14k3db3~x2	4
s15/db13w2db2r2db2k12g12k2g3k2g12k12db12k2r3~x2	4
s15/db14r15b4k18b4g20y4w2k4w2y4r8k6db1w6~x2	4
s15/db14r15o4k18o4g20y4w2k4w2y4r8k6db1w6~x2	4
s15/db15k4db4k4db4k16b16k2g3k2b16k16db18k1w2~x2~db1106275-b2603265	4
s15/db15lb15g3r2g26r2g3lb15db26r2db3lb4db3r2db11~x2	4
s15/db16k2db2k2db2k12g12y2k2y2g12k16db16k1w3~x2	4
s15/db16k3db3k3db3k16db17k2dy4k2db17k16db17k2w4~x2	4
s15/db16k3db3k3db3k16dg14k2r3k2dg14k16db14k2r3~x2	4
s15/db17g4k4g4db17r6k12r4k12r6g17k4db2k4g17	4
s15/db17k3db3k3db3k16g15k2w3k2g15k16db16k3db3~x2	4
s15/db17k3db3k3db3k17dg17k2w3k2dg17k17db17k2r3~x2	4
s15/db17k3db3k3db3k17g17k2w2k2g17k17db17k2dr3~x2	4
s15/db18dp2k2db2dp2k1db2k8g1y1g6k8db14k2g2~x2~db1504274-dp1502305	4
s15/db18g4k4w4g16db4g16w4k4r5g4w4g4r5k4~x2	4
s15/db18n16o11n20k7n7k11n7k7n35k52n71o7k7o12~n1900000-o2500000	4
s15/db19k3db3k3db3k20g19k2r5k2g19k20db19k3db3~x2	4
s15/db1k6db2k8db2k2db52r2db2y8db2y6db2y2r1~x2	4
s15/db1w1k1w1k1w1k1w1k1w1k1w1k1w1db1~x12	4
s15/db1y3r3k2db8y3r2k1r2y3g8w1k1r12w1~x2	4
s15/db20k16g3dp23o7g10o7dp23g3k16db23w2db2w2db3~x2	4
s15/db22k1dg3db6k1db6dg3db4dg7db11y1db11dg7y2k4~x2~dg1605139	4
s15/db22k1dg3db6k1db6dg3db4dg7db11y1db11dg7y2k6~dg1605139	4
s15/db24k2db2k2db2k12g16k1r2k1g16k12db12k1w3~x2	4
s15/db24k2db2k2db2k12g16k1r3k1g16k12db12k1w3~x2	4
s15/db25r3db3r2db4r2db3r3db18k16r1db16r3db8y2~x2	4
s15/db28k4db4k4db4k28g26k3y5k3g26k28db26k3r5	4
s15/db28k4db4k4db4k28g27k3ly5k3g27k28db27k3r5~x2~db1406275	4
s15/db28k4lb4k4db4k4g26k2y5k2g26k4db40k4r10	4
s15/db2k1db6k1dr5y3dr5k2w3k2w9k1w2k1y2~x2	4
s15/db2k1db6k1r5y3r5k2w3k2w9k1w2k1y2~x2	4
s15/db2k1g8k1g1k1g1k8db1k1db1k1db8k1g2~x2	4
s15/db2k1g8k1g1k1g1k8db1k1db1k1db8k1g2~x4	4
s15/db2k2db2k21db2r2g21db2k2db2dbi2db42lr1db21dbi2~x2~dbi1406275-lr2800000	4
s15/db2k2db2k21db2r2g21db2k2db2t2db42lr1db21t2~x2~t2503227-lr2800000	4
s15/db2k2db8k8g12k1w2k1g12k8r3lb3r14lb2r2~x2	4
s15/db2k2db8k8g12k1w2k1g12k8w3db3w14db2w2~x2	4
s15/db2k4db9k4y4k3y2k5db4k3db18w2db2w2db2~x2	4
s15/db2r1db6k6g6k1lb1k1y1k1g6k6db6g1db2~x4	4
s15/db2r1g8k2g2k2g2k8db2k2db2k2db8k1g2~x2	4
s15/db32k6db6k6db6k32db33k4y8k4db33k32db34k4w8	4
s15/db38k6db6k6db6k40g38k4r9k4g38k40db38k6db6	4
s15/db3r1db1r1db15w1db1r4db1w1db1lb15db1y1db3~x4	4
s15/db3r4w3r15db4r4db13r4g13r4db4r15w3r4db3~x2	4
s15/db43k4db4k4db4k26r32k4w10k4r32k26db32k4r10	4
s15/db4k2db16k12g16k2w4k2g16k12w4db4w16db2w1~x2	4
s15/db4w2r6k1db12dg4db2r6db1r6w2dg8r2w16r4~x2	4
s15/db4w2r6k1db12g4w2r6db1r6w2g8r2w16r4~x2	4
s15/db4w8lo3db1g1w1g32lo2w1g1n8r1g2n2w2~x2	4
s15/db62dy3k3r15db18w3dy28n12k3n5dy5n5db6k12w8	4
s15/db62ly3k3r15db18w3ly28n12k3n5ly5n5db6k12w8	4
s15/db6dp2r2g5r2g2r2dp6r2lb2r24dp2r2dp2r6~x2	4
s15/db6dy2g24db4g8db6g6db8g3db10n14db4r3db34lb4	4
s15/db6dy2o24db4o8db6o6db6o3db10n14db4r3db34lb4~o2500000-n1900000	4
s15/db6k1db1k1db1k6g6k1w2k1g6k6db6k1r2~x2	4
s15/db6k1db1k1db1k6lb6k1w1k1lb6k6db6k1r1~x4	4
s15/db6k2db2k2db2k6g8k1r2k1g8k6db8k2db2~x2	4
s15/db6k3r4k2r27k12db10k3y2k3g12r10w2r3k3~x2	4
s15/db6y2dbi24db4dbi8db6dbi6db8dbi3db10k14db4r3db34w4~db1003265-dbi1605267	4
s15/db6y2dbi24db4dbi8db6dbi6db8dbi3db10k14db4r3db34w4~db1204274-dbi1406275	4
s15/db6y2g24db4g8db6g6db8g3db10n14db4r3db34lb4	4
s15/db6y2yi24db4yi8db6yi6db8yi3db10n14db4r3db34lb4~yi2400000-n1700000	4
s15/db73k4lb6k4db73g73r4g73db73k4lb4k4db73g73y4	4
s15/db7w1k3dp3k3db3k13dp2k2dp2k2dp23dbi3dp2o2~x2~db1004274-dbi1106275	4
s15/db86t6k24ly6lo6g6r6lb6k4t22db6t8db8k3t8~t2105244-lb3203246	4
s15/db8k1db2k1db2k6dg8k1lb2k1dg8k6db8k1db2~x4	4
s15/db8k1db2k1db2k6g8k1w2k1g8k6db8k1db2	4
s15/db8k1db2k1db2k6g8k1w2k1g8k6db8k1db2~x2	4
s15/db8k1db2k1db2k6g8k1w2k1g8k6db8k1db2~x4	4
s15/db8k1o1k1db22o1k14o1w2o1w6k3o1w3o1~x2	4
s15/db8k4y3k4db14k4dg4g6dg3g10k10g9k3r3k4~x2	4
s15/db8lb8db6g8db14k14db8k14y4db60g4r4g4db13w4	4
s15/db9k1db1k1db1k7dr8k1y3k1dr8k7db8k1g3~x4	4
s15/dg10r3k2r3dg10r8k2y1b1y1k2r20dg4r8w1~x2	4
s15/dg10y6dg20k20db20k6db8r6db20r6w4r16w4db6w1~x2	4
s15/dg12g2dg2g7y4b2y8b2y4g7dg2g2dg16w2dg4~x2~dg1304144-g2104115	4
s15/dg12g2dg2g7y4r2y8r2y4g7dg2g2dg16w2dg4~x2	4
s15/dg13k6dg13r3k10r2k10r3db13k2dg2k2dg2k2db13~x2	4
s15/dg15db3dg3db3dg3db16o16k5lo2k5o16db16dg15r1k4~x2	4
s15/dg16w2r7w2k14w8dg15w2g17w6g6r8k6r8k2	4
s15/dg21k1r4k1dy21dg3dy3dg3dy21dg3ly4dg21dy3dg3dy3~x2	4
s15/dg24k1r5k1do20dg4do4dg4do21dg4y5dg24do4dg4do4~x2	4
s15/dg26k4dg6r4dg6k26db26k3w7k3db26k26dg26k3r7~x2	4
s15/dg2k1db9k9dg9k1w1k2w1k1dg9k9db9k1r2~x4	4
s15/dg32do1lo1dg1k1o1k1o1k1do3dg2k1o4k1lo1~x4	4
s15/dg38k3dg3k3db6n1k2r2k2n1db6k3db3k3db19~x2	4
s15/dg3do16dg3do3dg3do16k2dr4k2dg18do3dg3do3dg16ly3~x2	4
s15/dg3g1lo2dg3g1lo2dy21dg18dy2dg3dy2dg18dy21g1lo2~x2	4
s15/dg3g1lo2dg3g1lo2dy21dg18dy2dg3dy2dg18dy21g1lo2~x2~dg1806142-g1903114	4
s15/dg4db2k10db2k2db14r2db2k10dbi2dg2dbi2dg4k1w2~x2~db1106275-dbi1406275	4
s15/dg5r4m1db36r4dg15r8y1db15r4dg36r4ri1db5y1~x2~r2109032-ri2806019	4
s15/dg6k1dg1k1dg3lr1lb1r1lb1lr1dbi3db1dbi1db1dbi6~x4~lb3200000-dbi2006246	4
s15/do20k6do5k8dy4do6db3k1do3k1db3k9db11k1dy1~x2	4
s15/do28r3k2n2k2r3n8ly2k8ly5k3lyi2k2ly3k1~x2~ly2503076-lyi3104101	4
s15/dp1w1k1w1g1w1k1w1k1w1k1w1k1w1g1~x8	4
s15/dp23g2dp2g2dp2g12db16g1lb3g1db16g12dp16g1dy3~x2	4
s15/dp23g2dp2g2dp2g12db16g1lb3g1db16g12dp16g1ly3~x2	4
s15/dp2k1g6dg4k1dg5k2g30k2db4k1dg4g6k1dp2~x2	4
s15/dp2k2g6lb4k2db5k4g20k4lb5k2lb4g6k2dp2~x2	4
s15/dp3n2dp3y2w4g8y2w4y2r8y2w20y2w62y2	4
s15/dp4db1n15db2n2db2n2db12dp2db2dp2db2dp14db1g4~x2	4
s15/dr11w4dr8dy1dr1dy28ly2dy28k2dy2k23dr3ly6dr3k5~x2	4
s15/dr12g2dr1g1dr1g1dr6g12dr1k1dr12k1dr1k1dr3~x4	4
s15/dr12n4dr7do2dr2do28dy2do28k2do2k23dr3ly6dr3k5	4
s15/dr20y1dr10y10k1dr5w1dr5k1y5dr11k2w4y3dr5~x2	4
s15/dr21k3y1k1w3k3db1k3db8k19y4k2y1k7y3~x2	4
s15/dr22k3lo1k1w3k3db1k3db8k19lo4k2lo1k7lo3~x2	4
s15/dr26y2dr13dg2dr3k2dr6dg1dr6k2dr3dg2dr30k2dg2~x2	4
s15/dr2w2db6dr2db2dr2db1dr20ly1dr2ly2dr2ly6w2ly2~x2	4
s15/dr2w2db6dr2db2dr2db1dr20y1dr2y2dr2y6w2y2~x2	4
s15/dr6k2dr2k4dr2k2dr6g18dr2lo1dr2k2dr10w1dr2~x4	4
s15/dr6k4dr8dp16dr6lb2dr2dp2dr2lb2dr6dp18g6dp2g1~x2	4
s15/dr6k4dr8g16dr6lb2dr2g2dr2lb2dr6g18dp6g2dp1~x2	4
s15/dr8k5dr8g27dr8w2dr3g3dr3w2dr8dy27dr8dy3dr3~x2	4
s15/dt103lo12dt20db7k5w5r5w5k5db7dt5g32dp14k5dp22~dt1402277-db1306275	4
s15/dt12w2dt2dr2dt2k10dg12k2dg4k2dg12k10dt12k2dr3~x2	4
s15/dt14dy3dt14lb10dy2dt7dr5k2dr2k2dr5dt9w1k2dt2~x2	4
s15/dt30k5dt5k5dt5k31dg31k3w7k3dg31k31dt31k3r7	4
s15/dt38b8db3dt20b42k2g6k2b2dp3b2w2db10b2k6~dt1602194-b2501240	4
s15/dt38n8db3dt20n42k2g6k2n2dp3n2w2db10n2k6	4
s15/dt72dr2dt2dr5dt4y2dt4dr5dt2db2dt2db15lb2db3r2~x2~dt1102249-db1404245	4
s15/dt8k1dt2k1dt2k6g8k1w2k1g8k6dt8k1dt2~x4	4
s15/dti1dt4k11dt1k1dt1k1dti1k11n4g1n8k8dt8n1~x4~dti1503227-dt1202249	4
s15/dy1db11dy1dr2n1dr2r2w1r2dr2n1dr2dy1db11w1~x8	4
s15/dy1r1k1ly1r21k1dy12ly1y7g3dy6k1ly1k1r1~x2	4
s15/dy28r3do2n2do2r3n8ly2do8ly5do3w2do2ly3do1~x2	4
s15/dy28r3k2n2k2r3n8ly2k8ly5k3lyi2k2ly3k1~x2~ly2503076-lyi3104101	4
s15/dy29g17k1w3k1y2k10lb8dy4lb8k10y2k1w3dy29~x2	4
s15/dy4ly60dy2ly15dy2ly2lo2dy2ly8dy4y1dy2y2dy2y1~x2	4
s15/dy5k2db6w1db6k2dy7k16g7k2r4g2r4k2g4~x2	4
s15/dy5k2t6w1t6k2dy7k16g7k2dr4g2dr4k2g4~x2	4
s15/dy8g1w6dy8w3dy4g1w8g1dy6ly20w29dy3w7ly7~x2	4
s15/dy8g20db15dy6g4dy8db4dy6g20dy8db6dy4lb2dy4db6	4
s15/g10dr2g2dr3g11lr2k10dr2db12k1lo2dr2lo2dr2lo2~x2	4
s15/g15db3g3db3g3db16o16k5y2k5o16db16g15r1k4~x2	4
s15/g16db6y2g12r2g14db14y1db12r2g6db24g6y2r2~x2	4
s15/g16dp6g6db46g5db8g5dp10g6dy8g48dp6g6dp6g16	4
s15/g16dp6g6db46g5db8g5dp10g6ly8g48dp6g6dp6g16	4
s15/g16dy1g2dy1g2dy12r12dy1y2dy1r12dy12g12dy1w2~x2	4
s15/g16o1g2o1g2o12r12o1y2o1r12o12g12o1w2~x2	4
s15/g16r2g2r1g3r1g2r2g12k12r1db16r2db8y2	4
s15/g16r2g2r1g3r1g2r2g12k12r1db16r2db8y2~x2	4
s15/g18r6dr4ri6g20ri6dr4ri6dr4r6db22ri8r6dr4ri5~r1506028-ri2008029	4
s15/g18rii6ri4r6g20r6ri4r6ri4rii6db22r8rii6ri4r5~rii1707033-ri1505012	4
s15/g18w2db16w2lb6k16w2r8w2db9ri9k6ri9g6lb6~x2~r1707016-ri2008029	4
s15/g18w2db16w2lb6k16w2r8w2db9ri9k6ri9g6lb6~x2~r1707016-ri2209032	4
s15/g1k1g1db10g1db1g1k4g1ly1g10k1g1k1g1~x4	4
s15/g1k6w1dy1w1dy1w1dy1w1dy1w1dy1w1k6ly1~x8	4
s15/g1w1k1w1k1w1k1w1k1w1g1w1k1w1m1~x8~g2408144-m2110326	4
s15/g20dy2g4dy2g4dy18r18dy1y4dy1r18dy18g18dy1w4~x2	4
s15/g21k1r4k1dy21g3dy3g3dy21g3y4g21dy3g3dy3~x2	4
s15/g21k1r4k1o21g3o3g3o21g3y4g21o3g3o3~x2	4
s15/g24k1r5k1do20g4do4g4do21g4y5g24do4g4do4~x2	4
s15/g26k4g6r4g6k26db26k3w7k3db26k26g26k3r7~x2	4
s15/g2dr4g2k16g2k16g4k2g2k2g4k4db8k1lb2~x2	4
s15/g2r4g2k16g4k16g4k2g2k2g4k4db8k1w2~x2	4
s15/g2w2db1w30g1w1g5t8g4db1g1db8w1db2y1~x2	4
s15/g30y2g5y2g4k15db29r2db29k15g5y2g4y2g17~x2	4
s15/g34r4g3r2g4r2g3r4g17k17r2db17r4db4ly3~x2	4
s15/g34r4g4r2g4r2g3r4g17k17r2db17r4db4y3~x2	4
s15/g3db1lb34db2w2db2y2db2r2dbi8r2g3db1lb2r2~x2~db1003265-dbi1208266	4
s15/g3db2ri1db17r2g8r4lb1db8r2g17r2ri1db3lb1~x2~ri2806019-r2109032	4
s15/g3k1g1r12g1r1g1k4g1lb2g15k1g1k1g3~x4	4
s15/g3k1lb34k2w2k2y2k2r2db8r2g2k1lb2r2~x2	4
s15/g3r2b1db18r2g8r4lb1db8r2g18r2b1db3lb1~x2	4
s15/g3r2w1db18r2g8r4lb1db8r2g18r2w1db3lb1~x2~r2209032-w3502055	4
s15/g46r6g6r2g8r2g6r2g6dr36r2db47r6db24ly6	4
s15/g46r6g6r2g8r2g6r2g6dy36r2db47r6db24y6	4
s15/g4dg40g4k8db4k8g5k2dy4k2dg1g2dg2k1lb1~x2	4
s15/g4dg40g4k8db4k8g5k2ly4k2dg1g2dg2k1n1~x2	4
s15/g4dg40g4k8t4k8g5k2dy4k2dg1g2dg2k1lb1~x2	4
s15/g4k1g1k1g1k5db5r2db2r2db5g5k1g1k1~x6	4
s15/g5dg22g13k5w4k7g5k2dy7k2dg2g6dg1k2w2~x2	4
s15/g6k1g1k1g3lr1w1r1w1lr1t3db1t1db1t6~x4~lr2800000-t2405244	4
s15/g6k3g7r3g6k13db13k3db13k13g3w3g6k3r4~x2	4
s15/g8db2g8db10lb2k8t6k2t3k2t6g6w2k2g2~x2~lb3103284-t2405244	4
s15/g8db3y1g6r1g7db7y1db6r1g3db12g3y1r1~x2	4
s15/g8k4t28k5t5k5t5k24g5k5g5k5g39r5t8	4
s15/k10w10k10w10k10w10r3w6k3w3k3w3k3w3k3~x2	4
s15/k11ki1g3k6ki1k6g3k4g7k11y1k11g7y2ki4~x2~k0504259-ki0700000	4
s15/k12r1k2r2k2r3k2r4k2r2k2r1db36k16ly3~x2	4
s15/k14db2g2db2k14r2db12r2db12r2g13db2k2db2g14~x2	4
s15/k15dp2dt1r1lb1k15r1dt2k15lb1k15dp4dt2lb1k15~x2	4
s15/k15dp2k1r1lb1k15r1k17lb1k15dp4k2lb1k15~x2	4
s15/k15ki4k4ki4k4ki16db16ki2g3ki2db16ki16k18ki1w2~x2~k0504259-ki0700000	4
s15/k16ly1k4w2k4dr1dg41ly2dr36k1dg3k1dr3k1dg4~x2	4
s15/k18dy3k3dy3k3dy16dg16r1y1r1dg16dy16k17dy3k3~x2	4
s15/k19n6k3n15w3n12w9n3w20n3w20k19r4k5w3~x2	4
s15/k1db8k7n8y1n4k11t1k1db1k1db1k11db4t1~x4	4
s15/k23db1g1r3db2r1db12y1k1w1k6db4g2k2g3~x2	4
s15/k2db2g24r2g2r12g3k12db11k3db11g2r2g24db2~x2	4
s15/k2dg4w2dg19k2n10k1y2k1n10k2b19w2b4k2~x2	4
s15/k2dg4w2dg19k2n10k1y2k1n10k2db19w2db4k2~x2	4
s15/k2r18g7r3g10w1g10r3g10w1g10r3g7r18k1~x4	4
s15/k30n33k1ly1k1n8k1ly2k1n3k1ly3w2k1ly7~x2	4
s15/k38r16k1y2k1r16k27w2~x2	4
s15/k3lb4r5k2lb5k2r5k2g25k3lb11k2r5k1w3~x2	4
s15/k3ly8do2ly8dt11do2ly4dr4do27dt1do2dt2do2dt13do3~x2	4
s15/k3w7k7w7k7w7k7w7k7w7k7w7db5w3r3~x2	4
s15/k4lb2w15r6w25lb2k4lb2w15lb4k2lb4k2lb4k2~x2	4
s15/k4r4w4r28t4r4g25r4t25r4t4r28w4r4k4~x2	4
s15/k4w2lb15r6lb25w2k4w2lb15w4k2w4k2w4k2~x2	4
s15/k56dt3lb6dt3w3dt3db6dt26t6dt3w3dt3db3dt3lb6~dt1102249-db1605267-t2003208	4
s15/k6g10w10k2w23db10w2k6y2k8g10r12g4r8w4	4
s15/k6g1k1g4ly1r1ly4r1ly2g4k1g1k8w1k2~x4	4
s15/k6n7dy36k17n17y34db6y6db6y34n17k17r39w4r6	4
s15/k8db2k2db24k8w2k1w2k4w2k1w2k8g16k4~x2	4
s15/k8t2k2t24k8w2k1w2k4w2k1w2k8g16k4~x2	4
s15/k94db20g34w3g4w3g3ly5g5k5db7w5db5r5db12	4
s15/ki17k3ki3k3ki3k17g17k2w3k2g17k17ki17k3r3~x2~ki0604259	4
s15/lb12k8lb12w1ly2w1ly8w1ly2w1ly8w1ly2w1ly8	4
s15/lb14g4k4w4g12lb4g12w4k4r6g4w4g3lb4k4~x2	4
s15/lb17g15y5w2g8dp6w2db8do32r18w2r8w2dy50w2~x2	4
s15/lb1r1db1r2g8r1db1r2g1r1db8r2g1r1lb1~x4	4
s15/lb1r2db2r4g16r2db1r4g1r2db16r4g2r2lb1	4
s15/lb1r2db2r4g16r2db1r4g1r2db16r4g2r2lb1~x2	4
s15/lb1r2db2r4g16r2db2r4g2r2db16r4g2r2lb1~x2	4
s15/lb27r4lb3r2lb4r2lb3r4lb14k14r2db14r4db4y3~x2	4
s15/lb28n3lb3k2lb3n3lb28dg14k3n3k3dy3k4n3db6~x2	4
s15/lb2r19lb2r5lb2g13lb2g12lb2r5lb2g14lb2g12lb2~x2	4
s15/lb2r3db3r5g14r3db2r5g2r3db14r5g3r3lb2~x2	4
s15/lb30g8r2k8y2k8r2g8db11r2lb10r3lb2r2db3~x2	4
s15/lb3dy8dr2dy8db11dr2dy4r4dr27db1dr2db2dr2db13dr2~x2	4
s15/lb3g1lb1g5r2do4lb3g2w1lb1y1g1do2r2y1~x4	4
s15/lb3ly8r2ly8db11r2ly4ri4r27db1r2db2r2db13r2~x2~r1706009-ri2109032	4
s15/lb3r24db4r8g32r4db4r8g4r4db32r8g4r4lb2~x2	4
s15/lb5k1dp5k1g4k1y4k1dp30lbi1k2dp1lb1y1k1~x2~lb3203246-lbi3402028	4
s15/lb5k1dp5k1g4k1y4k1dp30r1k2dp1lb1y1k1~x2	4
s15/lb6t2db4dbi12t48dbi8ti8tii10ti9dbi8ti24dbi8t6dbi4lb4~x2~lb3203246-t2205244-db1106275-dbi1204274-ti2308259-tii2405244	4
s15/lb8g2k2w2g8lb2g8w2k2dg3g2w2g1lb2k2~x2	4
s15/lbi20g4k4lb4g16lbi4g16lb4k4r6g4lb4g3r6k4~x2~lbi3203246-lb3200000	4
s15/lg27g7r2k7y2k7r2g7db10r2lg9r3lg2r2db3~x2	4
s15/lg2y1g2dg8g8o9g3y2r1o1r1o1r1o1r1~x2	4
s15/lg4k12r2k2r2k2w12y2w3t6k3g12k2w3r2~x3	4
s15/lg4w2lg1w14r2do4lg8g4w2lg3ly2g2do2w2ly2~x2	4
s15/lo2db3dy3db4g16db3dy3db4g3db3dy16db4g3db3lo2~x2	4
s15/ly12k2ly2k2ly2k12o12k1w2k1o12k12ly12k1r2~x2	4
s15/ly15r3ly3r1ly35g5w2db2g35r1g3r3ly5w2db2~x2	4
s15/ly18do3ly3do3ly3do16g16r2y2r2g16do16ly17do3ly3~x2	4
s15/ly2dy2w12dy2ly2k6dr8k1w2k1dr8k6do8k1ly2~x2	4
s15/ly2g2dg20lb2r2lb2r10lb2r2lb2db20ri2r1db2w1~x2~r2109032-ri2307033	4
s15/ly2t3k3t4y16t3k3t4y3t3k16t4y3t3ly2~x2	4
s15/ly4dg18do3dg3do3dg18k2dr4k2do16dg3do3dg3do16dg3~x2	4
s15/ly4g3w25g4ly4k12db16k2w4k2db16k12g16k2ly4	4
s15/ly4n12k12n4lb18n1ly1n1lb2n1ly2n1lb4n1ly4~x4	4
s15/ly6lb5g4lb5r2dy5g2dy14g10dy1r30dy10lb14g5lb2~x2	4
s15/n12k2n2k2n2k12dr12k1dy2k1dr12k12n12k1r2~x2	4
s15/n16r1g3n5r1n5g3n4g12n14y1n14g12y2r6~x2	4
s15/n2dt1t2dt2r1t12dt2r1dr10dt28t1dt3t2dt3w1~x2~dt1102249-t2308259	4
s15/n2t14k3t3k3t3k15t4r2g2r2g11r2g2r2~x2	4
s15/n32k4n5k4n32k2w2lo12k16w8k4r5k4w8k16~x2	4
s15/n8r1dg3n5r1n5dg3n4dg12n14y1n14dg12y2r3~x2	4
s15/o28r3do2n2do2r3n8oi2do8oi5do3w2do2oi3do1~x2~o2102055-oi2104058	4
s15/o7db1o2db2o35lb2o2db10o2g2o2g37o3db2o6~x2~o2207025-db1404259-lb3302249-g2105139	4
s15/o7dt1o2dt2o35lt2o2dt10o2g2o2g37o3dt2o6~x2~o2207033-dt1204259-lt3002249-g2005139	4
s15/o8db3o3dg20o3dg3o3db6o3b3o20db3o3db2o6~x2~o1305035-dg1806142	4
s15/o8g20db15o6g4o8db4o6g20o8db6o4b2o4db6	4
s15/o8w1o1dp1o1k7g7k1g3k1g7k7o7k1dp3~x2	4
s15/oi4o3w24o4oi4k12dr16k2w4k2dr16k12do16k2oi4~oi2104058-o2102055	4
s15/r11w4r8dy1r1dy28ly2dy28k2dy2k23r3lyi6r3k5~x2~ly2503076-lyi2705081	4
s15/r12db3r4db4r36lb6r4db18r4dg2r4dg36r4db4r8~r2109032-db0906265-lb3203246-dg1405139	4
s15/r12dp2r4dp4r39lb2r4dp11r6g4r6g45r4dp4db10	4
s15/r12k2r2k2r2k10db10k1g3k1db12k10r12k2r2~x2	4
s15/r12lb2r12g8y1k6lb4k1lb1k1lb4r12w1k1r1~x2	4
s15/r12w2k4w4k1w24r2w2r2w2lb1w1o3k2w12~x2	4
s15/r12w2r12g8y1k6w4k1w1k1w4r12w1k1r1~x2	4
s15/r13b4r13g28b3o26b10o2do2o2b10r14b4o4r4~x2	4
s15/r13lr4r13g28lr3dy26lr10dy2do2dy2lr10r14lr4dy4r4~x2	4
s15/r14g3r14g13y2k14db6k2db2k2db6r9w2k2r2~x2	4
s15/r14lb3r12g16y2k11lb7k2lb2k2lb7r12w3k3r4~x2	4
s15/r15dp1r2dp2r78lb1r2dp21r3g2r3g79r2dp2r10	4
s15/r15dp1r2dp2r78lg1r2dp21r3g2r3g89r2dp2r10	4
s15/r160k2w1dg36ly9r4k1r4ly9y36k9r9ly9r4y3~x2	4
s15/r160k2w1g36y9r4k1r4y9lb36k9r9y9r4lb3~x2	4
s15/r16db6r6db5r40lb3r6dg12r5dp4r5dg30r5db5r12	4
s15/r16k6r6g46r6g5r6k12r6lb6r48k6r6k6r16	4
s15/r16w4o100w4db34g30y10w3g16b12w4db16do64r26w4	4
s15/r18g4k4w4g16db4g16w4k4r5g4w4g3r5k4~x2	4
s15/r18lb5r18g24y3k19lb10k3lb3k3lb10r18w4k5r5~x2	4
s15/r1g11k4db2k1db1k1db14k1db1k1db2k4g11w1~x4	4
s15/r1k1ly1k1y6g3dy7ly1y12k1r21ly1k1r1y1~x2	4
s15/r1w1db8lb12y1lb1db2w3db6lb1y1lb1db1w1r1~x6~db1004274	4
s15/r1y1t1y3t1y4t1r1t26w1t1k4t1k3t1~x4	4
s15/r20b36r4k2lb7k4r2k2w3k2r3k4lb7k13r20~x2	4
s15/r20dp1r1db2r1dp1r4db4g2db4g2db4g19r1dp2~x2	4
s15/r20dy2r2dy2r2dy15g13dy2w2dy2g13dy15r14dy2r2~x2	4
s15/r20ti36r4k2t7k4r2k2w3k2r3k4t7k13r20~x2~ti2607245-t2304245	4
s15/r23db1g1r3db2r1db12k3w6k6db4g2k2g3k2~x2	4
s15/r24g4r2g2r2g2r12g24r1k1r24k1r1k1r6~x2	4
s15/r25lb9k2lb9k19y3k3w5k3y3g22r16g3r3g3~x2	4
s15/r26db2r6db6r126lb6r6db38r6dg6r6dg130r19db6r18~r2109032-db0906265-lb3203246-dg1405139	4
s15/r26dr1r1db2r1dr1r5db5g2db5g2db5g24r1dr2~x2~r1606028-dr1004029	4
s15/r29k1lo3dg6w6r3k1r3w2dg3db5k3y5w5k4~x2	4
s15/r2g4k2db25g4db4y2db2w2db5g3r7k2r3w2~x2	4
s15/r2g4k2dp25g4dp4ly2dp2w2dp5g3r7k2r3w2~x2	4
s15/r31g3r2g2r3g2r2g3r15k15g2k15g3k3w2~x2	4
s15/r31g3r2g2r3g2r2g3r15k15g2lb15g3lb3w2~x2	4
s15/r320k4w2g72ly18r8k2r8ly18lb72k18r3ly18r8lb14	4
s15/r3db1r1g10r1g1r1db3r1lb1r12db1r1db1r3~x2	4
s15/r3db1r1g10r1g1r1db3r1lb1r12db1r1db1r3~x4	4
s15/r3db1r1g10r1g1r1db3r1w1r12db1r1db1r3~x2	4
s15/r3db2r2g38r2g2r2db10r2lb2r37db2r2db2r3~x2	4
s15/r3g1r2g1r18k4y1k2w1db4g6r3k1r2w1~x2	4
s15/r3k1r1g6r1g1r1k2r1w1r6db1r1db1r3	4
s15/r3k1r1g6r1g1r1k2r1w1r6db1r1db1r3~x2	4
s15/r3k2dbi18db11w3db2w2db5w2db2w3db11dbi18k2y3~x2~dbi1604274-db0805267	4
s15/r3k2lb18db10lr3db2lr2db5lr2db2lr3db10lb18k2y3~x2	4
s15/r3k2lb18db11w3db2w2db5w2db2w3db11lb18k2y3~x2~db1204274	4
s15/r3w3k3w3r3db8k1y2k1db8k2g30k1g10k2~x2	4
s15/r3w3k3w3r3db8k1y2k1db8k2g30k1g10k2~x2~r1506019	4
s15/r44g25k2w6k2y3k16lb12r6lb12k16y3k2w6r44~x2	4
s15/r48k1w8r2w1r2w8r2w1r2w8k1db16k1w4~x2	4
s15/r4g1r1g5k1lo1k1lo1k6lb1k1lb15w1lb1w1~x4	4
s15/r4g3k11n3db3n30k1w4k1g3k3g3k3n12r2~x2	4
s15/r4ki3k11n3db3n30k1w4k1n3k3n3k3n12r2~x2~ki0802166-k0700000	4
s15/r5db3r3g16r3g3r3db5r3y5r12db5r3db3r5~x4	4
s15/r5db5r3g16r3g3r3db10r3lb5r12db5r3db3r5~x2	4
s15/r5g56k2w5k2g56r16k83r16g56k2w5k2g56r5~x2	4
s15/r5k1r2k2r16lb2r2k9r2g2r2g13r2k2r4~x2	4
s15/r5k1r2k2r16lb2r2k9r2k2r2k13r2k2r4~x2	4
s15/r5k3db25k25g25k3w3k6w3k3g25k25db25k3g5	4
s15/r5k3db25k25g25k3w3k6w3k3g25k25db25k3g5~x2	4
s15/r5k5r3g16r3g3r3k10r3b5r12k5r3k3r5~x2	4
s15/r6b2r2b8k2y2k2y2k10db2k2db23w2db2w2~x2	4
s15/r6db1r6g8y1k6db4k1db2k1db4r4w1k1r1~x2	4
s15/r6db2r2g24r2db2r2db8r2w1r32db2r2db1r6~x2	4
s15/r6db2r2g24r2g2r2db8r2lb1r32db2r2db1r6~x2	4
s15/r6db2r2g24r2g2r2db8r2lb2r32db2r2db1r6~x2	4
s15/r6db2r3dg12r2dg2r2db4r2lb2r14db2r2db1r6~x2~r2109032-db0906265-dg1405139-lb3203246	4
s15/r6db2r6g10y1k10db6k1db2k1db6r6w2k2r2~x2	4
s15/r6dp2r2dg24r2dg2r2dp8r2lb1r32dp2r2dp1r6~x2	4
s15/r6dr3w3r4g33dr3w3r4w3dr3db9r33dr3w4r4~x2	4
s15/r6dy1y2dy1dp15w2dy7y1dy7w2y15dy1ly2dy1r6~x2	4
s15/r6g2r2g8k2y2k2y2k10db2k2db23w2db2w2~x2	4
s15/r6k2r2k4r2k2r6g18r2y1r2k1r10w1r2~x4	4
s15/r6k5y1k1w3t5w1t20w1t5w3k1r1k5y6~x2	4
s15/r6k5y1k1w3t5w1t20w1t5w3k1r1k5y6~x2~r2109032-w3600000	4
s15/r6t2r2g24r2g2r2t8r2lb1r32t2r2t1r6~x2	4
s15/r6w2b40w2lb14g14y3w2g6dp6y2lb6dp30r12w2~x2	4
s15/r6w2dy40w2lb14g14y3w2g6dp6y2lb6dp30r12w2~x2	4
s15/r6y2db2r30dg2r2g4r2dg2r1dg20r1y2db2r4~x2~db1204274-dg1806142-g2408144	4
s15/r6y2db2r30dg2r2g4r2dg2r1dg20r1y2db2r4~x2~dg1806142-g2408144	4
s15/r7db1r2db2r35lb2r2db10r2dg2r2dg37r3db2r6~x2~r2109032-db0906265-lb3203246-dg1405139	4
s15/r7dt2r3dg32r2dg2r2dt10r2lb2r31dt2r2dt1r6~x2~r1906028-dt1201300-dg1602166-lb3203246	4
s15/r80k1r2k3r2k1r3dg18k1w1db2y1db18lb3r12~x2	4
s15/r8db2r2db2r32lb2r2db8r2g2r2g27r2db2r2~x2	4
s15/ri20g4k4lb4g16ri4g16lb4k4r6g4lb4g3ri6k4~x2~ri2109032-lb3200000	4
s15/ri7b5r5ri31k9r4b3ri5b3r4g30ri4b3r5ri5~x2~ri2008029-r1506028	4
s15/ri7r5dr5ri31k9dr4r3ri5r3dr4g30ri4r3dr5ri5~x2~ri2209032-r2208029	4
s15/t11db2t4db2t4db11dbi11db2ti4db2dbi11db11t11db2t4~x2~t2405244-db1404245-dbi1406275-ti2503227	4
s15/t12k2t2k2t2k10g5r3w2r3g5k10t11k2t2~x2	4
s15/t12k2t2k2t2k12dg12w2r2w2dg12k12t12r3t2~x2	4
s15/t32k4t4k4t4k20g23w2t5w2g23k20t22k4t4	4
s15/t4dr12t4k14t36dr3t36k14t4dr12t4dr12k14t36ly3~x2	4
s15/t4w2t1w19r2do4t8g4w2t3dy2g2do2r2dy2~x2	4
s15/t86dg6k24dy6lo6g6r6lb6k4dg22t6dg8t8k3dg8~t2405244-lb3103284	4
s15/ti11db2ti4db2ti4db11t11db2tii4db2t11db11ti11db2ti4~x2~ti2405244-tii2503227	4
s15/w10k3w3k3w3k5w5g9k1w2k1g9k10w13r2~x2	4
s15/w13db3w13g10y2k7db5k2db2k2db5r8w2k2r2~x2	4
s15/w16db3w3db3w3k16g13k1w3k1g13k16db16k1r3~x2	4
s15/w16db3w8k3w3k6y2k2w2k2g7r4k2r2w2~x2	4
s15/w16dy1k2dy1w16g2k1g2r22w4db3w4db3w4db3~x2	4
s15/w16ly1k2ly1w16g2k1g2r22w4db3w4db3w4db3~x2	4
s15/w1r2db2r4g16r2db1r4g1r2db16r4g2r2w1~x2	4
s15/w20dy3w20dy3w9dy12w3dy15db3dy6db19w3db5r4db19~x2	4
s15/w20o3w20o3w9o12w3o15db3o6db19w3db5r4db19~x2	4
s15/w20r4w4r7w132k26db26y6db6w9g83r30k5r7w4	4
s15/w2dp2k2r4k1r21k4w1dp12k3w1g6k2db3r1~x2	4
s15/w2dr20k4dr9k26dr2k6dr2k26dr4k4dr4k4dr18ly2~x2	4
s15/w2g4dg16g2dp2g25dg8g2dg2g25dp2g2dp6g2w2~x2~g2408144-dg1806142	4
s15/w2n2g2dy1y10w7r3w13db5y10w1g2n2w2r1~x4	4
s15/w2r18w2r5w2g13w2g13w2r5w2g13w2g13w2~x2	4
s15/w2r28w2r6w2g21w2g21w2r6w2g21w2g21w2~x2	4
s15/w3db3k1db3k1db15k1db2g15y1g2k20y1k2y2~x2	4
s15/w3db3r1db3r1db15r1db2g15ly1g2k20ly1k2ly2~x2	4
s15/w3db3r1db3r1db15r1db2g15y1g2k20y1k2y2~x2	4
s15/w3db4w1db2g1db3r10db2r2db3g1db3r2db32r1~x2	4
s15/w3g2r8w14t3r3g20r3t20r3t3w14r8g2w3~x2	4
s15/w3lb2w3r4w16k2w2k2w3k10g35k2g2k1g2~x2	4
s15/w4db16w2db1w2db8k1r4k2r4k2r24k1w8r2~x2	4
s15/w4g3r10w20db4r4db26r4g26r4db4w20r10g3w4~x2	4
s15/w4r2w1k2w8k6y6r6k6y6r6k1db16k1w4~x2	4
s15/w56g5w5lb10w33dr14w5dp27w33lb10g5w33dp27w5dr14	4
s15/w5db2w1g8w1db2r2w1r2db2w1b8w1db2w5~x2	4
s15/w5db2w1g8w1db2r2w1r2db2w1lo8w1db2w5~x2	4
s15/w5n3w3n20k15n10g2n2g3n2g3n6lp3n4lp5~x2	4
s15/w6db6w3db44dg20g8dg2g8dg6r3dg2r3dg4w25ly4	4
s15/w6db6w3db44dg20g8dg2g8dg6r3dg2r3dg4w25ly4~g2308144-ly3106085	4
s15/w6g6w6g12lb8g14dy24k4lb4k4dp44w12g20k4lb5	4
s15/w6g6w6g12lb8g14ly24k4lb4k4dp44w12g20k4lb5	4
s15/w9dy14do11dy3ly11lyi7w1do3w1lyi7dy7do3w2lb2w2~x2~dy1603076-lyi3307090	4
s15/w9o14do11o3oi11y7w1do3w1y7o7do3w2b2w2~x2~o2102055-oi2104058	4
s15/y10dy1g2y2lb2r1k2y2g2dy1y10r7w3r13db5~x2	4
s15/y10dy1g2y2lr2dr1lr2y2g2dy1y10dr7w3dr13db5~x2	4
s15/y10o1g2y2b2dr1b2y2g2o1y10dr7w3dr13db5~x2	4
s15/y10w1g2k2w2r1w2k2g2k1y10w7r3w13lb5~x2	4
s15/y10w1g2n2w2r1w2n2g2o1y10w7r3w13db5~x2	4
s15/y14g4k4w4g12y4g12w4k4r6g4w4g3y4k4~x2	4
s15/y2db3o3db4g16db3o3db4g3db3o16db4g3db3y2~x2	4
s15/y6k1g10r3g3r3g16k24db18r30db20k24db30k1w6~x2	4
s15/y8g77db18k7db9k6db18g64r4g5r4g9y4g5r6	4
s16/b19k1g3k1b3k9b20k1y1k7y1k1b21k12b2g1~x2	4
s16/b30k8b2k2b3k2b8r15b8k2b3k2b2k8b30w3~x2	4
s16/b3w3b1w5k1w2k3lo1k3w2k1w5b1w3b3w1~x4	4
s16/db10k2db2k4t5k6t6k4t6k6t5k4db2k2db10k4~x4~db1406275	4
s16/db11k4db4w2db4k4db11dr26k4w3k4w2k14dg10db16dg6~x2	4
s16/db11n4db4w2db4n4db11dg26n4w3n4w2n14dg10db16dg6~x2	4
s16/db11n4db4w2db4n4db11g26n4w3n4w2n14dg10db16dg6~x2	4
s16/db12k1g16db1g1db14g3db14r2~x4~db1406275	4
s16/db12k2ly28k2n2k2lo2k2ly28k2db12r12k3lo2k3r12~x2~ly2503076-lo3006076	4
s16/db12k3lyi2k3r12db12k2ly28k2lyi2k2n2k2ly28k2db12~x2~lyi3104101-ly2503076	4
s16/db12r3db9r4y1r4y2r5dy3w5dy6w2dg7r2dg13r7~x2	4
s16/db12y1lb16db1lb1db14lb3db14y1~x4~db1406275	4
s16/db12y1r16db1r1db14r3db14y1~x4~db1406275	4
s16/db133w16k8w8k2y4k2w54k8w8k16w8k16w16k2y12	4
s16/db13r2db9r4y1r4y2r5dy3w5dy6w2g7r2g13r7~x2	4
s16/db14k21r2k3db4k21r3w3r3k21db4k3r2k21db14w3~x2	4
s16/db14w1g8w1dg16lb6w1db14w1g14lb6g6r8dg6r8dg1~x2	4
s16/db15k18g3k2g2k2g44y4g44k2g2k2g3k18db15r4~x2	4
s16/db1dgi2db1dgi3dg6db1dgi6db2r5dr13dy23r1dy1r1dy2r1~x2~dgi1802138-dg1502138	4
s16/db1g2db1g3dg6db1g6db2lo5r13dy23lo1dy1lo1dy2lo1~x2~g1903114-dg1806142	4
s16/db1r1g6db8r1g1r1db8r6g1db1g1r6g6r1db1~x4	4
s16/db20g5k5w22db5w22k2y2k2r6g4w4g3r4k2y2~x2	4
s16/db20ly3k7g11k2g3k2g3r4~x2	4
s16/db22k2ly3k2db22k4g10k2g10r3k4r3do10g2do10k3~x2	4
s16/db24g4db3g4db24g6w3g4r3g8ly3g8r3g4w3g6~x2	4
s16/db2k1g15w2g15k1db2k1r2k20db2k2db2k2db25k1~x2	4
s16/db2lb2db22k6db3k4db3k4db3k6dbi12t4dbi2t6dbi7w2~x2~db1204274-dbi1406275	4
s16/db2r2k1dg4k1r1db2r1y1r6dg1r1dg1r1dg6lb1~x4	4
s16/db2y1g2dg8g8ly9g3y2r1ly1r1ly1r1ly1r1ly1~x2	4
s16/db36g10dr2g10lb2g10dr2g10k14dr2db12dr3db2dr2db4lb2~x2	4
s16/db36g10r2g10w2g10r2g10k14r2db12r3db2r2db4w2~x2	4
s16/db36g10r2g10w2g10r2k10db14r2db12r3db2r2db4w2~x2	4
s16/db36r4db3w3db36dg6w1dg2w1dg10r1dg10w1dg2w1dg6~x2	4
s16/db36r4db3w3db36g6w1g2w1g10r1g10w1g2w1g6~x2	4
s16/db36y4db10y4db36g28w3g3w3g8y6g8w3g3w3g28	4
s16/db3dr3db14dr60dy3dr4k2dr6k2dr4dy3dr60db14dr3db3w1~x2	4
s16/db3g1k3db3k3g1db3g1r6w1r6db4y5db1y5g1~x4	4
s16/db3n2db3y2w4y2k8y2w4y2r8y2w20y2w62y2	4
s16/db3r2lb2db16k2g2k2g2k2db16g2k10g4r4g12w3~x2	4
s16/db42k5db42o32g42dy5g42o32db42w5db42o32g42ly5g42o32	4
s16/db42k5db42o32g42ly5g42o32db42w5db42o32g42dy5g42o32~ly2705081	4
s16/db4dbi2db43dbi20db4dbi2db2dbi4db2dbi2db4dbi20db43dbi2db4dbi2~x2~db1004274-dbi1403265	4
s16/db4dt24db6r3db4g3db8w3db8g3db4r3db6dt24db4dt3~x2~db1406275	4
s16/db4g2dp12g4r1g28db3w3r3g48r1g4dp12g2db4y2~x2	4
s16/db4k6g1w1r1k6db4k2y1k1y1k1y1k2y3k3~x4	4
s16/db4lb1db1lb3db24o9k1o9k3~x2~o2500000	4
s16/db4lb3n30lb3dp16lb3dp10dpi48g4~x2~dp1105325-dpi1507327	4
s16/db54w3k3w3k2y3k2w20k3w3k4w3k4w4k2y4~x2	4
s16/db58g28dy4w18db14r3db8k4db8r3db14w18dy4g28db58w4	4
s16/db5w1db10ki5k1ki1k2ki2k10dg5lb2ki2lb1ki2dg3k1~x2~ki0700000-lb3203246	4
s16/db6b2db2b2db2dg6g8dg1w2dg1g8o2dg4db8b2db2~x2	4
s16/db6ly2db2ly2db2do6g8do1w2do1g8dy2do4db8ly2db2~x2	4
s16/db6r2db2r4db14r2dg12r2dg3w2dg3do11dp9dg2dp6w2~x2	4
s16/db6r2db2r4db14r2g12r2g3w2g3k11dp9g2dp6w2~x2	4
s16/db6r5db3w2db3w2db3w16db3w2db3w2db3r5db6w2~x2	4
s16/db6y2db2y2db2do6dg8do1w2do1dg8dy2do4db8y2db2~x2	4
s16/db81r4db8r8db4r12w16k8w32k16y6db8g16r8w4r24	4
s16/db9dt8g1dt1g1dt1g8dg2g8dt1g1dt1g1dt8db9n1~x4	4
s16/dg16g2dp13lb2k6ly2dg16lb2k12~x2~dg1806142-g1903114-ly3307090	4
s16/dg17k2dg2k2dg2k15db15r7db15k15dg2k2dg2k2dg17lo2~x2	4
s16/dg18k6dg1k1db1k6db1k2db1k6db1k1dg1k6dg21y1~x2	4
s16/dg19k1g3k1dg3k9db20k1y1k7y1k1db21k12dg2g1~x2	4
s16/dg28dr12dg4k20ly2k3ly2k3dg7~x2~ly2705081	4
s16/dg2db1dg30n10db20dg1db2lo1db2dg1db20n10dg30db1dg2lb2~x2	4
s16/dg32w2y2dy2y6k2db6y2db2w2db2dg10r5w2r4w2~x2	4
s16/dg44r2k5dg4r2k1dg2r10dg2k1r2dg4k5r2w1r44~x2	4
s16/dg5k12dg6k8dg13w2dg12w2dg13k8t2k2t2k2t14dg3~x2	4
s16/dg7k2dg7ly1k2ly1k10ly3dr10ly3k10ly1dg11k2dg3k2~x2	4
s16/dgi3r15dg2r2dg2r2dg18ly2dg2ly2dg2ly27k2ly2k6lo2~x2~dgi1703114-lo3007057	4
s16/do5g19dp5do5k5do5db36w3db36do5k5do5dp5g19do5db4~x2~dp1607327-db1406275	4
s16/dp10w3k3g19r14lb3k2ly3k2lb3r14g19k3w3dp10lb3~x2	4
s16/dp16w2b7w2k14lb6w2dp15w2g17lb6g6r8k6r8k2~x2	4
s16/dp16w2ri7w2k14lb6w2dp15w2g17lb6g6r8k6r8k2~x2~ri2406019-r2108022	4
s16/dp4db1dp2db1t16db1y16r16db1t4db2t4db2t12db1w4~x2	4
s16/dp4db1dp2db1t16db1y16r16db1t4db2t4db2t12db1w4~x2~db1108266-t2205244	4
s16/dp4n2dp24k1n8dp2n1dp2n4dp2n1dp2n16w2n1w4~x2	4
s16/dp50dt75dp75dt12ly12dp75dt75dp50w12dt12dp75dt75dp50w12dt12w12	4
s16/dp50dt75dp75dt12ly12dp75dt75dp50w12dt12dp75dt75dp50w12dt12w12~dp1105325-ly3104101	4
s16/dr100b6k14ly2k3w3k4dg14dr6k3dr3w2dr3k3dr6dg14~x2	4
s16/dr12g6k6g2k1g1k6dr24w2~x2	4
s16/dr12k2ly2k2dr2k2ly2k2dr12k9dr12k2ly2k2~x2	4
s16/dr15n20lr6k4n10lr22k28n6dr6lr22n6dr2lr12k2lr3n10~x2	4
s16/dr16w2dr7w2k14lb6w2dr15w2g17lb6g6r8k6r8k2~r1908029	4
s16/dr16w2dr7w2k14lb6w2dr15w2g17lb6g6r8k6r8k2~x2~r1908029	4
s16/dr17y1dr8db2k1db16y3dr1w1dr15db4dr2w3dr1w1dr16~x2	4
s16/dr1ly1k1ly1y1ly1k1ly1y1~x12	4
s16/dr24k2w2n6w2lo2dr2k2dr2lo2w2t6k2dr3lo3w2~x2	4
s16/dr3k8w2k3w2k2w6b3w6dy2w2dy3w2dy4ly10w3~x2	4
s16/dr44do3lb2g14lb2y4dr4do2dr4y4lb2db12do6dr6y7lb2~x2	4
s16/dr44do3w2g14w2y4dr4do2dr4y4w2db12do6dr6y7w2~x2	4
s16/dr4k1db8k1dy3k2db4dy6db4w3k2db20k4dr21k1dy3~x2	4
s16/dr4k1db8k1ly3k2db4ly6db4w3k2db20k4dr21k1ly3~x2	4
s16/dt11k4dt4w2dt4k4dt11r26k4w3k4w2k14g10dt16g6~x2	4
s16/dt12db3dt2dr4dt2db20lo2db4lo2db20dt2dr4dt2db3dt12db2~x2~db1406275	4
s16/dt18w1o8w1db16dp8w1dt18w1dt20dp8dt6g8db10g10db1~x4	4
s16/dt2lr2dt22k6dt3k4dt3k4dt3k6db12t4db2t6db7w2~x2~dt1104259-lr2900000-db1504259-t2002249	4
s16/dt4lr4db7lr4dt3lr22dbi8dt8dbi8dt8dbi8dt8dbi8dt8lr34r4~x2~db1404245-dbi1406275	4
s16/dt8o6dt12t5dy14dt8r14dt25r14dt8dy14t5dt12o6dt8lb2~x2	4
s16/dy18ly4lb10w2r20ly5r2w2dy6~x2~dy1603076-ly3307090	4
s16/dy2ly8dy4y1dy2y2dy2y1dy4ly60dy2ly15dy2ly2lo2ly2~x2	4
s16/dy44y2k4dp2dy15r6k3lb3y2~x2	4
s16/dy8db8dy3db1ly2dy10ly2db2ly15y3k3y15k1r3k8r8~x2~dy1603076-ly3307090	4
s16/dy8db8dy3db1o2dy10o2db2o15y3k3y15k1r3k8r8~x2~dy1802055	4
s16/g10db10r1db10n1db1n10db2n10db1n1db10r1db10g10w2~x2	4
s16/g10k1g1k1g1k1db4k1w1k1db1y1k1g4k1r1~x4	4
s16/g10w4r4dr4g2dr4r4w4g10w4lb4w2lb4w23k2r2~x2	4
s16/g12k12r1k1r1k12t12r1t12k12r1k1r1k12g12k1~x4~g2203152	4
s16/g13k2g2k2g2k12dp16k1g2k1dp16k12g12k1ly2dp1~x2	4
s16/g13k2g2k2g2k12dp16k1g2k1dp16k12g12k1y2dp1~x2	4
s16/g17lb3r3lb3k19w2g17r4g17w2k19lb3r3lb3g17db8~x2	4
s16/g17lb3r3lb3k19y2g17r4g17y2k19lb3r3lb3g17db8~x2	4
s16/g17r3g17lb19g3lb19g17y3g17lb5g4lb10g3lb10g4lb5	4
s16/g18k6g1k1db1k6db1k2db1k6db1k1g1k6g21y1~x2	4
s16/g19k1dg3k1g3k9db20k1y1k7y1k1db21k12g2dg1~x2~g2408144-dg1806142	4
s16/g1dr1g1dr1db7dr6w7k1w7dr6db7dr1g1dr1g1w1~x4	4
s16/g22k2g5k2y10k3y10k2g5k2g22r8k2r8k2r8~x2	4
s16/g28r2lb2r18db9r9lb9y1r3~x2	4
s16/g2db1lb6db10g4db1g1r1g1db1g18r1g4db6lb6db1~x4	4
s16/g2db1lb6db6g4r1g18db1g1r1g1db1g4db10lb6db1~x4	4
s16/g2db8g2k5w12lo1db1w1dr1~x4	4
s16/g3dr15dg2dr2dg2dr2dg18dy2dg2dy2dg2dy27k2dy2k6ly2~x2	4
s16/g3k2r12lb9k2lb9k16y3k3w5k3g25r13k4r5w3~x2	4
s16/g44dr3do6g6dr2do1g2dr10g2do1dr2g6do6dr3lr1dr42~x4	4
s16/g4k8lo1k1db4lb1db1lb2db1lb1db4k1lo1k8g4dp2~x8	4
s16/g4w1k3w1dy2w1k3w1dy2w1k3w1g3db14r1y2~x2	4
s16/g4w1k3w1ly2w1k3w1ly2w1k3w1g3lb14r1y2~x2	4
s16/g4w2r2lb3db3do2db2do2g2do2g3do2g8do6w8lb2~x2	4
s16/g4w2r2lg3db3dr2db2dr2g2dr2g3dr2g8dr6g8lg2~x2	4
s16/g5k12g6k8g13lb2g12lb2g13k8db2k2db2k2db14g3~x2	4
s16/g5k24g12k16g26w4g24w4g26k16db4k4db4k4dbi28g3~db1404245-dbi1406275	4
s16/g5k24g12k16g26w4g24w4g26k16ki4k4ki4k4ki28g3~ki0604259	4
s16/g6ly1dr2ly1dr2ly1db6ly1db6ly1dr2ly1dr2ly1g6dr1~x8	4
s16/g7k2g7y1k2y1k10y3r10y3k10y1g11k2g3k2~x2	4
s16/k11w4n12k2g3y1n12w4k11~x2	4
s16/k13dy1k1g1k1r2k1g1k1dy1k13lr1lb13y2lb1w4~x4~r2109032-lr3104014	4
s16/k16ly1k4n2k4dy1dg41ly2db1dy36k1dg3k1dy3k1dg4~x2	4
s16/k17t2k17w12g2w12g2w12k17r2k17w12t2w12t2w12~x2	4
s16/k1dg1db10dg1k1dg1k11dg12k11dg1k1dg1db10dg1k1dg1~x4~dg1605139	4
s16/k20w3lb20k3r3dg20r10w3k20~x2	4
s16/k22b16dr3b16k2b16g3b3lb5~x2~g2408144-lb3203246	4
s16/k2db12r12db2r2lb2r2lb2r12db6r2dg12k2y1r1y1~x2	4
s16/k2db18lb1k13lb1g16db3k2db3g16lb1k13lb1db18k2db2~x2	4
s16/k2dr15dg10k2dg5k5dg2db11dg2k2dr8k2y2k2dr15k2~x2	4
s16/k2g12r2k2r2k2r16y2r3db6r3k1g8k1r3w2~x2	4
s16/k2g4k1g1k2db3k1w1k1db3k2g1k1g4k2r1~x6	4
s16/k2w1db7k4r1db4r2db4w2db4r2db4r1dg7w1y2~x4	4
s16/k2w1db7k4r1db4r2db4w2db4r2db4r1g7w1y2~x2	4
s16/k2w1dp7k1g6k1db7lb1k1~x4~db1406275	4
s16/k3db42k3y2k3g22k3r2k3g22k3y2k3db42k3r2~x2~db1406275	4
s16/k3g10y2g10k9g2k9g10r2g10k3g2k5g2k5g2~x2	4
s16/k3ly1k8ly9k1ly1k1ly1k2~x4	4
s16/k3r1k3w5k5w3k5dy23r3~x2	4
s16/k4dt2k43dt20k4dt2k2dt4k2dt2k4dt20k43dt2k4dt2~x2	4
s16/k4g21k10r2k10db21k4db4k4~x2	4
s16/k4ly2k34db10lb4db4dp4db23w3~x2	4
s16/k4t4k2t4k2t22dy27y2r3~x2	4
s16/k64lb38lo4lb38lo4lb38k64dr8k64lb38g4lb38g4lb38k65db8~lb3200000	4
s16/k6g4k1w16lb1w4lb6w1lb6w4lb1w16k1g4k6y1~x2	4
s16/k76db1k2lb1g14dr5k13o1lo1~x2~db2006246-lb3200000	4
s16/k7w2k21r2k34w5k3w2k7~x2	4
s16/k8do2k2do27g2do2g2do2g18dr2g2dr2dg2dr15g3~x2	4
s16/k8dr3k1w2n1y1k25n2y2k3dr5k1w3y7k1n1~x2	4
s16/k8n78k8lb8k4lb4k4n13g1n4k4w4k4n52k4g1~x4	4
s16/k8r1k1r1k1r10k10r1k1~x4	4
s16/ki2dr17ki2y2ki2dr8ki2g2k11g2ki5g5ki2g10dr15ki2~x2~ki0700000-k0504259	4
s16/lb16y3lb9t14lb1t8k32dr1w4~x2~lb3203246	4
s16/lb18y2lb2y1r3g3r2g2r1k2lb3w7lb2w2lb1w4~x4	4
s16/lb18y2lb2y1r3g3r2g2r1k2lb3w7lb2w2lb1w4~x4~w3600000	4
s16/lb19db4lb19ly5lb2ly19lb2ly5lb19w2lb19r5lb2r19lb2r5~x2	4
s16/lb2r1lb8g7ri1t6n1r1w1~x4~r2109032-ri2806019	4
s16/lb30k2r18k3w24lb12k3lb24k2g26lb12g12r12w12r12w2	4
s16/lb3k12r2k2r2k2r12y2r3db6r3k2g10k2r3w2	4
s16/lb3k12r2k2r2k2r12y2r3db6r3k2g10k2r3w2~x2	4
s16/lb4dbi19g1db2g2db18dp24g1dbi2~x2~dbi1406275-db1204274	4
s16/lb4k12r2k2r2k2w12y2w3db6w3k2g12k2w3r2~x2	4
s16/lb4k1g19lo1k19db13dr2db4dr2~x4	4
s16/lb4k22r3k3r3k3r22y3r4db6r4k3g18k3r6w3~x2	4
s16/lb4r2lb3g1lb1g2lb18r1k12dg21lb1k3dg1k2dg4r2~x2	4
s16/lb62g5lb3g22k3g3y3g3k6~x2~g2203152	4
s16/lb7k24r4k4r4k4r24y4r6db12r6k4g20k4r6w4	4
s16/lb7k24r4k4r4k4r24y4r6db12r6k4g20k4r6w4~x2	4
s16/lb8lo8r6k6b28lo12r6k2r6lo12g28lb2k4r54dr1lb2~x2~lb3300000-r1607033-b2603265	4
s16/lo15do4lb8r18do2lb2lo4do2r6do16lo2r2lb6do2lo3lb1~x2	4
s16/lo3db1dp1lb8dp1db6lb3db4k8lb1db4dp1db2k4db16dp2~x2	4
s16/lp9k3lp4k9g15k9db11w2db11k9g15k9lp4k3lp9y3~x4	4
s16/ly24k13ly2k4ly3k1ly3lb2ly3k1ly3k4ly2k13ly24r4~x2	4
s16/ly2n1r19k2r8k3g9k3g6k2db6k1db5k2r27w1~x2	4
s16/ly3do2r14ly8do14dg16r13do2ly3~x2	4
s16/lyi8dy2lyi2lo2lyi2dy2lyi15dy2lyi60dy4ly1dy2ly2dy2ly1dy4~x2~lyi3504086-lo2906076	4
s16/n20w1ly8w1dr16r4w1n18w1n20r8n8lb8dr8lb8dr1~x4	4
s16/n22b9k4n14dr2n11k2n2k2~x2	4
s16/n26db2n2db2n3db9n5lb2n2ly2n10db14k3r2k4db8~x2~n2002249-db1404245	4
s16/n28r1n4dp12n2db4y2db4n2dp12n4r1n48r3w3db3~x2	4
s16/n38k5g5k5n5w2n12k10dy5k5dy10k9n76k9g2k5~x2	4
s16/n4db6g1w1r1db6n4db2y1db1y1db1y1db2y3db3~x4~n2203265-db1105267	4
s16/n52k4y2k8n78k8lb8k4lb4k4n13y2n4k4w4k4~x4	4
s16/n66m3g3m3g16dr8g3dr3r4~x2	4
s16/n8db6dp40g16n1g7n2g5n4g4n4g2n5g1n36w6~n1703265-db1104274	4
s16/n8lg7r5w2k2w2k2w2k2w2k2w2r5lg7n8g8~x4	4
s16/o13r1o2r2o2r1o2r5o11r1o2g2o2r1o2g7~x2	4
s16/o16w2ri7w2k14lb6w2o15w2dg17lb6dg6r8k6r8k2~x2~ri2806019-r2108022	4
s16/o2db1o1db12k1db1k1db1k5g1k1g1k1g5k2y1~x4	4
s16/r11k1w1g4w1y1r1k1r1y1w1g4w1k1r1y3~x2	4
s16/r120k4w2g32w4k7r7k2r7k7w4lb32k8r8k12w4	4
s16/r122k4w2g32w4ly7r7k2r7ly7w4lb32k8r8ly12w4	4
s16/r122k4w2g32w4y7r7k2r7y7w4lb32k8r8y12w4	4
s16/r122k4w2g32w4y7r7k2r7y7w4lb32k8r8y12w4~x2	4
s16/r12db2r3g20k4g20r30k2r1~x2~db1406275	4
s16/r12dy50n20db2n10db4n8db6n6db6n4db8n2db32g12db5	4
s16/r12g3y4k2y4g12y2r3w1~x4	4
s16/r16k1r8db2k1db16k3r1k1r15db4r2k3r1k1r16~x2	4
s16/r16t6k8g13r7k8g13r7k2r7k2r7g13k8t6r8~x4	4
s16/r18lb1n18k1g18w1lb18r1n18g1r18k3w4k3w4k3~x2	4
s16/r1w1db8lb12y1lb1k2w3k6db1lb1y1lb1db1w1r1~x6	4
s16/r20k3w2ly25w2y5r4k2r4y5w3lb4k5r6w1lb1~x2	4
s16/r22y3db5ly2r2w2dg11db4w3~x2	4
s16/r24w2r2w2r4k11w12db3w12k11r4w2r2w2r24y3~x2	4
s16/r25do3w2ly25w3y5r4do2r4y5w3db4do5r6w1db1~x2	4
s16/r25do3w2o25w3y5r4do2r4y5w3db4do5r6w1db1~x2	4
s16/r26lb7dp8y3r3w3g20dp10w2~x2	4
s16/r2db2k3dg25k2db3dg4dy2dg2w2dg6db2r7k2r3w2~x2	4
s16/r2db2k3g25k2db3g4y2g2w2g6db2r7k2r3w2~x2	4
s16/r2k2r5lb5k1lb1k1lb5g6y1g6r6w1r1k1r1~x2	4
s16/r2lr2t20lr2k13lr2g20k2lb4k2g20lr2k13lr2t20lr2~x2~lr2800000-lb3203246	4
s16/r30k8r2k2r3k2r8ri15r8k2r3k2r2k8r30w3~x2~r1506019-ri2109032	4
s16/r31db2r3db2r3dg12r3db2r3db2r31dy4dg19dy36dg19dy4~x2	4
s16/r39dr3w2g14w2y4r4dr2r4y4w2lb12dr6r6y7w2~x2	4
s16/r3db14k12lb24k1w3k1lb24k12db2k2db2k2db8y1r3~x2	4
s16/r3db20k6lb5k4lb3k2r1db2~x2~db1406275	4
s16/r3db2lb1r2g24r4g2r2db8r2g2r24db2lb1r2g2~x2	4
s16/r3db2w1r2g24r4g2r2db8r2g2r24db2w1r2g2~x2	4
s16/r3g11r3db2lb2db11r2g2r2db11lb2db2r3g11r3db2~x2	4
s16/r3k2lb2r2g19r3g2r2db6r2g2r21k2lb2r2g2~x2	4
s16/r3k2lb2r2g20r3g2r2db7r2g2w23k2lb2w2g2~x2	4
s16/r3k2lt2r2g20r3g2r2dp7r2g2w23k2lt2w2g2~x2	4
s16/r3lb7k1r2k1lb12k4w3k2r1k1r1db3r2db4r2~x2	4
s16/r3ly3db18dy15t16w3t16dy15t18ly3r3ly3t18dy15t16w3~x2~ly3307090-dy1603076	4
s16/r40dbi25k20db15ly6db15k20dbi25r40dbi25k20db15w4db15k20dbi25~dbi1404245-db1106275	4
s16/r46w1y3db1y3db1y3db1y3w1r46dp14r2w2g2dp14~x2	4
s16/r4k1y3k1r20k4g9r3g9k4lb3k1g7k2r6y2~x2	4
s16/r4k2db16k16g16ly4g16k16db1k1db1k1db1k1db8r2~x2	4
s16/r4n2r24k1n8r2n1r2n4r2n1r2n16ly2n1ly4~x2	4
s16/r4n2r24k1n8r2n1r2n4r2n1r2n16y2n1y4~x2	4
s16/r4n3dp2w4dp2w3dp4w3dp6w2dp8w2dp6w2lb4lo3~x2	4
s16/r4n3dr2w4dr2w3dr4w3dr6w2dr8w2dr6w2db4y3~x2	4
s16/r4o2w2o23w2o2r4o2w2o2w12db6y2k4n2w2~x2	4
s16/r4y2r34db10g4db4t4db23w3~x2~t2405244	4
s16/r5db1r5g13db8lb5r5w1db3~x2	4
s16/r5g16r5db4w2db4w2db4r22db4w2db4r5g16r5db2~x4	4
s16/r5k1db2k1r3k1db35w1db2r3db3r2db3ly1db1r5~x2	4
s16/r60g2w1g15w2y3r3k1r3y3n2w16k4r4y6w2	4
s16/r60k2w1g16w2y3r3k1r3y3n2w16k4r4y6w2	4
s16/r60k2w1g16w2y3r3k1r3y3w2lb16k4r4y6w2	4
s16/r60k2w1g16w2y3r3k1r3y3w2lb16k4r4y6w2~x2	4
s16/r6db1r2db2r28lb2r2db9r2g2r2g24r3db2r6db2~x2	4
s16/r6db3r3db54g6db3g6db4lb24dbi4lb4dbi50db6dbi4db12dy4~db1204274-dbi1605267	4
s16/r6lt25dt10db1dt5db2dt4db3dt3db3dt2db4dt1db16lr6db3~x2~lt3606171-db1007262-lr3200000	4
s16/r6t25dbi10db1dbi5db2dbi4db3dbi3db3dbi2db4dbi1db16lb6db3~x2~t2503227-dbi1404245-db1106275-lb3200000	4
s16/r6w1r1k15r1w2k1ly5w25ri5k1r5k1w5k1ri5~x2~r2109032-ri2806019	4
s16/r6wi1r1k15r1wi2k1ly5wi25w5k1ri5k1wi5k1ly5~x2~r2510029-wi4000000-w3602000-ri2906009	4
s16/r80w2r5k10r6n4r4k2n6k2r10n4r8k10r5w2	4
s16/r94k3w2g21w3y3r5k2r5y3w3n21k7r7y8w4~x2	4
s16/r9g10w2g2y2g10r9g5r9g10y2g2w2g10r9g5~x2	4
s16/r9lb2db2lb2db11y2db6r72db6y2db11lb2db2lb2r9k2~x2	4
s16/ri39r3w2g14w2y4ri4r2ri4y4w2lb12r6ri6y7w2~x2~ri2008029-r1506028	4
s16/ri6dr4r2ri3g34dr3r2ri4r2dr3dp8lb2ri40dr4r2ri6~x2~ri2209032-r2208029	4
s16/ri6r4b2ri3g34r3b2ri4b2r3dp8lb2ri40r4b2ri6~x2~ri2008029-r1506028	4
s16/t11k3t3k3t4k15g36w3g36k15t4k3t3k3t11r4~x2	4
s16/t12k1w16t1w1t14w3t14r2~x4~w4000000	4
s16/t17dg16k2dg24ly3k4r2k2r2k4ly3dg24k2dg16t17r2~x2	4
s16/t21k3t15k4n6k3t2dr3t1dy2t1dp3t18k2t2k2~x2	4
s16/t21k3t15k4n6k3t2dr3t1ly2t1dp3t18k2t2k2~x2	4
s16/t22k3t3k3t3k15g19k1lb3k1g19r2k15t19k3t3~x2	4
s16/t26db13k13w2g8k8t3k8g8w2k13db13t26w3~x2	4
s16/t4db6g1w1r1db6t4db2ly1db1ly1db1ly1db2ly3db3~x4	4
s16/t4ly2t34db10lr4db4dp4db23w3~x2~t2503227-lr2800000	4
s16/t7db5lr6db5r7db2t2db70lr2	4
s16/t8db6dp40dg16db1dg7t2dg5t4dg4t4dg2t5dg1t36w6	4
s16/ti16k12g2k2dg32t2dg2lr3dg2t2dg32k2g2k12ti16dr3~x2~ti2503227-t2405244	4
s16/w11db4w4db2w4n4w11o26n4w3n4w2db14dg10w16dg6~x2	4
s16/w11n4w4db2w4n4w11dr26n4w3n4w2db14dg10w16dg6~x2	4
s16/w120lb5lo4lb5w40lb30w1n1w2n4lo8n10w20n30w40lb60~x2	4
s16/w15db5w2db15n4db10r2db10n4db15w2db5w15g6dg20g6~x2~g2504202-dg1806142	4
s16/w18ri2w3dg2w27dr3dg2r3w27dg2w3ri2w18r3dg2dr3~x2~ri2806019-r2108022	4
s16/w1dr3k1dr3g4k1w1k1w1k1db6lo2db4w14db1w1~x4	4
s16/w1r2k1g4k1r1db2r1y1r6g1r1g1r1g6lb1~x4	4
s16/w24r1wi3n9w10n4wi3g1n3wi3n2k10wi4k7w12db2~x2~w3600000-wi4000000	4
s16/w2dy14g7dy1db7dy1db7dy1g7dy14r2dy14g7dy1db7dy1~x4	4
s16/w2k15n7lb7k1r1k1lr7k1w7k7n7lb7w1k1r1~x2	4
s16/w2n1lr12o2lr2o2lr2o2lr2dp10o1dp10g12n2g4lr2~x2~n1900000-lr3000000-o2404317-dp1105325	4
s16/w2o14g7o1db7o1db7o1g7o14r2o14g7o1db7o1~x4	4
s16/w31k2g2k2g2db8k2w2k2db8k2y2k2g8k2r2~x2	4
s16/w37k4db12g12w2lr2r23k4r6~x2~lr2805035-r1506019	4
s16/w37k4db12t12w2lb2dp23k4dp6~x2	4
s16/w3dbi21dbii8lb1dbii4lb1dbii3lb2dbii2lb2dbii1lb3dbii1lb12db5ly3~x2~dbi1204274-dbii1406275-db1106275	4
s16/w3dy3k3g15db3dy3db8dy3lo3dy18k3dy3k3dy3k18lb3~x2	4
s16/w3dy3k3g15db3dy3db8dy3y3dy18k3dy3k4dy3k18lb3~x2	4
s16/w3k12r2k2r2k2r12y2r3db6r3k2g10k2r3w2	4
s16/w3o3k3g15db3o3db8o3y3o18k3o3k4o3k18lb3~x2	4
s16/w48r2n5b18w20b8n6g2b6n5b4k20n8k14w24db4	4
s16/w4db4r18n4r1n36k1n4k6r2k6r6k2r6k4r2~x2~r2109032	4
s16/w4db4r18n4r1n36k1n4k6r2k6r6k2r6ly4r2~x2	4
s16/w4k2t18y4t18dy26dg18k1o2~x2	4
s16/w54dt7w19k5w8dg8w8dg16k8dy8w21r11dg7dt11dg8w7~x2~dt1502194-k0700000	4
s16/w54dt7w19k5w8dgi8w8dgi16k8dg8w21r11dgi7dt11dgi8w7~x2~dgi1803133-dg1401060	4
s16/w54dti7w19dt5w8dg8w8dg16dt8dy8w21r11dg7dti11dg8w7~x2~dti1502194-dg1803133	4
s16/w5db1dbi10db2dbi4db2dbi1db2dbi4db2r15w15db15dp2db1dp4~x2~db1003265-dbi1605267	4
s16/w5y8ri6k6lb28y12ri6k2ri6y12g28w2k4ri54r1w2~x2~ri2008029-r1707016	4
s16/w5y8ri6k6lb28y12ri6k2ri6y12g28w2k4ri54r1w2~x2~ri2109032-r1807008	4
s16/w6k7dr2y2dr2y2dr2y2k7y2dr34y2dr2y2dr2y2~x2	4
s16/w6r3db36r4db12w24r72w8db4	4
s16/w7k24r4k4r4k4r24y4r6db12r6k4g20k4r6w4	4
s16/w8dy2w2lo2w2dy2w15dy2w60dy4ly1dy2ly2dy2ly1dy4~x2~w3803095-lo2906076	4
s16/y15r3y3r1y35g5w2db2g35r1g3r3g15y5w2db2~x2	4
s16/y1lo1y1lo1y1r1y1r1y1r1y1r1y1lo1y1lo1~x6	4
s16/y1r1g6y8r1g1r1y8r6g1y1g1r6g6r1y1~x2	4
s16/y27k4w4r64w4r4k4r4k12~x2~r2109013	4
s16/y2k2g7k5dg26k9lb2g2dg3g2dg2g2dg2g3dg2g2~x2	4
s16/y2n1r19k2r8k3g9k3g6k2db6k1db5k2r27w1~x2	4
s16/y2r15y2dr2y2k14y2g10w1g6w1g10y2r7g10w1~x2	4
s16/y3db5lb12t1lb3t1lb2t2lb2t3lb1t4lb1t8dbi21w3~x2~db1106275-t2304245-dbi1404245	4
s16/y4db3y2db2k1r1k1db7k1r1k1g10r1db3y1db3~x2	4
s16/y4g7dp2g2dp12g2k2g1k12dbi2db12dbi2db2dbi7k2r3~x2~dbi1406275-db1106275	4
s16/y5g16db8g4db4g4lr38g4lr38g4db4g4db8g16y5r3~x2	4
s16/y5k5w15k32w1k2y1k32w15k5w5db4y2k1w2db4~x2	4
s16/y6lb2db2y30g2y2ly2gi4ly2g2ly1g18ly1lb2db2ly4~x2~g2203152-gi2408144	4
s17/b15k2b2ly2b2k10g10k1g2r2g2k1g10k10b10k1r2~x2	4
s17/b30dp3r3g12r12g12b8r3b8dp12r5g3r5g25r4b6lb1~x2	4
s17/b50w2db7o2g33dg12db7o3w2o3db7dg12g33o2db7w2b17~x2	4
s17/db10k1g1k1g1k1db10r3k10r3g10k1y1k1w1k1g10	4
s17/db10k1g1k1g1k1db10r3k10r3g10k1y1k1w1k1g10~x2	4
s17/db11k1db1k1db1k9g9w1g1w1g1w1g9k9db8k1db1~x2	4
s17/db11k1db1k1db1k9g9w1g1w1g1w1g9k9db8k1db1~x4	4
s17/db12k1g1k1g1k1db9dr2k18dr2g9k1lo1k1lb1k1g12~x2	4
s17/db12k1g2k1g2k1db12r2k12r1k12r2g12k1db2k1g12	4
s17/db12k1g2k1g2k1db12r2k12r1k12r2g12k1db2k1g12~x2	4
s17/db12k1g2k1g2k1db12r2k12r1k12r2g12k1db2k1g12~x2~db1406275	4
s17/db12k2db2k2db2k2db2k12lb5k1r2k1lb5k12db12k1w2~x2	4
s17/db12k2g2k2g2k2db13dr6k10dr6g13k2lo2k2lb2k2g12~x2	4
s17/db14k4db4k15g20k2lb4r2k1w4r14db4r2db2r4db2r2~x2	4
s17/db15k1g1k1g1k1db5k1w1k1db5k1y1k1g5k1r1~x2	4
s17/db15k2db2k2db2k14g14ly2g2ly4g2ly2g14k14db14k2db2~x2	4
s17/db16dg40w5db25g30y4dg3w3k4db15g22w2dg19g2o8k4o16~x2	4
s17/db18k4db4k4db4k19g7w2g8db8g8w2g7k19db19k4db4~x2	4
s17/db22k3db3k3db3k15r2g19k1lb3k1g19r2k15db19k3db3~x2	4
s17/db24b2db12k2w2k3dg2k3dbi4k3dg2k3w2k2r12b2dbi24~x2~db0805267-dbi1604274	4
s17/db24g2db12k2w2k3dp2k3t4k3dp2k3w2k2r12g2t24~x2	4
s17/db24g2db12k2w2k3o2k3dbi4k3o2k3w2k2r12g2dbi24~x2~db1204274-dbi1406275	4
s17/db24k2db2dp2db2g16n1g2n3g2n1g16k20db2dp2db2k2~x2	4
s17/db24lo2r12k3w2k3lo2k4db4k4lo2k3w2k3dbi14lo2dbi24~x2~db1106275-dbi1406275	4
s17/db25lb15dt6o3r2db10lb5lr5k2lb15db25o5dt2lb25db15k6lr3	4
s17/db25lb15g6ly3r2db10lb5n5k2lb15db25ly5g2lb25db15k6n3	4
s17/db28k1db1k1db3k12g24y1g1y2g1y1g24k12db18k1db4	4
s17/db28k1db1k1db3k12g24y1g1y2g1y1g24k12db18k1db4~x2	4
s17/db28y6k2y1k2y6w6g2w1g2w6db28n4k5g8k5n4~x2	4
s17/db2dbi2t4db2t6lr4t5db2dbi4db6dbi4n2db2dbi12db2dbi3r1~x2~db1106275-dbi1406275-t2302222-lr2800000	4
s17/db2dy15ly10dy4ly2k2ly2dy4ly50dy4ly2k2ly2dy4ly10dy15w2~x2	4
s17/db2g2y1g3r1g2r1g13db4k3db3k3db3k3db4g23r2~x2	4
s17/db36lb2db4lb3db4lb4w1r2g2w1k2g3k2db3k2r3w1~x2	4
s17/db3y5r4k4db14w3y4r4k2r4y4w3g17w3k3r22w3~x2	4
s17/db48w4g3y2w2y2g3w2r8w4db5b3g2b3db5w4r4	4
s17/db48w4g3y2w2y2g3w2r8w4db5lp3g2lp3db5w4r4	4
s17/db4dy2db4n6w2k2n6w2k2n13ly3k4ly3k8db6w2r4~x2	4
s17/db4k1db1k1db1k4g2w1g2db2g2w1g2k4db5k1db1	4
s17/db4k1db1k1db1k4g2w1g2db2g2w1g2k4db5k1db1~x2	4
s17/db4ly2db4lb6w2k2lb6w2k2lb13ly3k4ly3k8db6w2r4~x2	4
s17/db4r1k1r1k4r1k1r1k4r1k1r1db4r1k1r1db4~x4	4
s17/db4w6dr2do6t2db4t2do6lo1do2dr2w2dr2do2lo1do6t2~x4	4
s17/db67dy5g10r5y2r5g10dy5db4dy5g10r5n2r5dy5g10db24	4
s17/db6k1db1k1db1k7g6y1db1lb1db1y1g6k7db7k1db1~x4~db1204274	4
s17/db6k1db1k1db1k7g6y1g1dbi1g1y1g6k7db7k1db1~x4~db0805267-dbi1604274	4
s17/db80k12y3k3w3db24k3db4w3db4k3db24w3k3y3k12db6~x2~db1406275	4
s17/db8k65w38y4w38y4w38k65r8k65w38g4w38g4w38k65db8	4
s17/db8r4y18r4dr19y4dr19db6dr4g1dr4g1dr4g1dr4g1dr4~x2	4
s17/dg13db2k2db2dg13g4db14dp2db14g4k12db2dg2db2dg2db2k12~x2	4
s17/dg13db2k2db2dg13g4db14o2db14g4k12db2dg2db2dg2db2k12~x2~db1204274-k0604259-g1903114	4
s17/dg14dbi2r2dbi2dg22lb2dbi16lb2db20dg5r2dg5db20lb2dbi16lb2dg8~x2~dbi1406275-db1204274	4
s17/dg34db2k2db2dg34r3db34r2db34r3k33db2dg2db2dg2db2k33~x2	4
s17/dg5db2dg12k4dg3dr3dg3dr13y3dr13dg3dr3dg3k3dg12db2dg5~x2	4
s17/dg6n2lb1dg9dt2dg7dt4dg4dt7dg2dt20dr1dt2dr1dy3dt3dr3~x2	4
s17/dg6n2lb1dg9dt2dg7dt4dg4dt7dg2dt20r1dt2r1dr3dt3r3~x2~r1606028-dr1004029	4
s17/do4dg6dr2k6w2do4w2k6ly1k2dr2dg2dr2k2ly1k6w2~x4	4
s17/dp11k1b4r1b1r1b3w2k2y2k3o2w3o3db3o2w2~x2	4
s17/dp11k1lo4r1lo1r1lo1w2k2y2dy2k3w3dy3db3dy2w2~x2	4
s17/dp11k1lo4r1lo1r1lo3w2k2y2k3dy2w3dy3db3dy2w2~x2	4
s17/dp20t12dp12k5r2k5r2dp4k2t3k2t3k2dp4k5r2k5~x2	4
s17/dp34k2dp4k6dp4k20dp5k2dp2k2dp5k2dp8~x2	4
s17/dp3o15n3o3r1o1r1o1r1o1r1o1r1o1r12w15dp3~x2	4
s17/dr2db14k2n5g3lb1g3lb1g3k1g3k1g3n5k2db14lo2~x2	4
s17/dr3g3dr18g6dr4db3lb3db18dr6g18lb3g3dr3db4dr18g3dr3~x2	4
s17/dr3k8w2k3w2k2w6b3w6k2w2k3w2k4lb2k10w3~x2	4
s17/dt31w2g2y1w1y1g2w1r5w2dt3b2g1b2dt3w2r2~x2	4
s17/dt5o4dt4o38n34dt4n4lb2n2y2n4dt4n34o38dt4o4dt2~o2500000-n1900000	4
s17/dy16k4dy8g2dg19w2g22db15k4w3dg3y4g30db25w5dg40db16~x2	4
s17/dy2k1dg24k16db2k2db2k2db24k2db2k2db2k16dg24k1r2~x2	4
s17/dy3dbi20db4dg3db3dg3db3dg3db4dbi13lo2dbi2lo2dbi2dg2dbi2dg3~x2~dbi1403246-db1106275	4
s17/dy3k20db4dg3db3dg3db3dg3db4k13lo2k2lo2k2dg2k2dg3~x2	4
s17/dy6k1lr1k1lr1k1lr1k1lr1k1lr2k2lr2k2lr2k2lr2~x2	4
s17/g12k3g12k3g12r2g3k1db3w1db3k1g3r2g12k3g12~x2	4
s17/g18k1db3k1g3k8db18k1y1k5y1k1db18k8g2k1db2~x2	4
s17/g20k2w2k2y2k2g19r5k19r5t20k2g2k2g2k2t20~x2	4
s17/g20lb2g2lb2g2lb8g2lb2g2lb2g20ly4g8dr2g4do1dp2~x2	4
s17/g20w2g2w2g2w8g2w2g2w2g20ly4g8dr2g4do1dp2~x2	4
s17/g24k3g12r2g3k1db3w1db3k1g3r2g12k3g12k3g12~x2	4
s17/g2r20k2r2g3r2k18r3w1g3r20k2r2k18r2g2y1~x2	4
s17/g34db2k2db2g34r3db34r2db34r3k33db2g2db2g2db2k33~x2	4
s17/g34k2db2k2g34r3k34r2k34r3db33k2g2k2g2k2db33	4
s17/g34k2db2k2g34r3k34r2k34r3db33k2g2k2g2k2db33~db1204274	4
s17/g36k1g1k1g1k1db12k1w1k1db12k1y1k1g12k2r2	4
s17/g36k1g1k1g1k1db12k1w1k1db12k1y1k1g12k2r2~x2	4
s17/g3dg15ly3dg3dp1dg1dp1dg1dp1dg1dp1dg1dp1dg1dp12w15g3~x2	4
s17/g3lb24g8lb12g44dr6g44lb48g6lb48g44lo6g44lb12g8lb24g3	4
s17/g4r3lb1dp1r35dp1lb1r3dp16r3lb1dp1r2g35r7k1lb2~x2	4
s17/g5db2g12k4g3dr3g3dr13y3dr13g3dr3g3k3g12db2g5~x2	4
s17/g9r2g3r20g2r1g2r2g20r2g3r2g2r22g3y1r3~x2	4
s17/gi3g15ly3g3lp1g1lp1g1lp1g1lp1g1lp1g1lp12lb15gi3~x2~gi2408144-g1903114	4
s17/k12g16lb2do12g2y10k4y8n27k30lb6n27g20lo4k2lb4k4~x2	4
s17/k12n3db38k4do3dy3do8k56dt4k8dt4k2n4k2dt4k2n4~n1700000-dt0900000	4
s17/k13lb7k2r14g14w2lb3w2g14r14k15lb7~x2	4
s17/k16dbi2g2dbi2g2dbi2k16r3db15r2db15r3g16dbi2k2dbi2g16~x2~dbi1604274-db0805267	4
s17/k16dg3g8k3o12k3o12k3g8k3lb12g8lb12g8dg3k16w3~x2~dg1806142-g2203152	4
s17/k1g1dr1g1lo1g1lo1g4db1k1db1k1db1k1db1g7dr1~x4	4
s17/k20r3db10g3db5g25k1g1w3g1k1g25db5g3db10r1db2~x2	4
s17/k20w1dp2k4w1dp3k4w1dp4k4w1dp5k3w1k54w1dp6~x2	4
s17/k20y3db10g3db5g25k1g1w3g1k1g25db5g3db10y1db2~x4	4
s17/k28r1db8g2db4g19k2g1w2g1k1g19db4g2db8r2db3~x4	4
s17/k28r2db9g2db4g20k1g1w2g1k1g20db4g2db9r1db3~x2	4
s17/k2dp3g2dp3r2dp3r2dp14dr2db2dr2db2dr2db2dr2dp20lo2~x2	4
s17/k2dr12w2dp6w2dr3g12dr4dy2dr4b12dr3w2dp6w2dr12k2~x2	4
s17/k2dr3lb2dr3db2dr3db2dr14dy2k2dy2k2dy2k2dy2dr20lr2~x2	4
s17/k2dr3lo2dr3db2dr3db2dr14dp2g2dp2g2dp2g2dp2dr20lr2~x2	4
s17/k2g2b1g2b1g2b1g12db4k3db3k3db3k3db4dp24r2~x2	4
s17/k2g2k1g2k1g2k1g12db4k3db3k3db3k3db4dp24r2~x2	4
s17/k2g2lo1g2o1g2o1g10db3k2db2k2db2k2db3lr9o2~x2	4
s17/k2g2y1g3dr1g2dr1g12db4k3db3k3db3k3db4g24r2~x2~r1908029	4
s17/k2g2y1g3r1g2r1g12db4k3db3k3db3k3db4g24ri2~x2~r1707016-ri2008022	4
s17/k2g2y1g3r1g2r1g12db4k3db3k3db3k3db4g24ri2~x2~r1707016-ri2108022	4
s17/k2g2y1g3r1g2r1g12db4k3db3k3db3k3db4g24ri2~x2~r1807008-ri2108022	4
s17/k2t2r32g32k24t18r32t2k2t2r32t18k24g32r32t2k1~x2	4
s17/k2w2lb15r6y12r6lb25w2k4w2lb15w4k2w4k2w4k1~x2	4
s17/k3db2g2db26b1db1b1db1b1db1b3lb2k10db3g14k3r3~x2	4
s17/k3db2g2db26t1db1t1db1t1db1t3lg2k10db3g14k3r3~x2	4
s17/k3db2g2db26t1db1t1db1t1db1t3ti2k10db3g14k3r3~x2~t2405244-ti2503227	4
s17/k3dg3w3dg3dpi3dg3dpi3dg15dp3k3dp3k3dp3k3dp3dg19r3~x2~dpi1607327-dp1105325	4
s17/k3g3dr2g3y2g2y2g11db3k3db3k3db3k3db3g20r3~x2	4
s17/k3w4k3r18db1n18k1g18w1db18r1n18g1r18k3w4k3~x2	4
s17/k4lb2w15r6y12r6w25lb2k4lb2w15lb4k2lb4k2lb4k1~x2	4
s17/k4r2db3r3db5k3db3w3db3r4db3dg3db3dg11db3r3db4~x2	4
s17/k5db1k1n1k3n1k1db1k3db1k1dg1k16dg1k1n1k2~x4	4
s17/k5r2k30lb8w1k9w2k9w1lb8k30r3k30lb8w1k9w2~x2	4
s17/k6o1n19k2do1dy1do4k28n2k4n2k1o2k1n2k1o2~x2~o2500000-n1900000	4
s17/k8w1r2g16r8g8r11y2g2lo1g2w2r10y2r2k1w4~x2	4
s17/k8w9y6w10dp5g6dp5w36db8k8db8k8db8k8db8g38r8	4
s17/lb15k2lb2k2lb2k14g12w2g4lb4g4w2g12k14lb15k2lb2~x2	4
s17/lb24lg2lb4b2lg2lb4b4lg5g5ly3r7dp2r2dp3r1dp23lb4~x2	4
s17/lb3dg15n12ly1n1ly1n1ly1n1ly1n1ly1n1ly3lyi3ly15lb3~x2~ly2706114-lyi3104101	4
s17/lb4dp8w2g32w2r8ri4dp2ri4r8w2dp16r65w2dp8lb4w2~x2~w3600000-r2109032-ri2406019	4
s17/lb7k9ly2k2ly2r14g14w2lb3w2g14r14k2lb7k9ly2k2~x2	4
s17/lo2w3ly7db1dy4r2y6dg2w1ly2db6do2r4y1dg7w3lb2~x2	4
s17/lo2w3ly7lb1dy4r2y6dg2w1ly2lb6do2r4y1dg7w3lb2~x4	4
s17/ly1w5ly1k1ly1k1ly1k1ly1w5ly1k24ly1k1ly1k1ly1~x2	4
s17/ly3dr2ly9dr1ly3dr3dp3dr10ly2dr10dp3dr3do6dr2do6dp2r2~x2	4
s17/n24t2n4o2t2n4o4t5g5y3r7dp2r2dp3r1dp23n4~x2~t2304245	4
s17/n5lb2n12k21dg12k4dg4k4dr4k4dg4k4dg12k21n12lb2n4~x2	4
s17/r13w1lb2r2g14r2w1lb2r2db4r2lb2w1r16g1r2g3~x2	4
s17/r13w1lt2r2g14r2w1lt2r2db4r2lt2w1r16g1r2g3~x2	4
s17/r14db4r2db2r4db2r2db14k4db4k15g20k2y4r2k1w4~x2	4
s17/r16do4w6r6w20do15g4dy15w1do3w1dy5r6g4w3db3w3~x2	4
s17/r16do4w6r6w20do15g4o15w1do3w1o5r6g4w3db3w3~x2	4
s17/r19y1db1r2g18r2db1y1r2db4r2y1db1r19g2r2g2~x2	4
s17/r1g1r6db2r1g1w1g6r2db6w1db1r1g2r6g1r1~x6	4
s17/r24w1db2r4g32r4db2w1r4db6r4w1db2r32g2dr3g6~x2~r1908029	4
s17/r24w1db2r4g32r4db2w1r4db6r4w1db2r32g2r3g6~x2	4
s17/r24w1dp1r3dg24r3dp1w1r3dp6r3w1dp1r24dg3lr3dg3~x2~r2109032-lr3204029	4
s17/r24w1dp2r4dg32r4dp2w1r4dp6r4w1dp2r32dg6dr6dg6~x2	4
s17/r24w1dp2r4g32r4dp2w1r4dp6r4w1dp2r32g2ri3g6~x2~r2109032-ri2307033	4
s17/r24y1db1r3g16r3db1y1r3db6r3y1db1r16g2dr2g2~x2~r1908029	4
s17/r24y1db1r3g16r3db1y1r3db6r3y1db1r16g2r2g2~x2	4
s17/r24y1db1r3g16r3db1y1r3db6r3y1db1r16g2ri2g2~x4~r2109032-ri2307033	4
s17/r2db14k2n5g3w1g3w1g3k1g3k1g3n5k2db14y2~x2	4
s17/r2dp17r2g3r2dp2r20g1y1r1g2r2dp18g2r24g3w1~x2	4
s17/r2dy2r20dy2r2dy2r2dy15g13dy2w2dy2g13dy15r14dy2r2~x2	4
s17/r2k6g2k2g14k1y2k1t5r1t5k1w2k1g14k1t2~x2	4
s17/r2lb8dbi1lb4dbi2lb3dbi3lb1dbi15db1dbi4db2dbi2db4dbi1db9w2~x2~dbi1406275-db1404245	4
s17/r2lb8t1lb4t2lb3t3lb1t15dt1t4dt2t2dt4t1dt9w2~x2~t2002249-dt1301240	4
s17/r2t1r1t1r1t14k14r1k3r1k14w14r1w1r1w1r2~x4~w4000000	4
s17/r30dp3ri3g12ri12g12r8ri3r8dp12ri5g3ri5g25ri4r6lb1~x2~r2208029-ri2209032	4
s17/r30w2lb4k4y2k2w6k2lb11k15y3g20r14w4r4k2r8~x2	4
s17/r36ly2db1r3g41r3db1ly2r3db12r3ly2db1r36g3ri3g4~x2~r2109032-ri2307033	4
s17/r36y2db2r3g40r3db2y2r3db12r3y2db2r36g3b3g4~x2	4
s17/r36y2dp1r3g41r3dp1y2r3dp12r3y2dp1r37g3ri3g4~x2~r2109032-ri2307033	4
s17/r36y2dp1r3g41r3dp1y2r3dp12r3y2dp1r37g3ri3g4~x2~r2109032-ri2406019	4
s17/r3dg2k7t3k3t3dg14t3k3t3k3t3dg10dp6r2w2t3~x2	4
s17/r3g24db4k3db3k3db3k3db4g12o2g2o2g3lo2g2k2~x2	4
s17/r3g2k7lb3k3lb3g14lb3k3lb3k3lb3g10dp6r2w2lb3~x2	4
s17/r3g3r18g6r4t3w3t18r6g18w3g3r4t6r18g3r3~x2	4
s17/r3k8w2k3w2k2w6db3w6k2w2dy3w2dy4y2dy10w3~x2	4
s17/r3k8w2k3w2k2w6db3w6k2w2o3w2o4y2o10w3~x2	4
s17/r3w5r2w12y1k2y1w2y1k2y2k2r1g4r2g4r2~x2	4
s17/r40w2db1r3g31r3db1w2r3db8r3w2db1r34g4r4g4~x2	4
s17/r46y2db2r5g46r5db2y2r5db10r5y2db2r49g5w5g5~x2	4
s17/r48b4r28k5w4k6b4k7g8k7b4k6w4k5ri24b4g48~g2508144-ri2209032	4
s17/r48k2r2k2r4k2r2k2r4w1k4r2k2r2k18r5w6~x2	4
s17/r4g1w19db4w4db1k5y3k2db1w4g15r6g3r5g1w3~x2	4
s17/r4k1dg8g2dg8k4g8k1db2k1g8k4dg8k2dg8k1ly2~x2~dg1806142-g2408144	4
s17/r4k1dg8g2dg8k4g8k1db2k1g8k4dg8k2dg8k1y2~x2~dg1504144-g2007139	4
s17/r4lr2r24k1lr8r2lr1r2lr4r2lr1r2lr16k6y2k1y4~x2~lr2800000-k0800000	4
s17/r5k20n1k2n1k2n2k2n5o2n2o2n2o3n2o10w3~x2	4
s17/r5k20n1k2n1k2n2k2n5o2n2o2n2o3n2o10w3~x2~n1900000-o2500000	4
s17/r5w20lb1w2lb1w2lb2w2lb5o2lb2o2lb2o3lb2o10w3~x2	4
s17/r5w20o1w2o1w2o2w2o5n2o2n2o2n3o2n10w3~x2~o2500000-n1900000	4
s17/r65w2dp8lb4w2lb4dp8w2g32w2r8b4dp2b4r8w2dp16~x2	4
s17/r65w2dp8lb4w2lb4dp8w2g32w2r8ri4dp2ri4r8w2dp16~x2~r2109032-ri2406019	4
s17/r90k1r2db8r2k12w1k2y1k3g13r11k1g2k1r5w2~x2	4
s17/r9k9dy4k2dy3k2dy20k2dy3k2dy4k9r18k2r5k2r9~x2	4
s17/ri24w1db2ri4g32ri4db2w1ri4db6ri4w1db2ri32g2r3g6~x2~ri2008029-r1707016	4
s17/ri24w1db2ri4g32ri4db2w1ri4db6ri4w1db2ri32g2r3g6~x2~ri2109032-r1807008	4
s17/ri24w1db2ri8g52ri8db2w1ri8db12ri8w1db2ri52g4r6g6~x2~ri2109032-r1707016	4
s17/ri24y1db1ri3g16ri3db1y1ri3db6ri3y1db1ri16g2r2g2~x2~ri2008029-r1707016	4
s17/ri24y1db1ri3g16ri3db1y1ri3db6ri3y1db1ri16g2r2g2~x2~ri2109032-r1807008	4
s17/ri7r3ri6db26ri8b2ri2db2ri2g1r2ri8g26ri8g2ri2r2~x2~ri2008029-r1707016	4
s17/ri7r3ri6db26ri8r2ri2db2ri2g1r2ri8g26ri8g2ri2r2~x2~ri2209032-r1707016	4
s17/t3k2lr20dr2lr3dr2lr3dr4lo3dr2db4dr2k2g6k3dr2lr3~x2	4
s17/t6k1t1k1t1k7g6ly1k1db1k1ly1g6k7t7k1t1~x4~t2205244-db1106275	4
s17/t75n2t10n6w2n6t10w2g9y6w2y6g10w2t6n4w2~x2	4
s17/t8k4t8k20lo1g20r8w1r8w1r8g20lo1k20t8k4t4~x2	4
s17/w1k5w1n4w1k26w1k10n5k2n5k10w1n4w1k5w1	4
s17/w1k5w1n4w1k26w1k10n5k2n5k10w1n4w1k5w1~x2	4
s17/w1k5w1y4w1k26w1k10y5k2y5k10w1y4w1k5w1	4
s17/w1r2db2w1g8w1db2r2w1r2db2w1b8w1db2r2w1~x2	4
s17/w1r2db2w1g9w1db2r2w1r2db2w1b9w1db2r2w1~x4	4
s17/w1r2db2w1g9w1db2r2w1r2db2w1lo9w1db2r2w1~x4	4
s17/w1r2db2w1y8w1db2r2w1r2db2w1g8w1db2r2w1~x4	4
s17/w1t4db6r16g32ly1db6w1r68w1db6ly1g32r16db6t4w1~x2	4
s17/w2g32r2g3r2g4r16g4r16g4r2g3r2g32w1g1w2~x2	4
s17/w2k10w2o8w1k52w2k20o10k4o10k20w2o8w2k10w1~x2	4
s17/w2k32lr5dt3lr2dt3lr2dt3lr1dt6y3k2y1k3y2k2w1~x2~lr3000000-dt1100000	4
s17/w2k32o5n3o2n3o2n3o1n6y3k2y1ly3y2k2w1~x2~o2500000-n1900000	4
s17/w2o15b10o4b2k2b2o4b50o4b2k2b2o4b10o15lb2~x2	4
s17/w2o15lo10o4lo2k2lo2o4lo50o4lo2k2lo2o4lo10o15lb2~x2	4
s17/w2o15lo10o4lo2k2lo2o4lo50o4lo2k2lo2o4lo10o15lb2~x2~lb3203246	4
s17/w2r32dg2r3dg2r4dg17r4dg16r4dg2r3dg2r32w1r1w2~x2	4
s17/w34t5w3k1y2r2y2r2y2r2y2r2y2k1w3r4y8~x2	4
s17/w36k41w4lb6k8o24w12lb4o4k6lb4w4k48o4w8k22w18	4
s17/w4db1g9db9r9db1y4db1r9db9g1db1g1db1g4db1w4~x2	4
s17/w4r22g3r3g3r3g13r4g13r3g3r3g3r23w2r2w4~x2	4
s17/w4y10r8k7n28w3y6r5k2r5y6w3g30w2k3r50w2~x2	4
s17/w4y12r8k8lb32w4y7r7k2r7y7w4g32w2k4r60w2	4
s17/w4y12r8k8lb32w4y7r7k2r7y7w4g32w2k4r60w2~x2	4
s17/w4y12r8k8lb32w4y7r7k2r7y7w4g32w2k8r60w2	4
s17/w5db3g12db3lb5db3k13db3r5db3ly2k11db3g5db3g25w2	4
s17/w8g83r7g5r7g7r28g7r28g7r7g5r7g83w4g4w8	4
s17/w8r83dg7r5dg7r7dg28r7dg28r7dg7r5dg7r83w4r4w8	4
s17/w8r83g7r5g7r7g28r7g28r7g7r5g7r83w4r4w8	4
s17/wi2n2wi24lr3wi2lr3lb9w2lb2w2wi8w4wi2w2wi36w2wi2~x2~wi4000000-lr2800000-w3600000	4
s17/y1r2k4r14g8r2g3y1g3r2g8r13k2r2k2r1y1~x2	4
s17/y2k1g1r1g1r2g25r1k4r1db25r2db1r1db1k1w2~x2	4
s17/y3k2r9k1do8k1r2k1n8k1ni2k1n16k1ni12k4n2~x2~n1602305-ni2001240	4
s17/y3k2r9k1dp8k1r2k1n8k1ni2k1n16k1ni12k4n2~x2~n2002249-ni2302249	4
s17/y3lb20db3g3db3g3db3g3db4lb13dg2lb2dg2lb3b2lb3g3~x2	4
s17/y3n3dg2n3lyi2n2lyi2n13t4y3t3y3t3y3t4n20ly3~x2~lyi3305093-ly2703076	4
s17/y8g84db21k10db10k10db10k10db21g62r3g6r3g10y3g5r6~x2	4
s17/y8g84t21k10t10k10t10k10t21g62r3g6r3g10y3g5r6	4
s18/b12dg14r3n6dg10b28dg10n6r3dg8n10dg8r3n6dg40b6dg6b6	4
s18/db10t6lb6w4lb3t6db20t46db2lb2~x2	4
s18/db12dg4r2y3g4dg4r20w4r14dg4g4y3r2dg4db12y2db8y2~x2~dg1503152-g2407139	4
s18/db12w2db7g15k2g4k2g15db2k7~x2	4
s18/db16dr1db2dr3db1dr9db1dr3db2dr1db6dg3lb3dg5dr28w3dr3w3~x2	4
s18/db16r1db2r3db1r9db1r3db2r1db6g3lb3g5r28w3r3w3~x2	4
s18/db18k13g18y4g18k13w4db4w18db4w4db4w18db4w4k13db18w4~x2	4
s18/db19r2g3r2db2r20g1y1r1g2r2db18r2g2r22g3w1r3~x2	4
s18/db20b2db20lb10w1lb10db20y2db20lb10w1lb10db20r2db20lb10w1lb10~x2	4
s18/db20r1dr3n1dr30g5db8r1db8r1db8g5dr30n1dr3r1db20w2~x2	4
s18/db24k2db2r2db2k20g16y2g2y3~x2~db1406275	4
s18/db24k2dt1db2dt1k2dt22dp2dt4dp2dt22k2dt1db2dt1k2db24w2~x2~db1204274-dp1607327	4
s18/db28dy3db28k2db2k2db3k34dy2k3r3k3dy2k34db3k2db2k2~x2	4
s18/db2b4r2g24db4g2db4k10b4db2b4g8db1k1db22b4db2r2~x2	4
s18/db2b4r2w26db3w2db3k10b3db2b3g9db1k1db21b3db2r2~x2	4
s18/db2lp4r2g24db4g2db4k10lp4db2lp4g8db1k1db22lp4db2r2~x2	4
s18/db2lp4r2w26db3w2db3k10lp3db2lp3g9db1k1db21lp3db2r2~x2	4
s18/db2r2dbi6db4r2db2dbi6db6r2db6dbi6db2r2db4dbi6r2db2w1~x4~db1106275-dbi1404245	4
s18/db2r2k2lb3k4lb5k6db20r2lb4r2db20k6lb5k4lb3k2r2~x2~db1406275	4
s18/db2r4o2w28db3w2db3k10r3db2r3g9db1k1db21r4db2o2~x2	4
s18/db36g10r2g10w2g10r2k10db14r2db12r2db12r3db2r2db4w2~x2	4
s18/db3n1db2r14n2r1n2db10r10db10w2r2w2r14n6r10db10w2~x2	4
s18/db3y1db12k4y2k4dg8r2dg8r1~x4	4
s18/db40k8r4k4r8k4r4k8dg40k8r4k4r8k4r4k8db40y3~x2~db1204274	4
s18/db40lb3db3lb3db3lb4dg8g8n8w2~x2	4
s18/db40lb3db3lb3db3lb4dg8g8n8w2~x2~db1404245	4
s18/db40r40db44r2db2r40db2r2db2r7~x2	4
s18/db42n13r3n2ly3n2r3n11db8n8db26n8db8n8db4o3db4n16~x2	4
s18/db42n13r3n2y3n2r3n11db8n8db26n8db8n8db4m3db4n16~x2~r2309032-m2906000	4
s18/db44g5w2g2db2g2r2db3ly3db3r2g2db2g2w2g5db44ly4~x2	4
s18/db46dbi17db5dbi7db7ly15dbi3ly3dbi6ly3dbi3ly15db7dbi7db5dbi17db46w4~db0705267-dbi1204274	4
s18/db48lb12ly3w3ly3dr11db5dr2ly7w2~x2	4
s18/db50k12o2k2w2k2o12db7k7w2~x2~o2500000	4
s18/db5w1db44dp1g12k12dp5k2o2k3~x2~db1204274	4
s18/db5y1db1y1k4db15w1db2y1db2w1db15k4y1db1y1db5w1~x4	4
s18/db60ly2db2ly2db5k15db5g20r2k3r2g20db5k15g5db20ly2g4~x2	4
s18/db6ly2db7g4db3g6db2g4db39y2~x2	4
s18/db6w1db40o1k12dg12o6dg2dp2dg4~x2~db1204274-dg1605139	4
s18/db7k2db7w1k2w1k8g2w3r10w3g2k8w1db11k2n3k2~x2	4
s18/db8dy1db16w1g12db27w1db1w1db1w1db27g12w1db16dy1db8r2~x2~r2109032	4
s18/db8dy3db3dy3db3dy3db4g4k3g3k3g3k3g13r8g4db3k6~x2	4
s18/db8k2db3dg3k3r3dg10g3k3w3k3dp16dg6k3db6w8k2dp2~x2	4
s18/db8k2db3dg3k3r3dg10g3k3w3k3m16dg6k3db8ly13k2m2~x2~r2109032-m2610337	4
s18/db8k50y2k2dy2k24db8k2y2n1y2n8y2n8y2n1y2k2~x2~y2400000-n1700000	4
s18/db8o3db3o3db3o3db4g4k3g3k3g3k3g13r8g4db3k6~x2	4
s18/db8w3db8dy2w3lb2dbi19db19lb1g2dbi4db4lb5g2dy2dbi4w3db4~x2~db1108266-dbi1204274	4
s18/db9g3db9k4g10r4g10k6g2k7g2k7g2k6g10y4g10k8~x2	4
s18/dbi8g8db12r3dp20g3db20dbi3db20lb2db20dbi3db20g3dp20r3db12g8~x2~dbi1406275-db1305255-dp1607327	4
s18/dg10b8dg46b3dg3b55r4b5w4b5y4b55dg3b3dg46b8dg10db10~x2	4
s18/dg10g8dg46g3dg3g55r4g5w4g5y4g55dg3g3dg46g8dg10db10~x2	4
s18/dg11k2dg3k2dg11k8b6w2b17k8dg11k2dg3k2dg11b12w11b3~x2	4
s18/dg12r11dp12k1dp1k1r32dg8dp8dg8dp8r32k1dp1k1dp12r11dg12~x2	4
s18/dg18dr3dg3dr15dy13dr14dg3dr3dg18dy5dg2k5dg3dr2dg3db5dg2lg5~x2	4
s18/dg24dp4dg3dp8k3lb8dp2lb2dp4lb2dp2lb8k3dp8dg3dp4dg24g2~x2~dg1806142-g2408144	4
s18/dg2ly2dg2ly2dg2ly2dg18k1dg2k5db2k1db19w2db2w2db2w2~x2	4
s18/dg46db17dg5db7dg7lb15db3lb3db6lb3db3lb15dg7db7dg5db17dg46dgi4~dgi1605139	4
s18/dg4lb3dp3dr30dgi4lb3dp3dgi4dr30dgi4dp3lb3dgi4dr30dp3lb3dg4dy2~x2~dgi1805151	4
s18/dg4lb6k1dg2k1lb14k3w3k2dg2k2dg2db4dg2db6dg2db6dg3	4
s18/dg6dy2dg3lb4dg14lb36k2lb3w2lb3k2lb36dg14lb4dg3dy2dg6r1~x2	4
s18/do5lyi1g27ly9dr6do5lyi1ly23do3ly5~x2~lyi2705081-ly2503076	4
s18/dp12lg3dp12t6db2t26dp16lb2dp6lb2dp16t26db2t6dp12lg3dp12db6~x2~dp1607327-lg3005197-db1406275-lb3300000	4
s18/dp17dpi3g3dpi3dp4k18db17w4db17k18dp18dpi3g3dpi3dp18k18db17w4~x2~dp1105325-dpi1507327	4
s18/dp19db2g9db2n19dp2n19db2g9db2r18g9r18db2g9db2dp19lb3~x2	4
s18/dp47k6r6k6dp6k19g19k6g19y6g19k6g19k19dp6k6w6k6~x2	4
s18/dp4w6k1dp2k1w14k3w3k2dp2k2dp2db4dp2db6dp2db6dp2	4
s18/dp6k2dp6k12dp3k13y2g18dp3r3dp3g18y2k13dp15r5dp3r5~x2	4
s18/dr11k4dr6w8dr16k13dr4ly12y6w2k3w2y6dr7k4w3lb3w2~x2	4
s18/dr12k2y2k2dr2k2y2k2dr12k1w2db3w2k1dr12k2y2k2~x2	4
s18/dr16r1dg4t2w1t2dg4r1dr1dg41r1dr36g2r3ly1g3ly1r4~x2	4
s18/dr21ly1dr21g8db4g5db4g4ly4g4db4g5db4g8dr21ly1dr21ly4~x2~db1204274	4
s18/dr2k2db3lo1db20k1g18k1dr2db2k1db2k1db2k2g2k2dr2~x2	4
s18/dr3dp34dr4dg6dr4dp4dr40dg2ly2dr2dg4dr4dp36dr4dg4dr48dg6w1~x2~dg1605139	4
s18/dr3g20k2db3k12db3k2dr20g3dr20k2db3k12db3k2g20dr3db2~x2	4
s18/dr4dg60k4dg4k1y2k1dg4y36dg4k1y2k1dg4k4dg60dr4dg4~x2	4
s18/dr4lb6k1dr2k1lb14k3w3k2dr2k2dr2db4dr2db6dr2db6dr3	4
s18/dr4t5dr2t7dr10k4lo2k2lo2k4lb4k4t18dr1k2dr1t4dr3~x2	4
s18/dt6r3dt10db14ly6lr18ly6db4ly2db4ly6lr18ly6db14dt10r3dt6lr4~x2	4
s18/dy24k1lr2k1dy24o2dy2o12k4lr4w4wi4y4lo4dy4o12dy2o2~x2~dy1503076-lr3000000-wi3701120	4
s18/dy24o2dy2o12k4lr4w4wi4y4lo4dy4o12dy2o2dy24k1lr2k1~x2~lr3000000-wi3701120	4
s18/dy24o2dy2o12k4lr4wi4w4y4lo4dy4o12dy2o2dy24k1lr2k1~x2~dy1503076-wi4000000-w3701120	4
s18/dy27dt3dy8dt4dy8dt3dy14dg8lb5dy5dg14dt12lb6dt12dy15dg9r4dg9~x2	4
s18/dy2db2r4db21k1db1g9r3db2r3k10db3w2db3w28dy2r4db2~x2	4
s18/dy2db4dbi2dg25dbi4dg2dbi4k10db4dg2db4dg11dbi2k2dbi24db4dbi2dy2~x2~db1106275-dbi1406275	4
s18/dy2db4ki2dg25ki4dg2ki4k10db4dg2db4dg11ki2k2ki24db4ki2dy2~x2~db1406275-ki0700000	4
s18/dy3g1dy15r2dy1r2dy1g7w1g2~x4~g2203152	4
s18/g10dg2db2dy14dg2g2dg2g2dg2db25dy8g4dg4db3dg1db3dg1db4~x2	4
s18/g10dg2db2o14dg2g2dg2g2dg2db25o8g4dg4db3dg1db3dg1db4~x2	4
s18/g10t2w2t16g6y2g4r2g3t6~x4~w3600000	4
s18/g12k1db4k1y6k1y6k1db4k1r8w1r8k1db4k1g6db4~x4	4
s18/g12r11dp12k1dp1k1r32dp8g8dp8g8r32k1dp1k1dp12r11g12~x2	4
s18/g13db5y3lb6y3db5n6g28w2g28n6db5y3lb6y3db5g13dp4~x2	4
s18/g13db5y3t6y3db5n6db28w2db28n6db5y3t6y3db5g13dp4~x2~t2503227	4
s18/g14lb1db2r1g1r1db2lb1g4lb1db2r1g1r1db2lb1g14lo1~x4	4
s18/g14lb2r3lb2k16y2lb16g16r3g16lb16y2k16lb2r3lb2g14k6~x2	4
s18/g14r6b2k3r65k2lb2r6k34r6lb2k2r4g66r12b2k2lb4	4
s18/g14r6ri2db3r65db2lb2r6db34r6lb2db2r4g66r12ri2db2lb4~r2109032-ri2406019	4
s18/g16k2g2k2g4k10t19k2t2k3~x2	4
s18/g18db2g2db3g3r1g2dbi1g3dbi1g2r1g3db3g2db2g18dbi2~x2~db1003246-dbi1404245	4
s18/g18r3g3r15dg13r14g3r3g18dg5g2y5g3r2g3db5g2lb5~x2	4
s18/g23k3db9k3r20w3r20k3db9k3y20k3y20k3db9k3g23db9~x2	4
s18/g24k2lb6k2dr12w1dr12k2lb6k2dy12k2dy12k2lb6k2g12lb6~x2	4
s18/g24k2lb6k2dr12w1dr12k2lb6k2o12k2o12k2lb6k2g12lb6~x2	4
s18/g2r2g18o6db40ly1db1ly4w2ly4db1ly1db40o6g18r2g2w1~x2~g2408144-o2500000-db1204274	4
s18/g2y2g2y2g2y2g18k1g2k5db2k1db19w2db2w2db2w2~x2	4
s18/g3dg2g2dg16g2dg2g2dg2g4n4k2n2k2n2k24r2k2w3~x2	4
s18/g3dg2g2dg16g2dg2g2dg2g4n4k2n2k2n2k24r2k2w3~x2~g2203152-dg1806142	4
s18/g3dr6g2dr1g2dr1g16lr1g2lr3~x4	4
s18/g3w1g6r2dp2r1k2r10g1r2~x8~w4000000-dp1607327	4
s18/g4dr2g24k2g2k6g2k6g2k2g3lo1db3k2db1k2db3g2~x2	4
s18/g4lb2db33r2k35g33k1r2k1g4~x2~db1406275	4
s18/g4r4b1k1r19k1lb1r2db5r2lb1k1r2g24r5b1k1lb3~x2	4
s18/g4r4o1k1r19k1lb1r2db5r2lb1k1r2g24r5o1k1lb3~x2	4
s18/g51dp3g5ly3g5dp5g5dp5g5ly3~x2	4
s18/g6dy2g3t4g14t36k2t3w2t3k2t36g14t4g3dy2g6r2~x2~g2203152	4
s18/g6k1db4k1y6k1y6k1db4k1r8w1r8k1db4k1g6db4~x2	4
s18/g6k1db4k1y6k1y6k1db4k1r8w1r8k1db4k1g6db4~x4	4
s18/g6k1lb3k1y6k1y6k1lb3k1r6w1r6k1lb3k1g6lb3~x4	4
s18/g8r1k1r8g1r8k1r1k8r1~x6	4
s18/g8r3g3r5g26dy7lb3db28r3db6~x2	4
s18/k10lb1k1r10lb1k1lb1r10g6r2~x4	4
s18/k10lyi1ly2k1n2k1ly2lyi1k1n2k3n1k17ly18lyi1ly2k1dg2~x2~lyi3106095-ly3104101	4
s18/k10y1g2k1n2k1g2y1k1n2k3n1k17g18y1g2k1dg2~x2	4
s18/k12db3t4db3k39db3t2k3t2db3k39db3t4db3k12t4~x2	4
s18/k14g2lb14g3lb14g2k14g14w2g14k14r2g2r10y4r10g2r2~x2	4
s18/k14r3k7g26w6g26k16r3k16r3k16g26w6g26k7r3k14r4	4
s18/k1lb2k2ly2lb12w13dr1w1dr2w1dr1w13lb12ly2k2lb2k1y1~x4	4
s18/k1lr2k2lr2k1lr4k1db9lo1db9k1lr4k1lr2k2lr2k1dr1~x4	4
s18/k1r1~x4	4
s18/k2b6ly2b2ly2b19r2g2r2b2db4k2db11g2db2g2db6ly2~x2~b2602222-db1404245	4
s18/k2dbi6ly2dbi2ly2dbi19r2g2r2dbi2db4k2db11g2db2g2db6ly2~x2~dbi1406275-db1404245	4
s18/k2dgi6ly2dgi2ly2dgi19db2r2db2dgi2dg4k2dg11r2dg2r2dg6ly2~x2~dgi1806142-db1404245	4
s18/k2g6dy2g2dy2g19db2dr2db2g2dg4k2dg11dr2dg2dr2dg6dy2~x2	4
s18/k2g6ly2g2ly2g19db2r2db2g2dg4k2dg11r2dg2r2dg6ly2~x2	4
s18/k2lr6y2lr2y2lr19t2dg2t2lr2dr4k2dr11dg2dr2dg2dr6y2~x2~dg1502166	4
s18/k2r1k10r1k2r1k10r1k2r1k10r2k10r2dg2r2k10db2~x2	4
s18/k2r6ly2r2ly2r19db2g2db2r2dr4k2dr11g2dr2g2dr6ly2~x2	4
s18/k2r6y2r2y2r19db2g2db2r2dr4k2dr11g2dr2g2dr6y2~x2	4
s18/k2t6dy2t2dy2t19dr2g2dr2t2db4k2db11g2db2g2db6dy2~x2	4
s18/k36dg2k2dg2k18o18k3w3k3o18k18dg2k2dg2k18o18k3r3~x2	4
s18/k3b2k14b2k2b20y2b2w2b2r2b20k2b2k14b2k3db3~x2	4
s18/k3db3k3db18g20k3g3y3g3k3g20lb3db3lb3db3lb12db3lb3~x2	4
s18/k3dg18dy3dg3dy3dg3dy18ly3dy3ly3dy3ly12db2ly12dy9ly12dg2db2~x2	4
s18/k3dp1n2dp1db6dp1n2dp1k16db16n1dp2n1k6n1dp2n1db3~x2	4
s18/k3g18do3g3do3g3do18dy3do3dy3do3dy12db2dy12do9dy12g2db2~x2	4
s18/k3g2k14g2k2g20lo2g2w2g2r2g20k2g2k14g2k3db3~x2	4
s18/k3g2k14g2k2g20lo2g2w2g2r2g20k2g2k14g2k3n3~x2~n2203265	4
s18/k3o1k2o2t24lb2k8o2k2o2k2o8lb2o2lb2o2lb8t3~x2	4
s18/k40dp2k6t2k2t2k10dp4w2dp5~x2	4
s18/k5lb5k1lb5k5w1k5r5k1r5k5w1k5y5k1y5k5w1~x8	4
s18/k6db3dg4r8dg13k3dg3k3dg3k3dg4db4dy3db3dy3db3dy3db3~x2	4
s18/k6g4k22g3k3g32r3g3w3g3y3g32k3g3k22g4k6dp6	4
s18/k6r7w2r7k6r1k4r1k64r1k4r1k6r7w2r7k6lb2~x2	4
s18/k8dy8k1dy8k8lb1dg8k1dg8k8~x4	4
s18/k8y2k2y2k19t2dg2t2k2dr4k2dr11dg2dr2dg2dr6y2~x2~dg1502166	4
s18/k9t4k2t4k2t30k9t4db14dy2~x2~t2503227	4
s18/lb10db20b2db20lb10w1lb10db20r2db20lb10w1lb10db20y2db20lb10w1~x2	4
s18/lb25g3lb4g4lb5g5lb15r6lb5g19lb8g26lb4w4lb4g7lb4db21~x2	4
s18/lb36g12lb4g72k4g13k36r4k4y4k36g13k4g72lb4g12lb36w4	4
s18/lb3dy1lb23w20ly1w4t22lb4t4r1~x2	4
s18/lb3w8ly2w2ly2w2ly8k2ly2k2ly2k8w2lb22w2lb2ly2lb3~x2	4
s18/lb8k3ly22k3ly22k3lb8k3o22lb8o22k3lb8k3r14w3r14k6~x2~ly3607098-o2505058	4
s18/lg14lr4k9lr29k2lr4k2lr4k9lr4k2lr4k2lr29k9lr4lg14y2~x2~lr2805035	4
s18/lo74do6lo6do8r6do6r71dg6r6db6r71do6r6do8lo6do6lo74dy8	4
s18/lr6k2dr40k16db6k2db4k2n4k2lb2k2n4db7k2n6db1dr4~x2	4
s18/lr6k2dr40k16db6k2db4k2n4k2lb2k2n4db7k2n6db1dr4~x2~db1404245	4
s18/ly14y3ly14k3ly14k3ly14lb3r22lb3ly14k3ly14k3ly14y3ly14y3~x2	4
s18/ly16k2ly6k2r2k2db15g1db1w2~x2	4
s18/ly18do3ly3do3ly3do16g16w3g16do16ly17do3ly3do3ly17do16g16w3~x2	4
s18/ly3k1dr22k1dr1k10dg1dr1dg11k1dr4k1dg8k1dr4k1dg48k1~x2	4
s18/n12lb14r3o6lb10n28lb10o6r3lb8o10lb8r3o6lb40n6lb6n6~n1900000-o2500000	4
s18/n12lb14r3ri6lb10n28lb10ri6r3lb8ri10lb8r3ri6lb40n6lb6n6~n1900000-ri2109032	4
s18/n17dr41w5dr5w5dr41k17n17ly36lb6ly6lb6ly36n17k17dy36n17k7	4
s18/n1do1n12lb1do3n1g6n2do1n2g6n1do3lb1n12do1n1g1~x4	4
s18/n1o1n1lb1n1w1o1lb1w1o1lb1dp1o1n1dt1o1lb1w1~x10~dt1602194	4
s18/n20w2dp70ly2k13w10dr5k2dr5k2dr5w10k13ly2do25w18k2ly2~x2	4
s18/n20w2dp70y2k13w10r5k1r5k1r5w10k13y2dy15w22k2y2~x2	4
s18/n20w2dp70y2k13w10r5k1r5k1r5w10k13y2o15w22k2y2~x2	4
s18/n2db9dbi1db4dbi2db2dbi4n1dbi15g1dbi3g3dbi2g4dbi1g7dy1r2~x2~db1404245-dbi1406275	4
s18/n2db9y1db4y2db2y4n1y15g1y3g3y2g4y1g7ly1r2~x2	4
s18/n2dt9t1dt4t2dt2t4n1t15g1t3g3t2g4t1g7y1r2~x2~dt1303265-t2202222	4
s18/n33g10r3g3r3g3r8n10r3n10r8g3r3g3r3g10n33r3~x2	4
s18/o16k2o3k2o4k10n27lb2n8lb2n27k10o4k2o3k2o16n2~x2~o2500000-n1900000	4
s18/o18k18y1r2t2r2y1o18t2o18y1r2t2r2y1k18o18w3~x2	4
s18/o1lp1o1t1o1w1lp1t1w1lp1t1dp1lp1o1n1lp1t1w1~x10~o2500000-n1900000	4
s18/o6g5o6k34w3k3w3k3o6k3w3k3w3k34o6g5o6k5~x2	4
s18/o8do2o8k4dr3k4do8k2do8k4db21t8k2do3k2t8db24k3~x2	4
s18/o8k24n1k1n1k1n1k1n8k1n1k1n1k1n1o20y1w1~x2	4
s18/o8k2o8k4dr3k26db21t8k7t8db24k3~x2	4
s18/r10k1do1k1r1k1do10k1dr1k1do1k1dr10k1r1k1dr1k1~x4	4
s18/r11lb3db18y1db2w1k1g18r3k1r2k3r2k1r40k1r2k3~x2	4
s18/r12ly2db3k3db30k20dr6k10ly2dr4~x2	4
s18/r12ri2r2dg2r4dg2r4dp12ri6r2ri6dg12r12dg12r2dp1r36ri4~x2~r2109032-ri2307033	4
s18/r16g8r2g2w2g2r2g2w2g2r2g8r16k1r2g3r2k1~x2	4
s18/r18db1r1db2r1db1r18db18r2db18r18g2r4g2r18g18r2g18~x2	4
s18/r18db1r1db2r1db1r18db18r2db18r18g2r4g2r18g18r2g9~x2	4
s18/r18db1r1db2r1db1r18db18r2db18r18g2r4g2r18g18r2g9~x4	4
s18/r18db2r1db2r1db1r18db18r2db18r18g2r4g2r18g18r2g9~x2	4
s18/r18db2r2db2r3db14dg29y1dg2y4~x2~db1406275	4
s18/r18lb10k15ly4k4w6k4g23r26w4~x2~r2109032-ly3307090-w4000000	4
s18/r23db2lp3db21k1db1g9lp3db2lp3k10db3w2db3w26r2lp4db2~x2	4
s18/r24g6r3g3db6w1db1w2db58w2db1w1db6g3r3g6r24y3~x2	4
s18/r25w2ly5lb2db2ly5w2g12w2o2ly2r5k2r5ly2o2w2ly9~x2	4
s18/r25w2o5dg2db2o5w2g12w2b2o2r5k2r5o2b2w2o9~x2	4
s18/r26g6dt26r2g26w1r6dt2r6dt13~x2	4
s18/r2b3db2g32db3g1db3k14b3db2b3g12db1k1db30b3db2b2~x2	4
s18/r2dp17r2dg3r2dp2r20dg1ly1r1dg2r2dp18r2dg2r24dg3w1~x2	4
s18/r2dp17r2dg3r2dp2r20dg1ly1r1dg2r2dp18r2dg2r24dg3w1~x2~dp0904317	4
s18/r2dp4db2dg25db4dg2db4k11dp4w2dp4dg11db2k2db24dp4db2r2~x2	4
s18/r2lb1r1lb10db1lb1db12lb1db2ly2~x4~lb3203246-db1404245-ly3307090	4
s18/r2lb2dy3lb14do1lb1g7dy3lb2dy3do7lb3g2lb3g16r2dy3lb2~x2	4
s18/r2lb2r2lb12k9g12r2g2y5g2r2g12k9lb12r2lb2r2lb2~x2	4
s18/r2lp4db2g24db4g2db4k10lp4db2lp4g8db1k2db22lp4db2r2~x2~r2109032-lp3004317	4
s18/r2m3db2g32db3g1db3k14m3db2m3g12db1k1db30m4db2m2~x2	4
s18/r2o3db2g18db3g2db3k10o3g2o3g8db2k2db14o3db2r2~x2	4
s18/r2o3db2g18db3g2db3k10o3g2o3g8db2k2db14o3db2r2~x2~db1204274	4
s18/r40b5k26r4b10db14b10r5k2r5k2r5k2r5lr2dg26lb6lr2	4
s18/r43dy5g27dy5ly40r5ly40dy5g27dy5dg40g27dg40dy5g27dy5r43do8	4
s18/r47dg14k5y2k3dg7k3y2k5dg14~x2	4
s18/r4k8r3k6r3k4r3k2r4k2w3k2lb16k1r4k1lb8r4~x2	4
s18/r4lb5r2lb7r10k4lo2k2lo2k4w4k4lb18r1k2r1lb4r3~x2~r2109032	4
s18/r4lb6k1r2k1lb14k3w3k2r2k2r2db4r2db6r2db6r2~x2	4
s18/r4t4db8ly1g12r6db2r6w1r6w1r6db2r6g12ly1db8t4~x4~r2109032-t2405244-db1406275-ly3307090	4
s18/r50w2dy5lb2db2dy5w2g12w2lr2lo2r5k2r5lo2lr2w2dy9~x2~db0705267	4
s18/r55dp1y1r3dp7r3y1dp1r3g16r3dp1y1k3w1g5r3k2~x2	4
s18/r55w1ri1g2r2g49ri2g2r2db15r2g2ri2r53g2r2ri2g10~x4~r2209032-ri2806019	4
s18/r5k3g22k3y3dp7r7k2dp4w2dp4r7k2r7y3k3g22k2~x2	4
s18/r5t6r2t9r14k5ly2k2ly2k5w5k5lb23r1k2r1lb5t4~x2	4
s18/r66dbi1db1r6g30r6db1dbi1r3db16r3dbi1db1r54g3b1r6g6~x2~dbi1604274-db0805267	4
s18/r66t1db1r6dg30r6db1t1r3db16r3t1db1r54dg3o1r6dg6~x2~r2008029-o2704014	4
s18/r6lb4dg16ly2k1w6k1ly30r15ly30k1w6k1ly2dg16lb4r6w1~x2	4
s18/r8k24n1k1n1k1n1k1n8k1n1k1n1k1n1r20y1w1~x2	4
s18/r8k3lb15k1w3k1lb8k1w3k1r19k2y2k2g2k2r2k2~x2	4
s18/r8k3n15k1w3k1n8k1w3k1r19k2ly2k2g2k2r2k2~x2	4
s18/r9k1r3w5r6k5r4do8y4w1k1w1y4r6k1w2lb1w2~x2	4
s18/r9k1r3w5r6k5r4ly8y4w1k1w1y4r6k1w2lb1w2~x2	4
s18/ri12r2ri2g2ri4g2ri4db12r6ri2r6g12ri12g12ri2db1ri36r4~x2~ri2008029-r1707016	4
s18/ri12r2ri2g2ri4g2ri4db12r6ri2r6g12ri12g12ri2db1ri36r4~x2~ri2109032-r1807008	4
s18/ri66dbi1db1ri6g30ri6db1dbi1ri3db16ri3dbi1db1ri54g3r1ri6g6~x2~ri2209032-dbi1605267-db0804274-r2208029	4
s18/ri6r3ri6db22ri7r2w1ri2db2ri2w1r2ri7dg22ri7dg2ri2r2~x2~ri2008029-r1707016	4
s18/ri6r3ri6db22ri7r2w1ri2db2ri2w1r2ri7g22ri7g2ri2r2~x2~ri2109032-r1807008	4
s18/t10r2w2r16g6r1g2r1g3r6~x4~w4000000	4
s18/t12dg4r2dy3g4dg4r20w4r14dg4g4dy3r2dg4t12dy2t8dy2~x2~dg1806142-g2408144	4
s18/t13g19k2t7k2g7k2db18r2t13~x2~db1406275	4
s18/t18k13g18y4g18k13w4t4w18t4w4t4w18t4w4k13t18w4~x2	4
s18/t25k3t3k3g6k3g6k3g6k3t3k3t25r3t3y3t3r3~x2	4
s18/t32db1dg16r2dg2dt18t4lo1dg5lo1t4dt18dg2r2dg16db1t32dt3~x2~dg1605139	4
s18/t32y1r3y1t32k5t3k2w1k2t3k53t3k2w1k2t3k5~x2~t2105244	4
s18/t5w1o9t5r4t5g20y1g1y1~x4	4
s18/w13dg3w4dg3w3dg40w3dg2dy4dg2w3dg40w3dg3w4dg3w13dg4~x2~dg1605139	4
s18/w1k2g10db1g2db1g2k2db15dr1db2dr1db2dr1db2dr15k1lo1~x2	4
s18/w1k2g10db1g2db1g2k2db15o1db2o1db2o1db2o15k1ly1~x2~o1904043	4
s18/w28r5lb3r5k21r5lb28w3y5w3lb28r5k21r5lb3r5w28r5~x2~lb3203246	4
s18/w2db2dg8k2db6dg5r5ly5r4w2r4ly5r5dg5db6k2r10ly2~x2	4
s18/w2lb2dg8k2lb6dg5r5ly5r4w2r4ly5r5dg5lb6k2r10ly2~x2	4
s18/w3k1w20dp1db6g6o3g1o1g2~x4	4
s18/w3r2dr1r9dr1r2dr2r1dr27db1lb2dr1db11lo1dr2lo1dr2lo1~x2	4
s18/w4k1r5db3r8g8k1y3k1lb4db27lb4k1y3k1g8r8db3~x2	4
s18/w4k1r5ki3r8dg8k1y3k1lb4ki27lb4k1y3k1dg8r8ki3~x2~ki0604259	4
s18/w55dg12r2dg3w2dgi10dp9dg2dp6w2~x2~dgi1806142-dp1607327	4
s18/w55dp12ly2dp3w2dg10dpi9dp2dpi6w2~x2~dp1105325-dg1806142-dpi1607327	4
s18/w8db1dbi20db2dbi1db2dbi4db2dbi1db2dbi4w2r4w1r2w20db1r4~x2~db1003265-dbi1605267	4
s18/y1k1dr15db2dr1db2dr1db2dr1db15k2g2db1g2db1g10k2w1~x2	4
s18/y25w2lb4lo7lb4w2ly25w2lb4lo7~x2	4
s18/y2b5r3g54r5g3r5db21b5r3b5g17r2db4r48b5r3w2	4
s18/y2ri5r3g54r5g3r5db20ri5r3ri5g16r2db4r48ri6r3w2~x2~ri2806019-r2109032	4
s18/y2ri5r3g54r5g3r5db20ri5r3ri5g16r2db4r48ri6r3w2~x2~ri2806019-r2109032-db1406275	4
s18/y2ri5r3g54r5g3r5db21ri5r3ri5g17r2db4r48ri5r3w2~ri2406019-r2109032	4
s18/y2ri5r3w54r5g3r5db20ri5r3ri5g16r2db4r48ri6r3w2~x2~ri2806019-r2109032	4
s18/y3k18db3k3db3k3db17b3db3b3db3b12w2b12db9b12k2w2~x2~db1404245-b1511266	4
s18/y3k18ki3k3ki3k3ki18t3k3t3k3t12w2t12k9t12k2w2~x2~k0700000-ki0705267	4
s18/y3k1g22k20dp20g2dp2g2dp2g3~x4~dp1607327	4
s18/y4k1m14k1w2k1dp28k4y2w3~x2	4
s18/y6k1db4k1r8w1r8k1db4k1g6db4g6k1db4k1y6k1~x2	4
s18/y6k1y3g3w3dr3k2dr3db3w3~x2	4
s18/y6k1y3g3w3r3k2r3db3w3~x2	4
s19/db10lb3lbi2lo2db21lo6db31lb2lo2dr11dt12lo2dp2g15dr2lo4g7k2lbi10~x2~lb3103284-lbi3200000	4
s19/db12b1g12r2g12dg12b1db12b2dr12o1dg12o12y2o12dg12o1dr12b2~x2~dg1104144-dr1305000	4
s19/db12k1g2k1g2k1db12dr2k12ly1k12dr2g12k1db2k1db2k1g12~x4	4
s19/db12k1g2k1g2k1db12dr2k25dr2g12k1db2k1db2k1g12~x4	4
s19/db12k1g2k1g2k1db12r2k12y1k12r2g12k1db2k1db2k1g12~x2	4
s19/db15r39g15r7db39r4g4r39g4r4g4r39g4r4db39r7g15r39db14	4
s19/db25y5db12y3r1w1db12y3w1db12y3w1db12y5r1w1db12y4w2~x2	4
s19/db30lo2db2lo2db5g5k15db5g20dr2k3dr2g20db5k15g5db20lo2db2~x2~db1403246	4
s19/db72lb4db10g4w4o6w4g4db10g4w4o6w4g4db10lb4db23y2db18	4
s19/db85r2k2db4dbi4db2r2k2db20k42b20y2k2b4lb4b4y2k2b83~x2~db0805267-dbi1604274	4
s19/db85r2k2db4dbi4db2r2k2db20k42ti20y2k2ti4t4ti4y2k2ti83~x2~db0804274-dbi1605267-ti2607245-t2304245	4
s19/db9g23k3db9k3r20w3r20k3db9k3y20k3y20k3db9k3g23db9~x2	4
s19/dg12dp1db2dp1db2dp1dg12g2dp12y1dp12g2db12dp1dg2dp1dg2dp1db12~x2	4
s19/dg2t1b2g4b3g8b22dg1g4b2dg7b2g2b2dg2b4dg1g3t2~x2~dg1806142-g2408144	4
s19/dg3dr2o2dr2n20b3n3dr8dg2dr2dg2dr2dg8o2dg2o2dg2o8ly3~x2	4
s19/dg3dr2t1dr19dg1dr1dg1dr8dg1t8dr1dg8dr1dg1dr1dg28dy1dg2o2~x2	4
s19/dg8k1dg1k1dg1k4o10w2o10k3dg3k6dg3k6dg3k3o10w3r4~x2	4
s19/dp12db12dp24db12dp12k5r2k5r2dp4k2db3k2db3k2dp4k5r2k5~x2	4
s19/dp3w14g8w10dp4w32r1w2r1w2r1w2r1w2r1w2r1w6lb3~x2	4
s19/dp4db5dp3db50k15g3k5g32w2g3w2g32k5g5k15db50dp3k5dp3	4
s19/dr16db4ly2lyi2db4ly6db4lyi2ly2db16dr3db3lyi3db3dr3db16ly2lyi2db3~x2~ly2505093-lyi2806085	4
s19/dr1k2n2g1y1n17k1g14k1dr2n2k1n2k1n2k2g2k2dr1~x4	4
s19/dr44g18lb5db2lb2db3lb9k7lb5k7lb9db3lb2db2lb5dr16g3dr5db2~x2	4
s19/dr5db3dr3r2db2y2db2y1db14g2db7g4db4g7db2g9y1n2g5~x2	4
s19/dr60w2lb5k2w2k2lb5w2k2g12k2w2dr5r5g2r5dr5g10w2~x2	4
s19/dr60w2lb5k2w2k2lb5w2k2g12k2w2dr5r5g2r5dr5w2g10~x2	4
s19/dt8n3lb3n3o28lb4o8n12dt3n3dt3n3dt8dg3dt3dg3dt3dg12g4~o2600000	4
s19/dy2dg1dy2dg1lb1dg1lb8k40dy5dg40lb10dg1lb5k15dg1lb7dg1lb1dg1~x2	4
s19/g16k1dy8k2dy1k2dy1k4dy1k2dy1k2dy8k1dr16k14w4~x2	4
s19/g28r12db1w2r1g4db20y2db3y2db3g7db3w1y2w1db20g4r12~x2	4
s19/g2db5g3r2db11r2db11dg18db11r2db11r2g3r11db3dg5db3r5b2~x2~r1707016-dg1503171	4
s19/g2dg2db5dg4db10t15dg10dr12dg6g4dg6dr12dg10t18lb2db2t18db1g2	4
s19/g2dg2db5dg4db10t15dg10r12dg6g4dg6r12dg10t18lb2db2t18db1g2	4
s19/g36dg5dy5dg9k5w5dg2g7dg1dy2dg1g7dg2w5k5dg9dy5dg5g17~x2	4
s19/g40dy3dr12y3w1y1w2y1w1k4y1w1y1w1dy1y1dy3dr12dy3~x2	4
s19/g40dy5k40lb8g1lb1g1dy2g1dy2g1lb1g1lb7g1k15lb5g1lb10~x2	4
s19/g40loi3r12lo3w1lo1w1lo1w1k4lo1w1lo1w1loi1lo1loi3r12loi3~x2~loi2906085-lo2905070	4
s19/g4k1y4ly4y4ly4y4o5y4ly4y4ly4y4ly4y4ly4y4ly4k1~x2	4
s19/g5k5g5dr12g3k15g3w1k2lb7k2ly10k2lb7k2w1k3dr15k3~x2	4
s19/g6do2lr3do2lo3do2g6dr16g4do3g3do3g16do2lr3do2lo3do2dr4~x2	4
s19/g8o3lr3o3w28lr4w8o12g3o3g3o3g8do3g3do3g3do12r4	4
s19/k13r2g9db5lb3r2k4y2k2y2k3w4k3db2r22lb1k3g4lb2~x2	4
s19/k16db4ly2k2db4ly6db4k2ly2db16k3db3k3db3k3db16ly2k2db3~x2	4
s19/k19db2g10ly3g10db2k24db2g10db18g5db2k7db2g5db18g10db2k5~x2	4
s19/k1r4g8r2g1r2db4r2w1r1w1r2g4r3g4r1k1r8w1~x2	4
s19/k2lr6y2lr2y2lr19db2dg2db2lr2dr4k2dr11dg2dr2dg2dr11dg2y2~x2~db1406275-dg1806142	4
s19/k2lr6y2lr2y2lr19db2g2db2lr2dr4k2dr11g2dr2g2dr11g2y2~x2	4
s19/k2w2k15dp5n5dp10lb2dp10n5dp5n30k2n4k2n30dp4n4k15w2~x2	4
s19/k3dr1g2dr2w20db3w3dr7k2dr2k2dr2k7g2k2g2k2g8dy3~x4	4
s19/k3r1g2r2w20db3w3r7k2r2k2r2k7g2k2g2k2g8y3~x2	4
s19/k3r1k2r2w20db3w3r8k2r2k2r2k8g2k2g2k2g8dy2~x2	4
s19/k3r3k14lo2y2k3r13k3lo2y2k4lo6k3y2lo2k14r3k3y3~x2	4
s19/k3w1lb1r5lb1w1k1db1r1k1lb1w1k1db4k1lb1w4k40r3~x2	4
s19/k3w1lb1r5lb1w1k1db1r1k1w1lb1k1db4k1lb1w4k40r3~x2	4
s19/k4r1k1r2w24db2w3r8g2r2g2r2k8g2k2g2k2g8y2~x2	4
s19/lb1dr3r3w26db3w3g14w36r3dr1r3w36db14w2g3w26dr3r3lb1~x2	4
s19/lb1r3ri3w20db3w3g12w18ri3r1ri3w18db12w3g3w20ri3r3lb1~x2~r1707016-ri2008029	4
s19/lb1r3ri3w20db3w3g12w18ri3r1ri3w18db12w3g3w20ri3r3lb1~x2~r1707016-ri2209032	4
s19/lb33dy22db4dy22r3m2r3m2r3m2r3m2r3m2r3m2r3dy22db4~x2~r2510029-m2610337	4
s19/lb4dr10db6dg10db6dr22g6dr4db22dr4db22dg36db22dr4db22dr4g6db10g3	4
s19/lb4dr10dt6dg10dt6dr22g6dr4dt22dr4dt22dg36dt22dr4dt22dr4g6dt10g3~dt1103265-dg1704144	4
s19/ly2r3k2r6k10w4k10b3r7k3r35b3k10w4k10r5k2r3ly2~x2	4
s19/ly6db2lo2db1k1db1lyi4lb2lyi2db17k2lb3k8lb3k2lb17k2lb2lyi2~x2~ly3104101-lyi3407090	4
s19/ly6lb2dy2lb1k1lb1y4db2y2lb17k2db3k8db3k2db17k2db2y2~x2	4
s19/r15w2r15y1db8w2db8y1db12r1y3r1db12w2g20w2y1db20y1~x2	4
s19/r1k3g2k2n2k1n3k1n2r3k1g16k1n18y1g1n2k2r1~x2	4
s19/r20k2y10k2y10k2g15r21lo4r21g15k2y10k2y10k2r27w4r7~x2	4
s19/r24k1w1g6w1g1y2r2k1r2y2g1w1lb6k2r3y3g2w1~x2	4
s19/r24w1db2lb1w1lb1db2w1k1g6k1w1r2dr2g1dr2r2w1g3~r1908029	4
s19/r24w1db2lb1w1lb1db2w1k1g6k1w1r2dr2g1dr2r2w1g3~x2~r1908029	4
s19/r24y1db2w1y1w1db2y1k1g6k1y1r2dp2g1dp2r2y1g3	4
s19/r2k12g2w5g2k2r2k5b10k2b4k2b4k2b4k10w2k1r2~x2	4
s19/r36k2w1g18w1dy2y2r3k1r3y2dy2w1lb18k5r4y5dy2w2~x2	4
s19/r36k2w1g18w1ly2y2r3k1r3y2ly2w1lb18k5r4y5ly2w2~x2	4
s19/r36k2w1g18w1o2y2r3k1r3y2o2w1lb18k5r4y5o2w2~x2	4
s19/r4db4w52db5w5k26dg25r6dg28k25dg3db26dg6db25dg3k27w50db4r4	4
s19/r4db4w52db5w5k26g25r6g28k25g3db26g6db25g3k27w50db4r4~x2	4
s19/r4dg5k1r2k1dg6db5r2k4r2k2r2db4lb35k1r2k1lb4r3~x2	4
s19/r4g5k1r2k1g6db5r2k4r2k2r2db4lb35k1r2k1lb4r3~x2	4
s19/r4k6r2k7db5r2k4r2k2r2db4lb35k1r2k1lb4r3~x2	4
s19/r57w2k4db2w2db2k2w2k2g10k2w2r4dr4g2dr4r4w2g7~x2	4
s19/r57w2k4db2w2db2k2w2k2g10k2w2r4o4g2o4r4w2g7~x2	4
s19/r5db3r5g12db8w5db5w22db3r4db3w22db5w5db8g12r5db3r5~x2	4
s19/r60w2lb5k2w2k2lb5w2k2g12k2w2r5dr5g2dr5r5w2g10~r1908029	4
s19/r60w2lb5k2w2k2lb5w2k2g12k2w2r5dr5g2dr5r5w2g10~x2~r1908029	4
s19/r6k6n1k6n1k2n5k1n5r3k2y3k2n3k8w11k2w4n2~x2	4
s19/ri24w1db2lb1w1lb1db2w1k1g6k1w1ri2r2g1r2ri2w1g3~x2~ri2008029-r1707016	4
s19/ri24w1db2lb1w1lb1db2w1k1g6k1w1ri2r2g1r2ri2w1g3~x2~ri2209032-r1707016	4
s19/ri60w2lb5k2w2k2lb5w2k2g12k2w2ri5r5g2r5ri5w2g10~x2~ri2008029-r1707016	4
s19/ri60w2lb5k2w2k2lb5w2k2g12k2w2ri5r5g2r5ri5w2g10~x2~ri2109032-r1807008	4
s19/t30y2t2y2t5g5k15t5g20dr2k3dr2g20t5k15g5t20y2t2~x2	4
s19/t5r30g26r5w1r5t32r30lb1t3lb1t31r5w1r5g26r32t5w1~x2	4
s19/w16t38db2t6db2t4db4t2db6t2db12dr16k8ly8dr4ly3dr2ly16dr10	4
s19/w1b4k1lt3k1n4db1n4k1lt3k1g4lt1g4k1lt3k1b4w1~x4~lt3303227-g2508144	4
s19/w1dr4k1lb3k1n4db1n4k1lb3k1g4lb1g4k1lb3k1dr4w1~x4	4
s19/w20t43db2t6db2t4db4t2db6t2db14dr20k7y7r4y3r2y20r13~t2105244-db1004274	4
s19/w3r2dr1w1r9dr1r2dr2r1dr27db1lb2dr1db11dy1dr2dy1dr2dy1~x2	4
s19/w6r2g16r3g2r3g6w2r2w2g6r7g6r2g2r16w2r2w2~x2	4
s19/w7dp7w1g13w1dp2w1db14w1dp2w1r11w1dp2w1y7w1dp2w7~x2	4
s19/w7k1db16k2db1k2db4k8w2k8y8w2y8r8w2r8w2r1w4~x2	4
s19/w8dt1db24dt2db1dt2db4dt2db1dt2db4dt1w4db2w1db2w20dt1db5~x2~dt1102249-db1705255	4
s2/db12k1~x10	4
s2/db1r1~x100	4
s2/db1r1~x20	4
s2/db1t1~x100	4
s2/db1t1~x14	4
s2/db1w1~x20	4
s2/db2k1~x4	4
s2/dg14r13~x2~dg1605139-r2109032	4
s2/dg1g1~x18	4
s2/dg7g6~x2	4
s2/dp1g1~x16	4
s2/dr1db1~x100	4
s2/dr1db1~x14	4
s2/dr9lr1~x20	4
s2/dy1lb1~x6	4
s2/dy9n1~x12	4
s2/g1t1~x130	4
s2/g7lb6~x2	4
s2/g9dp8~x2	4
s2/g9k8~x2	4
s2/k15lb1~x12	4
s2/k1db1~x100	4
s2/k1dg1~x100	4
s2/k1dg1~x168	4
s2/k1g1~x66	4
s2/k1lo1~x50	4
s2/k1r1~x100	4
s2/k1r1~x16	4
s2/k1r1~x172	4
s2/k1r1~x20	4
s2/k1r1~x66	4
s2/k1r1~x8	4
s2/k1w1	4
s2/k1w1~x15	4
s2/k1w1~x24~k0801060-w3602083	4
s2/k1w1~x28	4
s2/k1w1~x6	4
s2/k1y1~x100	4
s2/k1y1~x40	4
s2/k20dt1~x6	4
s2/k4r1~x36	4
s2/k4r1~x6	4
s2/k9lb8~x2	4
s2/r14g13~x2	4
s2/r1g1	4
s2/r1g1~x100	4
s2/r1g1~x50	4
s2/r1g1~x80	4
s2/r1w1~x40	4
s2/r1w1~x5	4
s2/r3dg1~x14~r2109032-dg1605139	4
s2/r3g1~x14	4
s2/r3lb1~x14	4
s2/r8k3~x2	4
s2/t1lb1~x2	4
s2/w10r3~x10	4
s2/w3o1~x8~w3801060-o1604029	4
s2/y1m1~x2	4
s20/b14k7b21k2b2k2b2k4b7r25w2r2k3r16b9r2k4r2k4r2~x2	4
s20/db10dg25y2dg2y3dg2y2dg25db10w3db10dg25y2dg2y3dg2y2dg25db10k3~x2	4
s20/db10k10g9k2w2k2g9k10w2db2w14db2w2db2w14db2w2k10db10r2~x2	4
s20/db10k2g2dr2g2k2do2k2dy4k1y2~x4	4
s20/db10k2g2r2g2k2r2k2r4k1g2~x4	4
s20/db10k2g2r2g2k2w2k2w4k1w2~x4	4
s20/db12k1db1k1db1k8g8k1g8k8db8k1db1g6k1g6k3db4k1db1	4
s20/db14k7db21k2db2k2db2k4db7r25w2r2k3r16db9r2k4r2k4r2~x2	4
s20/db14r3db14k12dbi40k12db2k2db2k2db7r3db7k2db2k2db2k12dbi40k12~x2~db1106275-dbi1406275	4
s20/db16dg14r3dg14k3dg14ly3dg14db16dbi2db16dg14ly3dg14k3dg14r3dg14db16dbi2~x2~db1204274-dbi1406275	4
s20/db18r2db18r18g2r4g2r18g18r2g18r2g18r18db1r1db2r1db1r18~x2	4
s20/db1g1db6k6g1k6g1db2g1db3g1db3g1db2g1k6g1k6db6g1~x4~db1406275	4
s20/db20dr2db12g6lb2g4t4g4lb2g16lb2g4t4g4lb2g6db12dr2db20y3~x2	4
s20/db20y1dy1db3k1o2k1r10k1o2r4~x2~o2500000	4
s20/db22dg2gi2dg2gi2dg2db6k3dg14db1g4db1dg2g2dg2g2dg1db1k1r2~x2~dg1806142-gi2504202-g2408144	4
s20/db22dgi2dg2dgi2dg2dgi2db6k3dgi14db1g4db1dgi2g2dgi2g2dgi1db1k1r2~x2~dgi1806142-g2408144	4
s20/db22k2db2k2db2k16g16k2g16k16db16k2db2g10k2g10k8db9k1db1~db0805267	4
s20/db22w2db3dg3db3dg3db3dg21k3dg3k3dg3k3dg21k15dg3db3k6w2k15~x2	4
s20/db24ly1r2dg2r2ly1k24dg24w2db2w2dg24k24ly1r2dg2r2ly1db24dg2~x2~db1204274-ly3307090-dg1802166	4
s20/db25dbi2r25g10r4db25r2g2r25g2r2~x2~db1204274-dbi1406275	4
s20/db28dbi11db8dbi15dp3dbi3dp3dbi4w3dbi4w3dbi4dp3dbi3dp3dbi15db8dbi11db28y2~x2~db1106275-dbi1406275	4
s20/db2lb2t7r4y8db4t10lb2db2t9db2lb2t10db4y8r4t7lb2db2y2~x4~lb3203246-t2105244	4
s20/db30k2db2k2db2k32g15r2g4r4g30~x2~db1406275	4
s20/db33k3r2k3g9r2g7w2g7r2g9k3r2k3db7r2db2r2db3w2~x2	4
s20/db34dbi20db4dbi8db6r2db5dbi2db3g4db3dbi2db5r2db6dbi8db4dbi20db34g4~db1204274-dbi1404245	4
s20/db35g3w3r3db35r2db3w2db5w1db5r1db8r1db5w1db5w2db3r2~x2	4
s20/db35k3w3r3db35r2db3w2db5w1db5r1db8r1db5w1db5w2db3r2~x2	4
s20/db36k5r2k5g15r2g10w2g10r2g15k5r2k5db10r2db2r2db4w2~x2~db1404245	4
s20/db38w2db2k10g2dy2g22k3r3k3r3~x2	4
s20/db40dg34r5dg34k6dg34y5dg34db40dbi6db40dg34y5dg34k6dg34r5dg34db40dbi6~db1204274-dbi1406275	4
s20/db4n3db4n19k2n3k2n12db4n3db4n3k1n2y1n2y1n2k1n3~x4	4
s20/db4t1dt20db2dt2db18dg2db2dg22k2dp4~x2	4
s20/db4t1dt20db2dt2db18dg2db2dg22r2dp4~x2	4
s20/db50k10db6k10db6dg5lp5dg5o8dg23w5~x2~db1204274-dg1405139	4
s20/db5dbi2db9n10lb2n4lb2g10r33w2r33g10lb2n4lb2n10db9dbi2db5w3~x2~db1204274-dbi1406275	4
s20/db5t2db9dp10k2dp4k2dg10g33w2g33dg10k2dp4k2dp10db9t2db5w3~x2~db1204274-dg1806142-g2203152	4
s20/db6k2db24k10g2o2g2o2g10k2lb3~x2	4
s20/db96dp8db12b3db3b3db3dg20dp8k3dp14~x2~db1204274-dp1508310-b1813263	4
s20/db9dg2dpi2dp2dg18dpi2k2dg1k19db33w2~x2~dpi1607327-dp1105325	4
s20/db9lb1k8y1k2w2k2g13r45w1r4~x2	4
s20/dbi30k9db5w4db2r2db2w4db5k9dbi30k9db3w2db6r2db6w2db3k9~x2~dbi1406275-db1106275	4
s20/dbi6k3dbi3db13g13k1g13db13w1dbi3k3~x2~dbi1406275-db1404245	4
s20/dbii4db7dbii3dg20dbii5k7dbii3dp3dbi35w2dbi35dp3dbii3k7dbii5dg20dbii3db7dbii4b2~x2~dbii1406275-db1204274-dbi1404245	4
s20/dg16db1dg16dt16db16r1db4r1db16dt16dg16db1dg16dt16db6r1db30r1db6dt16~x2	4
s20/dg16k6dg16g32k2dy7y2dy7y2dy7t13	4
s20/dg20r3dg20r20db3r3db6r3db3r20db3r3db6r3db3r20w3r4db20r4	4
s20/dg40k2dr3k2dg3k3r3k3r3k3dr5y1dr5k3dg3k2dr3k2dg3k3~x2	4
s20/dg4r1dg1y1db6y1dbi9y1dbi9w1lb3~x4~db1204274-dbi1406275	4
s20/dg4r2k1w30r10dg14r4dg5w2dg5r4~x2	4
s20/dg7y2r1n4lb15n1y2n1y2n2y2n1y2n1lb15n4r1y2dg7y1~x4	4
s20/dg8n12r3n9r3n12lb9db48k8lo2k8db48lb9n12r3n9r3n12dg8lo2~x2	4
s20/dg9y5dg57r1dg8k40o7k4dg4k2w4~x2	4
s20/do37db17do4db8do6r2do5db2do3ly4do3db2do5r2do6db8do4db17do37ly4	4
s20/dp25lb1w1k1y1dp3w1y5dp4k1lb2dp2w1lb1w1dp2lb2dp2k2w5~x2	4
s20/dp3w2lo8w10g8w10dp4w40lo8w2lb3~x2	4
s20/dp40g2dp2g2dp2g2dp3g16db15m3db15g16dp3g2dp2g2dp2g2dp40w4~x2~dp1105325-g2203152	4
s20/dr2k1g7k6db7t2db7k6g7k1lo2~x4~db1406275	4
s20/dr4db6dr2db2dr4db6dr3k4lo2k2lo2k4g2k4dr22db1g2db1dr6db3~x2	4
s20/dr64t12k16lo2k4lb3g32dr8k4dr3lb2~x2	4
s20/dt30dg30dt2r7dt2dg30dt30lg30t7lg30dt30dg30dt2y7dt2dg30dt30lg30t7lg30~x2~r2109032	4
s20/dy10k1r1k3r1k1dy1r1dy3r1dy1y1dg3y1dg1ly1y3ly1y1ly10~x4~dy1201180-dg1501120	4
s20/dy20dp2dy2dp2dy3dp8dg9dgi8g8dg1lb2~x2~dgi1806142-g1903114	4
s20/dy2w2r13k17r2k17w2dy4w2k17r2k17w2r13w2k17r2k17r13w2~x2	4
s20/dy5k3g2r20db10w2g1dy1w20k4dy3~x2~db1406275	4
s20/dyi2dr30dyi6g2dy6dyi6dgi2dyi24y2dyi4y2dy24ly2dyi6y6dg2dyi6dg2y27dyi1~x2~dyi1503076-g2408144-dy1503038-dgi1806142-y1904072	4
s20/dyi2dr30dyi6g2dy6dyi6g2dyi24y2dyi4y2dy24ly2dyi6y6dg2dyi6dg2y27dyi1~x2~dyi1503076-dy1503038-y1904072	4
s20/g10k1r1k3r1k1g1r1g3r1g1ly1n3ly1n1w1ly3w1ly1w10~x4~ly3202111-w3601060	4
s20/g10k3g3k20dp3k5g3k20g3k3g10~x2	4
s20/g112dp2k4dp2g6lo1g2dr2lb2dr2g2lo1g6dp2k4dp2g6dr2lb6k4~x2	4
s20/g20k1n1k1g20k10n2k2r2db20w1~x2~db1406275	4
s20/g28r1g2r3g1r16g1r3g2r1g14k3y3k3db3k3r48w3r3w3~x2	4
s20/g29db1g2db2g2db3g2db5r1k1r1db5g2db3g2db2g2db1g14y3~x2	4
s20/g29t1g2t2g2t3g2t5r1k1r1t5g2t3g2t2g2t1g14ly3~x2	4
s20/g4k3dr1k3dr2k2dr4k1dr4g3k2lo2k2dr2k6db6lb14k3lb3dr3~x2	4
s20/g4r1db24t4k2g24r1db10t4db2t4db10r1g24k2t4db24r1g4t4~x2~db1406275-t2405244	4
s20/g4r2g14w2db14r2db14g14db2g5db2g14db14r2db14w2g14r2g4lo3~x2~db1406275	4
s20/g5k1g5k6t4lb1t3n1t6dp2t6n1t3lb1t4k6g5k1g5dp2~x4	4
s20/g5k5g5r12g3k15g3k2w1k2lb7k2y10k2lb7k2w1k3r15k3~x2	4
s20/g5t2g16t10k2w3db6t14w2db4w2~x2~t2405244-db1106275	4
s20/g6dpi2dp2g2dp15g3k2g1k15db43w2db43k15g1k2g2dp15g3dp2dpi2~x2~dpi1607327-dp1105325	4
s20/g6k3g18r4db4w4g18k3g6k3db6k3db18w4db4r4db18k3db6k3~x2~db1406275	4
s20/g6k3g18r4db4w4g18k3g6k3db6k3db18w4db4r4db18k3db6k3~x2~r2109032-db1204274	4
s20/g7w1t7w2t6w3t5w4t4w5t3w6t2w7t1w8r31dr31k10g4~x2	4
s20/g82k2g2k2g2k8db28k1w6k1db28k1dy6k1g32k2r5k2g15w6~x2	4
s20/g82k2g2k2g2k8db28k1w6k1db28k1y6k1g32k2r5k2g15w6~x2	4
s20/g8k1g8k8r1db8w1db8r1k8r1~x4	4
s20/k10n2k2n2k3n10r16lb2r2lb2r2lb2r16n10k3n2k2n2k10y2~x2	4
s20/k112lb2do4lb2k6lo1k2dr2g2dr2k2lo1k6lb2do4lb2k6dr2g6do4~x2	4
s20/k16db2lb2db4g16lb2k15db6lb2k3lb4~x2	4
s20/k16g2lb2db4g16y2k15db6lb2k3lb4~x2	4
s20/k16n4o3k2db1w1r1k2o3n4k12~x4~n1900000-o2500000	4
s20/k1w1k1w1k1w1k1w1k1w1r1~x8	4
s20/k20db4k8dbi9k8db14k8r3w3dbi10k12~x2~db1404245-dbi1406275	4
s20/k20dg30k2dg4k2dg30k3dbi30k35dr2k35dbi30k3dg30k2dg4k2dg30k20db2~dbi1204274-db1106275	4
s20/k2loi4lo5o2lo1k1lo2k12lo2k1lo2o6loi7o3lo12o1lo4o1lo12loi1~x2~loi2905070-lo2706066	4
s20/k2loi4lr5lo2lr1k1lr2k12lr2k1lr2lo6loi7lo3loi12lo1lr4lo1lr12loi1~x2~loi2806047-lo2706066	4
s20/k2r2k12r2k2r18k2r2k12r2w1~x2	4
s20/k34n5k5n8k5n56lb5n5lb36y5lb36n5lb5n56k5n8k5n5k34y5	4
s20/k3db30k2db4k2db30k36dr30k2lb2k2dr30k36db30k2db4k2db30k3r2	4
s20/k3dr30k2dr4k2dr30k3db30k35w2k35db30k3dr30k2dr4k2dr30k3w2	4
s20/k40g8r1g57y5g9w5g57r1g8k40b7k4g4k2w4k2g4k4b7~x2	4
s20/k40g8r1g57y5g9w5g57r1g8k40o7k4g4k2w4k2g4k4o7~x2	4
s20/k40n3k5n2k2n2k2n6k4w2k4~x2	4
s20/k4db2w1k16w1db3w16db2w6r2w6db2w16db3w1k16w1db2k4r2~x2	4
s20/k4dg2k7t2k4dg17t2dg17k4t2k7dg2k4t4dg2t16dg2t16dg2t4~x2	4
s20/k4r2k8g3k8g36k8g3r4lb2r3lo2r4g3k8g36k8g3k8r2~x2	4
s20/k64db64r4db12r4db64k64lo7w7g7k64db64r4db12r4db64k64g7w7lo7	4
s20/k6g20t2dr5t2k20lo3db20g26dr3db5~x2~g2203152	4
s20/k7t20lb2r6lb2k20y3g20t27r3g6~x2	4
s20/k88db45k6db6y6db6k6db45k88lo6r12~db1406275	4
s20/k8db10k2db2k2db10k8g11k2g11k8w2db2w14db1w3db1w14db2w2~x2	4
s20/k8t10k2t2k2t10k8g11k2g11k8w2t2w14t1w3t1w14t2w2~x2	4
s20/k8w2g11lb2k2lb2g11db6k7db6g8~x2	4
s20/lb1r12ri4g72ri8g4ri8db18r12ri4r12g18ri18g18ri8db4ri72r6ri4lb1~x2~r1707016-ri2008029	4
s20/lb1r12ri4g72ri8g4ri8db18r12ri4r12g18ri18g18ri8db4ri72r6ri4lb1~x2~r1707016-ri2209032	4
s20/lb2dr12r4g72r8g4r8db18dr12r4dr12g18r18g18r8db4r72dr6r4lb1~x2~r1908029	4
s20/lb32db12k2y2k2db2lb8dr63k2r2dr9~x2	4
s20/lb3k18lb5k5dgi6g1k6dg3dgi6dg50dgi6dg3k6g1dgi6k5lb5k18lb3g1~x2~dgi1806142-g2408144	4
s20/lb3k3dy1k1dy1k1dy1k1dy3lb2k1y1k1dy1k2db2w7k1w2dy1~x2	4
s20/lb3k3o1k1o1k1o1k1o3lb2k1y1k1o1k2db2w7k1w2o1~x2	4
s20/lb4r3ly2r9lb3g24lb3r9k3r3w2~x2	4
s20/lb5k1lb1k1lb5db18k1dbi4k1db9k1dbi4k1db18lb5k1lb1k1lb5db4~x2~db1204274-dbi1406275	4
s20/lb9dp10dg4dp3dg2dp7dg4dp20k2dp20dg4dp7dg2dp3dg4dp10lb9r1lb2lo1~x2	4
s20/n11k16n4k4w4k4w19k14w4k14w4k14w19k4w4k4n4k16n11k8	4
s20/n43db2n3dt11n2db2n1lb1n20w4n7~x2~db1404245-w3502055	4
s20/o10k1o7n4lb7n1lb7n1lb7n4o6k1o6n4lb7n1lb2n1lb7n7~x4	4
s20/o29lo2o2lo4o2lo20y1lo2y10w3y10lo2y1lo20o2lo4o2lo2o29k3~x2~lo2905070-w3600000	4
s20/o40k10n2k2lr2k3dr8o6k2o8lr2~x2	4
s20/p60lb2k2p2lo2p10lbi3lo12p10k2lb5p5lbi2lb2lbi2p5lb4p4k4lbi8~lb3103284-lbi3200000	4
s20/r20g2r2g2r2g2r19db1y1r2db4r2y1db1r2g18r2db1y1r19~x2	4
s20/r21w5k1w5r21db6ly1db3ly1db3ly1db4r3g2k1g2k2g1db2g1~x2	4
s20/r21w5k1w5r21db6y1db3y1db3y1db4r3g2k1g2k2g1db2g1~x2	4
s20/r25lb2db25r2g2r25g2r2db25r4db25r2g2r25g2r2db25lb2r25g10~x2	4
s20/r26g3r3g3r3g3r26db1ly1r3db6r3ly1db1r3g26r3db1ly1r13~x4	4
s20/r2k26db10w1k2g9k1dg9k26db1k26dg9k1g9k2w1db10k25r2w2~x2	4
s20/r2k27db10w1g9r2dg9r1k26db1k26dg9k1g9k2w1db10k25r2w2~x2	4
s20/r3k2w1r8w1k2w9k1w3t1w3k1w9k2w1r8w1k2r3t1~x6~t2405244	4
s20/r3ly3db18dy15t16w3t16dy15t18ly3r3~x2~ly3307090-db1204274-dy1603076	4
s20/r4g6r2g6r3db4r1k4y1k1y1k3w3k3lb18r1k2r1lb6r3~x2	4
s20/r4g6r2g6r3db4r1k4y1k1y1k3w3k3w18r1k2r1w6r3~x2	4
s20/r4g6r2g6r3db4r2k4dy2k2dy2k3w3k3lg18r2k2r2lg6r3~x2	4
s20/r4g6r2g6r3db4r2k4dy2k2dy2k3w3k3lg18r2k2r2lg6r3~x2~db1406275	4
s20/r4lb5r2lb7r4db5r3k5dy2k3dy2k4w4k4g18r1k2r1g4r3~x2	4
s20/r4lb5r2lb7ri3r4ri3k4lo2k2lo2k4w4k4r18ri1k2ri1r4ri3~x2~r2109032-ri2308029	4
s20/r55dp1dy1r3dp7r3dy1dp1r3g16r3dp1dy1k3w1g5r3k2dp2w1~x2	4
s20/r55dp1y1r3dp7r3y1dp1r3g16r3dp1y1k3w1g5r3k2dp2w1~x2	4
s20/r5n1r2dg4r3dg2r2n5r5dg1r1dg2r1dg1r1dg4r1dg1r1dg2~x2	4
s20/r5n1r2g4r3g2r2n5r5g1r1g2r1g1r1g4r1g1r1g2~x2	4
s20/r5y1r8w1db20w1b20w1g20y1r5y1r5y1g20y2r52w1y5w1~x2	4
s20/r5y1r8w1db20w1lb20w1g20y1r5y1r5y1g20y2r52w1y5w1~x2	4
s20/r60y2w5k2y2k2w5y2k2g12k2w2r5dp5g2dp5r5w2k2g6	4
s20/r6w3r8t7k4ly2k2lb4w8k5w8lb4k2ly2k4t7r8w3r6k4~x3~t2405244-ly3307090-lb3203246	4
s20/r8g16k1r4k1g16lb14r2k14y2k4y2k1w8lb52k1r4k1lb16r8~x2	4
s20/r8g2r2g6r1g6r2g2r8y1r8g2r2g6r1g6r2g2r8w1~x4	4
s20/r8lb10r4lb14r8db10r5k9y4k4y4k7w8k8g36r2k4r2g8r6	4
s20/ri5t6ri2t9ri4r6ri4k5ly2k2ly2k5w5k5r23ri1k2ri1r5ri4~x2~ri2806019-r2109032	4
s20/t14db4g2db2dg3db2t17db31t1db1w2~x2~db1204274-g2203152-dg1806142-w4000000	4
s20/t45k10n2k2lo2k2n10t4k1t5lo1~x2	4
s20/w1dp2r1g22r3g1r3db9dp2r1dp2g8r8g8r1db1r22dp2r2w1~x2	4
s20/w1dp3r1g23r3g1r3db6dp4r1dp4g6r6g6r2db1r24dp1r1w1~x2	4
s20/w1dr2y2dr20db1dr1k6dr6k6y2dr1y2db6dr3k1dr3k20dr1y2w1~x2	4
s20/w1r7k7r1k7w1r7w1k7r1k7w1y2w1k8r1k8r7w1ly1~x4~y2405105-ly3307090	4
s20/w24k12db3k2db2k2db12r1db1r3db1r1db12k2db2k2db3k12w24g2~x4	4
s20/w28k2w2k2w2g12r8k1r1w1r1k1r8g12w2k2w2k2w28r3~x2	4
s20/w2k2w3g4r2k2y2k3b2r32b2k3y2k2r2g4w3k2w2r1~x2	4
s20/w2r2lp2r22db2r2g8r8g8lp2r2lp2db9r3g1r3g22r2lp2w2~x2	4
s20/w36g6dr2g3w2g3dy6p4g2p2w2~x2	4
s20/w5k1db2k5y2r2y2k30g3w7k4w7g2k30y2r2y2k5db2k1~x2	4
s20/w6k6w2k1w1k1w2k6w6k1w2~x4	4
s20/y10k2w3k6dy4k2lb8k2dy4k6lb3lg49ly4k42dy42y6dy6y6dy6y8~lb3203246-lg2702249	4
s20/y5g2y2g15k9db2k2db2k2db9g5db9k2db2k2db2k9g15k2w4~x2	4
s20/y6lb5g4lb5lo2r5g2r14g10lo30lb1g2r4g2r1lo30r10lb14g2lb5~x2	4
s20/y8w8k2w6y8k28r2k12y18k12w6k51w2k12y8w8k2w6y8db2	4
s20/y8w8k2w6y8k28r2k12y18k12w6k51w2k12y8w8k2w6y8db2~r2109032	4
s21/b124k4dr5k4dr20k4dr5k4dg12k4b22k4dg12k4dr5k4dr20k4dr5k4b124~x2	4
s21/db18k2db4k20g10dr2g10k1lb3k1g10dr2g10k20dr1db14dr3db2dr2db4lb1~x2	4
s21/db22k2db4k2db4k8w2k2w2k10r5y2r5k10w2k2w2k8db18k2db4~x2	4
s21/db2r1db1r2db4r2db1r1db2r1db1r24db12r2g2r8g12r4db2r2db1	4
s21/db2r1db1r2db4r2db1r1k2r1db1r24db12r2g2r8g12r4db2r2k1	4
s21/db2r1db1r2db4r2db1r1k2r1db1r24db12r2g2r8g12r4db2r2k1~x2	4
s21/db2r1db1r2db4r2db1r1k2r1db1r24db12r2k2r8k12r4db2r2k1~x4	4
s21/db4g2db1g2db1g22db6g2r2g2r2g2r4g2r2g2r2db6g4r2g4~x4	4
s21/db4r1db1r2db10r2db1r1k1r1db1r12db6r4g4r12g10r6db4r2k2~x4	4
s21/db4r1db1r2db11r2db1r1y1r1db1r16db8r4g4r16g11r8db4r2y2~x2	4
s21/db4r1db1r4db12r4db1r1g4r1db1r26db26r4g4r26g21r13db6r5g1~x2	4
s21/db4r2db2r3db12r3db2r2k5r2db2r22db26r6g6r22g23r14db8r7k3~x2	4
s21/db6k1db1dg1db1dg1db1dg5k1dg1k1dg1k1dg1k1dg6r5db2r2g1r5~x4~dg1806142-g2408144	4
s21/db6ly1db1dg1db1dg1db1dg5k1dg1k1dg1k1dg1k1dg6r5db2r2g1r5~x4~dg1806142-g2408144	4
s21/db6y1db1g1db1g1db1g5k1g1k1g1k1g1k1g6r5db2r2dbi1r5~x4~db0805267-dbi1604274	4
s21/db7r2db2r5db24r6db2r2k8r2db2r50db50r10dg10r50dg50r30db22r24k3	4
s21/dbi22db2dbi4db2dbi4db8w2db2w2db10r5y2r5db10w2db2w2db8dbi18db2dbi4~x2~dbi1406275-db1404245	4
s21/dg4dr4dg4dr6dg15dr11dg2dr2dg16dr21dg2dr2dg4dr2dg2dr3dg5dr3dg2dr2dg4~x2	4
s21/dg8r4dg1r1dg1r24db8dg4r1dg1r1dg4r8dg1r1dg1r1db8dg8r2dg4~x2	4
s21/dp128db20k3dg6k1dg4g8k2b5k2g70w6g12r24g5r5g8db4g12k2y7	4
s21/dp128db20k3dg6k1dg4g8k2lb5k2g70w6g12r24g5r5g8db4g12k2y7	4
s21/dp3ly1k4dp1k4dp1k41dp1k4dp1k4dr15ly1dr3ly2dr3ly3dr1ly6k1w2~x2	4
s21/dp60y2w2k2dp2ly2dp8w8ly12dp10k2y5dp5w2y2w2dp5y5dp5k5w12~y2602166-ly3307090	4
s21/dr3ly1k4dr1k4dr1k41dr1k4dr1k4o15ly1o3ly2o3ly3o1ly6k1w2~x2	4
s21/dr4dg4dr1k7dr1k1y1dr1k7dr1dg4dr4y1dp4dr1dg7ly1dg7dr1dp4y1~x4	4
s21/dr4k4n4y2n2w2n2y2n2w2k4g3k2g24w2k2n3k3w2dr4k2~x2	4
s21/g20k1g1k6w1k6dp1k1dp4r3dp14r3dp4k1dp1k6w1k6g1k1g8~x2	4
s21/g24k3g3k3g3k18dt2lb2dt2lb2dt13w3dt13lb2dt2lb2dt2k18g19k4g4~x2	4
s21/g24k3g3k3g3k18dt2t2dt2t2dt13w3dt13t2dt2t2dt2k18g19k4g4~x2~t2405244	4
s21/g2r2g12k4db11dy2db11k4db2k9db2k9db2k4db11r2db11k4g12r2g2~x2	4
s21/g2r2g12k4db11r2db11k4db2k9db2k9db2k4db11y2db11k4g12r2g2~x2	4
s21/g4db4r4db2g12db2g12db2r4g4w1ri4dbi2r4db4dbi4db4r4db2dbi12db2~x2~db1404245-r1706009-ri2406019-dbi1406275	4
s21/g4dr4g2dr2g2dr18db4g4dr2g2dr2g3dr4g2dr2g2dr2db4g4dr2g4~x2	4
s21/g7dr2g2dr2g2dr27db9g2dr2g2dr2g2dr6g2dr2g2dr2db10g6dr2db5~x2	4
s21/g8db4g1db1g1db24k8g4db1g1db1g4db8g1db1g1db1k8g8db2g4~x2	4
s21/g8r4g1r1g1r14db8g4r1g1r1g4r8g1r1g1r1db8g8r2g4~x4	4
s21/g8r4g1r1g1r24db8g4r1g1r1g4r8g1r1g1r1db8g8r2g4	4
s21/g8r4g1r1g1r24db8g4r1g1r1g4r8g1r1g1r1db8g8r2g4~x2	4
s21/g8r4g1r1g1r24dp8g4r1g1r1g4r8g1r1g1r1dp8g8r2g4~x2	4
s21/g8t4g1t1g1t24k8g4t1g1t1g4t8g1t1g1t1k8g8t2g2~x4	4
s21/g8t4g1t1g1t24w8g4t1g1t1g4t8g1t1g1t1w8g8t2g2~x4	4
s21/g9db2dg3db2dg5db2dg3lo3dg6lo3dg3db2dg5db2dg3db2g16dr3db2dr3g7~x2	4
s21/k14lb4k4lb4k4lb4r14lb38y8lb3w3lb3g8lb38r14lb4k4lb4k4lb4k14	4
s21/k15db15r1db15k15y1g15k1db1k1g15y1k15db15w1db15k15y1g15db1k1~x2	4
s21/k1dp4w13dp1k5b4w1b4k5w1k3r5n3w1n3r5k13r1w20n3r1~x2	4
s21/k1o4w13o1k5dp4w1dp4k5w1k3r5n3w1n3r5k13r1w20n3r1~x2	4
s21/k2r1k6g2k6g24k4g2dr3y1dr2lr1dr3g2k4g24k6g2k6r1k2~x2	4
s21/k2ri1k6g2k6g24k4g2r3y1r2b1r3g2k4g24k6g2k6ri1k2~x2~ri2008029-r1506028	4
s21/k3r2k1r6k24r6k1r1k3r2k1r32k24r6k6r32k24r16k6r4k2~x2	4
s21/k4r2k10dg3k10dg30k8dg3r4y2r4lb2r4dg3k8dg30k10dg3k10r2k4~x2	4
s21/k4r3k3r4k22r4k3r3dg4r3k3r44k30r10dg10r40dg30r27k10r14dg3~x2	4
s21/k4r5dp6r8g12r13g2r2dp12r20dp2r2dp4r2dp2r3dp6r3dp2r2dp4~x2	4
s21/k4r6t4r44g20k4w6k4ly2k8t14k8ly2k4w6k4g20r44t4r6k1~x2	4
s21/k80ki1k5ki2k4ki4k2ki5k1ki46k3ki4g1k1ki4g1k1ki4k6dr2k14~x2~ki0803152	4
s21/k8n2k8n2k8n2k8n2k8n46db8k11w2k2n2k2db8n8k2n2w2~x2	4
s21/lb2do2lb2do2lb2db4lb2do1lb1do1lb1do1lb1do1lb1do1lb1do1lb1do1lb1~x4	4
s21/lo7db3lo2db2lo2db30k9lb2db2lo2db2lo3db5lo2db2lo2db2k9lo5db3lo4~x2	4
s21/ly2db8r3db16r1k16g16r3g1r1g8r1g1r3g16k16r1db16r3db8ly1~x4	4
s21/ly3k2db2dg24db1k4db2k6dg6ly2dg10ly2dg6k6db2k4db1k24dg2db4ly1~x4	4
s21/n14o1n1o1n1o9k6r1n5w1n5r1k6o9r1n5r2n2r1n2w1~x2~n1900000-o2500000	4
s21/n36lr3g3lr3r20n3lb24g32lo3r3n3lb6n6r3lo3lr3g6lr3lo3lb3r6	4
s21/oi16r2oi2r2oi2k16dg2b2dg2b2dg10r2o10b2o2b2o2k16oi15r2oi2~x2~oi2600000-b2409265	4
s21/r10db6r3db3r3db28k22g28r2k2ly4k2r2g28k22db28r3db3r3db6r5~x2	4
s21/r16lr1db7lr1r6lr1db34lr1r26g1dg16g1r4g1dg7g1r4lr1db7lr1r16~x2~g2408144-dg1806142	4
s21/r16w1db6w1r6w1db32w1r24b1g16b1r4b1g6b1r4w1db6w1r16~x2	4
s21/r16w1db6w1r6w1db32w1r24g1dg16g1r4g1dg6g1r4w1db6w1r16~x2~g2408144-dg1806142	4
s21/r3db21r3dg7r7db8r3dg21r3db3r3dg21r3db8r6dg7r3db21r3db3lb1~x2	4
s21/r3db21r3g7r7db8r3g21r3db3r3g21r3db8r6g7r3db21r3db3lb1~x2	4
s21/r3g6k1r2k1g6db4r1k4y1k1y1k3w3k3lb18k1r2k1lb6r3~x2	4
s21/r3g6k1r2k1g6db5r1k3y1k1y1k3w3k3w18k1r2k1w6r3	4
s21/r4db37g4db4g7db5ly2db4g2db3g8db3g2db4ly2db5g6db4g4db37r2~db1204274	4
s21/r4g4r1k7r1k1lb1r1k7r1g4r4lb1db4r1g7y1g7r1db4lb1~x4	4
s21/r4g7k1r2k1g7dp5r2k5y2k2y2k3w3dp3db16k1r2k1db6r4~x2	4
s21/r4k4lo4y2lo2w2lo2y2lo2w2k4db3k2db24w2k2lo3k3w2r4k2~x2	4
s21/r4k4n4y2n2w2n2y2n2w2k4g3k2g24w2k2n3k3w2r4k2~x2	4
s21/r4lb10k1r2k1lb32db4w5k4y2k2y2k8r2db8g9k1r2k1g8r4~x2	4
s21/r4lb2db5dg2db2dg2db2dg13db2dg2db2dg2db5lo2db3w2dg6r5lb3db4w2~x2	4
s21/r4t2db5g2db2g2db2g13db2g2db2g2db5y2db3w2g6r5t3db4w2~x2	4
s21/r6g6r2k24r2k2db2r2k24r2db6k6r2g27r2k2r2g27r2k6db2~x2	4
s21/r8g3r1g1r1g22db8g3r1g1r1g3r6g1r1g1r2db6g5r3g4~x2	4
s21/ri1k19do4ri4r1do3ri2do3k37do2n2do2k37do3ri2do3r1ri4do4k19ri1~x2~ri1606028	4
s21/ri52w2g43y4w2k2w2y4k18lb8w2dp8w8dp8w2lb8ri10k3b2r2ri4~x2~ri2008029-r2008022	4
s21/ri52w2g43y4w2k2w2y4k18lb8w2dp8w8dp8w2lb8ri10k3r2rii2ri4~x2~ri2109032-r1807008-rii2806019	4
s21/ri52w2g43y4w2k2w2y4k18lb8w2dp8w8dp8w2lb8ri10k3rii2r2ri4~x2~ri2109032-rii2406019-r2108022	4
s21/t22db2t4db2t4db8w2db2w2db10r5y2r5db10w2db2w2db8t18db2t4~x2	4
s21/w16r2w2r2w2k16dg2lb2dg2lb2dg10r2o10lb2o2lb2o2k16w15r2w2~x2	4
s21/w1k2w1k2w1k2w1k1w1k1w1k1w1k1w1k1w1k1w1k1w1~x4	4
s21/w2db1w12db2w2k8db8k2db2k2db8k8g8y2g8k8w2db2w12db1w2~x2	4
s21/w2db1w14db2w1db7t7r1t7db7r1dy2r16dy2r2db7w1db2w14db1w2~x2	4
s21/w37dy1r4dg6r7w2r3w2r7dg6ri4dy1w64dy1r4g6r7w2r3w2r7~x2~r2208029-ri2209032	4
s21/w37o1b4dg6b7w2b3w2b7dg6r4o1w64o1b4g6b7w2b3w2b7~x2	4
s21/w4db4w60db5w5k30db27k5db30k27g4lb5g66lb5g4k30w5db5w57db4w4	4
s21/w5r5dg2r3dg2r3dg2r23dg23r5dg15r5dg23r23dg2r3dg2r3dg2r5ly5~x2	4
s21/w6k20db2k2db29k2db2k3dr2k2dr4k2dr2k3g2k2g29k2g2k20w6~x2	4
s21/w6k4w3k3w2k18n1y5n1k3y2n1k3y2n1k32n2w6k3w6k3~x2	4
s21/y8db4y1db1y1db24k8y4db1y1db1y4db8y1db1y1db1k8y8db2y2~x4	4
s21/yi50do6o3do3y3do3dt10yi8do3yi6y3yi6do3yi8dt10do3y3do3o3do6yi4~x2~yi2004072-do1103038	4
s22/b14dg2b2dg14k2dg14k2dg2k9r2k8ly2k9dg2k2dg14k2dg14b2dg2b14w2~x2	4
s22/db10r1db1r1g10r13g2r13g10db10r1db1~x2	4
s22/db11ti3db4lr3db3ly4db3dbi13t34dg3t4db3~x2~db1204274-ti2503227-dbi1406275-t2405244	4
s22/db12k2db3k2db3k16g8dr2g8k2w2g8dr2g8k16dr2db8dr3db2dr2db3w2~x2	4
s22/db14g2db2g14k2g14k2g2k9r2k8y2k9g2k2g14k2g14db2g2db14w2~x2	4
s22/db16k16g2db2g2db2g16db2g2db2g2db16ly8k2db2k2ly8k16db16k2r5k2~x2	4
s22/db16k16g2k2g2k2g16k2g2k2g2k16y8k2db2k2y8k16db16k2r5k2~x2	4
s22/db22w2db3dg3db3dg3db3dg21k3dg3k3dg3k3dg3k3dg21k15dg3db3k6w2k15~x2	4
s22/db24k3db2k3db24lb20k3lb2k3lb20db4lb20k3lb2k3lb20db24k3db2k3db24r4~db0705267	4
s22/db30w2lb3g3lb3g3lb3g16r3g3r3g3r3g3r3g25r15g4lb4r8w2r15~x2	4
s22/db3r2g4r7k2y2k2y2k5db4r21db4k5y2k2y2k2r7g4r2db3y2~x4	4
s22/db41r2k42w2g41r3y2r3g3r31k3y2r3k5r3y2k3r31db3r3y2r3~x2	4
s22/db4g10k2db2w14k2g2k2g2k2g2k2g2k2db25w8g4k4db3k1db3k1~x2	4
s22/db4k3g17k17db15k3r4k3db15k17w3db4w25db3w6db3w25db4w3k17g17k3~x2	4
s22/db4w16g4lb2g4w48db1w2db1w2db8w2db1w2db1w48g4lb2g4w16db4r2~x2~r2109013	4
s22/db4y1db30k15dp4db2k2db2k10db4dp2db2~x2	4
s22/db5w1db5w1db5w1db5w1db5w1lo5b1y5b1lo5y1k36w1b3w1k72w1~x2~db1404245-b1511266	4
s22/db6r2db7r2db7r2k7dg8r2dg3r2dg5w2dg5r2dg3r2dg8k9w15k9r2~x2	4
s22/db6r2db7r2db7r2k7g8r2g3r2g5w2g5r2g3r2g8k9w15k9r2~x2	4
s22/db6w2k2r6dy2g12r6t3k3t3r28dy4~x2~r2109032-t2503227	4
s22/db8w8db4dp4db36dp4db4n26db2n26g2db5	4
s22/db9g4db9k3db3k8g27r4g27k8g5k13g4k13g5k8g27y4g27k8db3k3	4
s22/db9lb1db1r3db14r1k12dg15dp3dg21r1dg8~x2~db1406275-dg1806142-dp1607327	4
s22/dbi10w2db3y2db2w2db2n14r22dbi2r6db2~x2~dbi1406275-db1204274	4
s22/dg10dbi1ly1dbi1dg2dbi5db2dg2db2dg2dgi5dg2db2dg2db2dbi5dg2dbi1ly1dbi1dg10db3~x4~dbi1404245-db1204274-dgi1605139	4
s22/dg10dgi4dg10w2dg10dgi2dg2dgi20w4dgi4w4dgi4r4dgi20dg2dgi2dg10w2dg10dgi4dg5b4~x2~dg1104144-dgi1704158	4
s22/dg2g1dg2g1dg24r2dg10y1dg10w2dg10w2dg10y1dg10r2dg24g1dg2g1dg2g2~x2	4
s22/dg3db3dg11n8r8db4dg3r3ri3r15ri3r15ri3r3dg3db4r8n8dg11db3dg3dp3~x2~r1807008-ri2108022	4
s22/dg8k1lb2k1y2k1lb2k1r8w1lb1w1r8k1lb2k1y2k1lb2k1dg8lb1~x4	4
s22/do12r1do2r1do2lb2do3o9r1o2r1o3~x4~o2500000	4
s22/do22w2k3w1k1w1k1w7o5k1o2w1~x4	4
s22/dp30w2lb3dg3lb3dg3lb3dg16r3dg3r3dg3r3dg3r3dg25r15dg4lb4r8w2r15~x2	4
s22/dp42db3g1db2dpi1db2dp2k20db1dpi2db3g1db2dpi1db2dp2g3db1g2ly1g2k2~x2~dp1105325-db1204274-g1903114-dpi1607327	4
s22/dp42dbi3g1dbi2r1dbi2dp2db20dbi1r2dbi3g1dbi2r1dbi2dp2g3dbi1g2ly1g2db2~x2~dbi1404245-db1204274	4
s22/dp5w1k1t14k1r12k1t14k1r5k1y3~x2	4
s22/dp5y2lr36db3dbi3y2dp4lr3t2dbi3db3dbi3~x2~lr2800000-db1204274-dbi1406275-t2503227	4
s22/dr16ly6dr16ly6dr16db8dr6db4dr16db2ly1db2dr16db4dr6db8dr16ly6dr16ly6dr16db4~x2	4
s22/dr4g2y2g24k2g3k3g3k10dp10w2dp4~x2	4
s22/dr4y2db7n3k23db7n3k13n3db7k15db7n3k13n3db7k23n3db7y2dr4y2~x2	4
s22/dr8db10dr30k8ly5k5ly5k36dr11db4k6db4dr11k36ly5k5ly5k8dr30db10dr8db4~db1406275	4
s22/dt36r3dt1r2dt3r6db1r2db35w1db1ly2~x2	4
s22/dy3g2w2r2dy12k12g12r2g2t2g2y2~x2~w4000000-t2503227	4
s22/dy63k4lb9y2db4y2db4dy11r8lb2r4w5~x2	4
s22/dy6lb12k2r3k2lb40k6w6k6y3k3y3k12r3db12r3dy14k2r3k2dy14r5	4
s22/g10dg4g10w2g10dg2g2dg20w4dg4w4dg4r4dg20g2dg2g10w2g10dg4g5lb4~x2	4
s22/g10dg4g10w2g10dg2g2dg20w4dg4w4dg4r4dg20g2dg2g10w2g10dg4g5lb4~x2~g2408144	4
s22/g10dg4g10w2g10dg2g2dg20w4dg4w4dg4r4dg20g2dg2g10w2g10dg4g5lb4~x2~g2408144-dg1603171	4
s22/g10r3db12lb1r10g12r3db20r3db3lb1r3db20r3g12r12lb1db12r3g20r3db3~x2	4
s22/g12k12db15k2db15k12g5r2g5k1ly3k1g5r2g5k12db15k2db15k12g12r2~x2~ly3307090	4
s22/g14k2r2k2r2k2r2k2r2k2y25g8r4k4y3k1y3k1y4r10k2y2~x2	4
s22/g2ly1dy2ly1g2ly1dy2ly32do2ly12dy2ly2~x2~ly2705081-dy1603076	4
s22/g34r3db12lb1r8g12r3db20r3db3lb1r3db20r3g12r8lb1db12r3g22r3db3~x2	4
s22/g3lo19w2db3w3db6w2db3w2y4db14y4w2db3w2db6w3db3w2lo19g3k2~x2~w4000000	4
s22/g42t3k8y2k2w3k2g12r5k2r2w2~x2	4
s22/g46k3db6y2db3y2db3g7r6db2r3w4~x2	4
s22/g64k4db9dy2db4dy2db4g11r8db2r4w3~x2~w4000000	4
s22/g6lyi6g1k15g2k2ly2g2ly2k2ly2g2ly2k2ly2g2ly2k2g2dg15g1k2~x2~lyi2705081-ly2503076	4
s22/g6lyi6g1k15g2k2ly2g2ly2k2ly2g2ly2k2ly2g2ly2k2g2w15g1k2~x2~lyi2705081-ly2503076	4
s22/g6w2g24k12db3k2db2k2db12r1db1r3~x2~w4000000-db1406275	4
s22/g6y6g1k15g2k2ly2g2ly2k2ly2g2ly2k2ly2g2ly2k2g2dg15g1k2~x2	4
s22/g6y6g1k15g2k2ly2g2ly2k2ly2g2ly2k2ly2g2ly2k2g2w15g1k2~x2	4
s22/g8db16k5y2dp1y2k5db7r2db7g16db7r2db7k5y2dp1y2k5db16g8w1~x2	4
s22/k10g4w1g4k1g4r1g4k5db5k1db5~x4	4
s22/k15lr2g14dr2g14lr2k15lr3db3lr19db2dr2db2lr18db3lr3k15db10k2db2k2db10~x2	4
s22/k15w3db3w18db2r2db2w19db3w3k15w2g13r2g14w2k15db10k2db2k2db10	4
s22/k16g50k2ly16k2dg4k2ly16k2lo50k16r16k2ly4k2r16k16t1k2r4k2t16~x2~g1903114-dg1806142	4
s22/k2r2k20r2g11r11lb2t11r2g19ly5g19r2t11lb2r11g11r2k20r2k2lb2~x2~r1506019-g2203152-lb3103284-t2503227-ly3307090	4
s22/k31w2k4w1k1w1k1w1k1w1k3w3~x4	4
s22/k34w2k2n27g1n2k3n2y1n2r2n2y1n2k3n2g1n27k2w2k34lo2~x2	4
s22/k3dg30k3db36k3lb26k2lb8k2lb26k4lb26k2lb4k2lb26k3db36k3dg30k3w2	4
s22/k40db4lb4db4k28db7k8db7k8db10r4db10k8db7k8db7k28db4lb4db4k40g12	4
s22/k8dg25k1ly8k1g2k1ly8k1lo25k8r8k1ly2k1r8k8db8k1r2k1db8~x2	4
s22/k8r2k3lyi2k2w3k2ly12y22r2y2k1~x2~lyi3307090-y2203076	4
s22/k96db8k12dp3k3dp3k3g20r8k3r4w4~db1406275-dp1607327	4
s22/k9r3k3lb11k3g11k3g3k3g11k3lb11k3r3k9r3k3g11k3lb11k3lb3~x2	4
s22/lb14db14lb14w2o3w2db14lb14db6y2db6lb14~x2	4
s22/lb2do2lb2do2lb2db4lb1do1lb1do1lb1do1lb1do1lb1do1lb1do1lb1do1lb1do1~x4	4
s22/lb3dg12dy3lp3dy3lp4dg12n3dg3n3dg28w3dg3n3dg12lp4dy3lp3dy3dg12dy4dg2~x2	4
s22/lb4r1db20k6lb5k4lb4k4lb3k2r1db2~x2~db1406275	4
s22/lr12g3lr3dg4lr16g3lr3g3lr3g16dg52lr4~g1903114	4
s22/ly3g30r7g2r1g8r1g2r7g16k18lb8r14g8r1g1r7g1r1g8r27ly3~x2	4
s22/o2g1w4dg1w4dg3w1g3dg2w2g2w2dg1w2g3w1o1g6w1g32o1g2~x4	4
s22/o3k2o4n15k2ly2k2ly2k2o6k45o6k2ly2k2ly2k2n15o4k2o3n2~x2~o2500000-n1900000-ly2503076	4
s22/o6lb12k2r3k2lb40k6w6k6y3k3y3k12r3db12r3o14k2r3k2o14r5	4
s22/r12n2r8db8n4w2y2w2n2w4n2w2lb2w2n3db12r68n2r2n2r3w4	4
s22/r13g2r13dy2r4dy2r4dy2r42dy2r4dy2r4dy2r13g2r13g8r2g36r2g2~x2	4
s22/r14lb4dt6y1dt2w2dt2lg12r6dt2r2w1~x4~lg3003114	4
s22/r14lb4r14g32dp18w4dp4ly4dp18lb16r64lb16dp18ly4dp4w4dp18g32r14lb4r14w3~r2109032-w4000000-ly3307090	4
s22/r16lb10k14w2k4w3k4g26r11k4r4w2~x2	4
s22/r18t13k16lo3k3lb5k3dg32k2r15t5r15~x2~t2503227-lb3200000	4
s22/r24k4ly1k2w1db4dg6r3k1r2w1r2k1r3dg6db4w1k2ly1k4r24k3~x4~dg1605139	4
s22/r24k4r4k4r4k24lb7k24r4k4r4k4r24y4r6db12r6k4g20k4r6w4	4
s22/r26k2r6k2r6k20lr2db44lr2k6dg64k3	4
s22/r2dy1k2r13k2r2k2r2k12r2dy1g2~x2	4
s22/r32lb10k16y2k3w3k3g23r13k3r3w2~x2	4
s22/r3db20r3g12r8lb1db12r3g22r3db3g33r3db12lb1r8g12r3db20r3db3lb1~x2	4
s22/r3dy2r5dg8dy2ri2dy2ly2dy8b3k39b3dy8ly2dy2ri2dy2dg8r5dy2r3ri2~x2~r1606028-ri2109032	4
s22/r3g6k1r2k1g6r2db5r2k2y2k2y2k3w3k3b14k1r2k1b6r3~x2	4
s22/r3g6k1r2k1g6r2db5r2k2y2k2y2k3w3k3lb14k1r2k1lb6r3~x2	4
s22/r4db2g7db15g3db3g3db7g28k7g6k2~x2	4
s22/r4k2r11k14r2w2k2r2k10w4k50w4k10r2k2w2r2k14r11k2r4w2~x2	4
s22/r52y13k16ly2k3w4k3dg23r15dg7ly3dg7r15dg23k3w4k3ly2k16y13r52dg9~x2~dg1605139	4
s22/r88w2lb8w2k2y2o3w4o3y2r6k2w2g32k2y2w2y2k4r6w2k3~x2	4
s22/r8lb16k2r4k2lb51k8w8k6y4k4y4k12r4k12r4g16k2r4k2r16g8	4
s22/r8y7k8lo2k1lb3k1dg19k1r8y3r8~x2	4
s22/r9db3dg12r2db40r2dg20db2r18db2w2db2r18db2dg20r2db40r2dg12db3r9y2~x2	4
s22/ri6g12ri2db1ri36r4ri36db1ri2g12ri12g12r6ri2r6db12ri4g2ri4g36ri2r2~x4~ri2109032-r1707016	4
s22/w21dy1w1dy1w1dy1w1dy1w1dy1w1dy1w1dy1w1dy1w1dy1w1dy1o20k2~x2	4
s22/w2k1w1r1ly1k3w18k2w2k1w1ly2lb8w4k48w3k2w2k1w1ly1r1~x2	4
s22/w2k1w1r1y1k3w18k2w2k1w1y2db8w4k48w3k2w2k1w1y1r1~x2	4
s22/w2r2ri2r16k2r2w6r7dg6ri2r2ri2k6r3w2r3w2r3w16r2ri2w2~x2~r2109032-ri2806019	4
s22/w2r2w2r2db2w1db1w1db1w1db2dbi4w1dbi4db35dg2k1dg2r2dg1r2w1~x2~db1404245-dbi1406275	4
s22/w2r2w2r2db2w1db1w1db1w1db2t4w1t4db35g2k1g2r2g1r2w1~x2~db1404245-t2308259	4
s22/w32dy6g10lo2g4lo2g4dg12dr8g2dr4w5~x2~g2203152-dg1806142	4
s22/w42g3db1g2dp1g2w2lb20g1dp2g3db1g2dp1g2w2db3g1db2k1db2lb2~x2	4
s22/w5lb1dp1w10lb2w1dp4w10g8lb2w1dp3~x2~dp1607327	4
s22/w63k4lb9y2lb4y2lb4dy11r8lb2r4w5~x2	4
s22/w6g2w28k13t6k4t4k4t16r2t2r4~x2	4
s22/w6lb1w1lb2r2dg2k2w1t2db16w1db16t2w1k2dg2r2lb2w1lb1w6t1~x4	4
s22/y14o2r2o2r2o2r2o2r2o2g25y8r4o4g3o1g3o1g4r10o2g2~x2	4
s22/y2w15dp10k23y2k23dp10k15y2w2y2k15dp10k23y2k2w2k23dp10w15y2w2~x2	4
s22/y5g19dr2t11lb2dr11g11dr2gi20dr2gi2lb2~x2~g1903114-t2503227-lb3103284-gi2203152	4
s22/y5g49r12g4r2g12r2g4r12g24k29b15r24g12r4g2r12g2r4g12r99w5~x2	4
s22/y5g49r12g4r2g12r2g4r12g24k29lb15r24g12r4g2r12g2r4g12r99w5~x2	4
s23/b126r3y16b20y4b4y4b4y4b4y4b4y4b4y4b4y4b4y4b4y4do130b10	4
s23/db10r1db1r1g10r13g2r13g10db10r1db1r1db10g10r13g2r13g10r1db1r1db5~x4	4
s23/db15k1db1k1db1k12g9r1g9k1w1k1g9r1g9k12r1db9r2db1r1db6w1~x2	4
s23/db16k16g2k2g2k2g16k2g2k2g2k16ly16k2db2r2k2ly16k16db16k2w3k2~x2	4
s23/db16k16g2k2g2k2g16k2g2k2g2k16y16k2db2r2k2y16k16db16k2w3k2~x2	4
s23/db24w1r3k4w1k1w1k1w1k1w1k1w1k1w1k1w1k1w1k1w1r27k2~x2	4
s23/db8k2r7k2db8k2r33w93y3r3y3w34r98y3r3y3r33k2db8k2r7k2db8~x2	4
s23/dg2db5k2db2k3dg15dr2dg15k3dg2k5dg2k5dg2k3dg15r2dg15k3db2k2db5dg2~x2	4
s23/dr6g5dr6dg1dr1dg9o3g3o3dr10dg1dr6g5dr6dg1dr1w1dr1w12g1w12dr1w1~x4	4
s23/g20r2g4r6g32k32r2db32r6db3r2db20r2db3r6db32r2k32g32r6g4r2g10~x2	4
s23/g2db4k1db1k3g12r2g12k3g2k6g2k6g2k3g12y2g12k4db1k1db3g2	4
s23/g4db9k3db3k8g27r4g27k8g5k13g4k13g5k8g27y4g27k8db3k3db9g4~x2	4
s23/g4db9k3db3k8g27r8g27k8g5k13g8k13g5k8g27y8g27k8db3k3db9g4	4
s23/g4ri2r2ri24w2ri3w3ri3g10r10t2r4t2r10g10ri3w3ri2w2ri24r2ri2g4~x2~ri2308036-r1506019	4
s23/k10n2k3r2w1r3w1r4w1o2w1o3w1o4w1n2w1n3w1n4w1k4w2~x4~n1900000-o2500000	4
s23/k10r3y3k6r48dg6r2y2r6dg40w2k38r2dp40r6y2r2dp6r48k6y2r3k10	4
s23/k12g12y3g12k9w5db6w19db2w6db2w19db6w5k9g12w3k12db10k2db2k2db10~x2	4
s23/k12r4ly4k8r66g8r1ly1r8g60w3k60r3dp60r8ly3r3dp8r66k8ly4r4k6~x2	4
s23/k1r1g8r1k6lb1r6g6r1k8r1lb1k1r1k8r1g6r6lb1k6r1g8r1~x4	4
s23/k1y1k2g1k1g10db8r10g2r10g2r30g2r10g2r10db8g10k1g1k2w1k1~x2	4
s23/k207db6k2db6k2db6k2db6k92dbi28k6w4dbi77db6k2dbi10k2dbi10k2dbi10k2r4dbi14~db0805267-dbi1604274	4
s23/k3dy2k6g3k3g21db18r1db2r1db2r3db2r1db2r1db18g21k3g3k6lr2k3~x2	4
s23/k3dy2k6g3k3g21db18r2db2r2db2r3db2r2db2r2db18g21k3g3k6lr2k3~x2	4
s23/k3r1y1k2r16db2r1y1r2db15r1k15w1g15r2y1r1g2r16k2y1r1k3	4
s23/k3r1y1k2r16db2r1y1r2db15r1k15w1g15r2y1r1g2r16k2y1r1k3~x2	4
s23/k3r1y1k2r16dp2r1y1r2db15r1k15w1g15r2y1r1g2r16k2y1r1k3~x2	4
s23/k3r1y1k2r16dp2r1y1r2dp15r1k15w1g15r2y1r1g2r16k2y1r1k3~x2	4
s23/k3r1y1k2r16dr2r1y1r2dr15r1k15w1g15r2y1r1g2r16k2y1r1k3	4
s23/k3r1y1k2r16dr2r1y1r2dr15r1k15w1g15r2y1r1g2r16k2y1r1k3~x2	4
s23/k5g2w2g3r3g4k3w3k3w3k3w3k3w3k3w3k3db4dy2k3w3k2g5~x2	4
s23/k5g2w2g3r3g4k3w3k3w3k3w3k3w3k3w3k3db4y2k3w3k2g5~x2	4
s23/k8n1k3n1k8dr9k6n4k6dr9k8n1k3n1k8n13dy1k13y5k3lo5k3lo5~x2	4
s23/n126r3y16n20y4n4y4n4y4n4y4n4y4n4y4n4y4n4y4n4y4do130n10	4
s23/r20w1r20k2r20g8y1k4db1k1db4r1db4k1db1k4g8y1r20k2r20w1r20~x2	4
s23/r32g8r4g8r8db8r12lb1r1g18r1lb1r32lb1r1g18r1lb1r12g6r1lb1r4~x2	4
s23/r32g8r4g8r8db8r12w1r1g18r1w1r32w1r1g18r1w1r12g6r1w1r4~x2	4
s23/r32w2db2dbi2lb2w2lb2dbi2db2w2k2g9k2w2ri3r3rii3g2rii3r3ri3w2g6~x2~db0804274-dbi1605267-ri1505012-rii1707033	4
s23/r34y3r6y4r4y6r4y8r26y8r4y6r4y4r6y3r34k8n3k6n4k10n10	4
s23/r50w1dr12lo4dr1lo4dr12w1r4dr1r4w1dr6r1dr6w1r4dr1r4w1dr12w1r50~x2	4
s23/r6g6r1k8r1k1db1r1k8r1g6r6db1k6r1g8r1k1r1g8r1k6db1~x2	4
s23/r6g6r2k24r2db2k2r2k24r2g6r6db2k6r2g27r2k2r2g27r2k6db2~x2	4
s23/r6n2r6w1lr4ly2w1ly2lr4w1r5w1lr3ly2w1ly2lr3w1r40lr5ly3n1w3~x2	4
s23/r7db6r3db4r3db11r18y3r18g10r7g15r7g15r18lb3r18db11r3db4r3db6r7~x2	4
s23/r86w2lb6w2k2r4ly2g4w2g4ly2r4k2w2g13k2ly2w2ly2k4r4w2k4~x2	4
s23/r88w2k4lb8w2k2y2dy3w4dy3y2r6k2w2g32k2y2w2y2k4r6w2k3~x2	4
s23/r88w2lb8w2k2r2y2dy3w4dy3y2r6k2w2g32k2y2w2y2k4r6w2k3~x2	4
s23/ri32w2db2dbi2lb2w2lb2dbi2db2w2k2g9k2w2dr3ri3r3g2r3ri3dr3w2g6~x2~ri2008029-db0805267-dbi1604274-r1506028	4
s23/ri5w3db2w1db4r1db1r3db1r1db4n4lb1n1lb1n4db4t25w1t2w2t2w3~x2~ri2109032-db1404245-r1706009	4
s23/ri5w3db2w1db4r1db1r3db1r1db4n4lb1n1lb1n4db4t25w1t2w2t2w3~x2~ri2109032-r1706009	4
s23/w2db1w12db2w2k8db8k2db2k2db8k8g8k1y2k1g8k8w2db2w12db1w2~x2	4
s23/w2db2w53db2w2k15g15k2w3k2g15k15db14k2r3k2db14k15w2db2w53db2w2~x2	4
s23/w2dp7w2lb6w2y4w2dp4w2y4w2g19w2dp7w2dp7w2r19w4r3lb2r3w2~x2	4
s23/w2r3k2r8g16k2w2k2ly1k10t6r32t6k10ly1k2w2k2g16r8k2r3w1~x4	4
s23/w3k9lb2k1lb2k1lb2k1lb2k1lb20lo2lb20k1lb2k1lb2k1lb2k1lb2k2b2~x2	4
s23/w4dbi4w50dbi5k25dbi23r3dbi10r3dbi23k25g27k4db4y4k4g27k26w5dbi5w50dbi4w4~dbi1406275-db1204274	4
s23/w4k4w4k2lb12dp2lb12r9lb2y6lb2db11lb2w6lb2g9lb12dp2lb12k2w4k4w4~x2	4
s23/w8dp7w2y6w2ly4w2dp4w2ly4w2dg19w2dp7w2dp7w2r19w4r3y2r3w2~x2~y2602166-ly3307090	4
s23/y18k15y2k2y2k15y15k15y3k15y18k2y3k2y3k15y3k2y3k2y18k15y2~x2	4
s23/y2r1k1g20w2g2w2g2w2g2w2g8lb8w2lb2w2lb2w2lb2w2lb20k1r1~x2	4
s24/b47dbi3b1dbi3b11dg4g4b5dbi2b1g4b1dbi2b5g4b4db8b1k2dbi4b1dbi4k2b23~x2~dbi1604274-dg1104144-g2508144-db0805267	4
s24/db100w3db8w3db8w3db8w3db8w3db16dr7n7dr7n7dr7n7dr7n7dr7n7dr7n7dr7	4
s24/db11k1db1k1db1k8dr8k1dr8k8db8k1db1~x2~db1406275	4
s24/db11k2dbi2w2r2k16g16k2g16k16db16dbi2w2r2db16k16g16k2g16dbi2w2r2k2db11~x2~db1404245-dbi1406275	4
s24/db12r2db2r2db2g10w12dy3w12g10db11r2db2~x2	4
s24/db18k2db2k2db2k6g18w2g18k6db18k1db4k1db18k6g18r2g18k6db2k2db2k2~x2	4
s24/db18ly4k5ly1k1w1k2g8r6k1r3w1r3k1r6g8k2w1k1ly1k5ly4db18lb2~x4	4
s24/db18r5db3r5db3k20dg18ly4dg18k20db20k6db6	4
s24/db2dg2r1dg5r1db6r2dg1y1dg1r1dg1r1dg1lb1dg1r2db6dg20r1dg1r1dg1db2~x2	4
s24/db2g2dr1g4dr1db6dr2g1ly1g1dr1g1dr1g1lb1g1dr2db6g26dr1g1dr1g1db1~x2	4
s24/db2w1db15k5g11k1r3k1g11k5db17w1db17k5g11k1r3k1g11k5db15w1db2y2~x2	4
s24/db30k4g3dpi2dp2dpi2dp10k2dp2k4dp2g3dp2k4dp2k2dp10dpi2dp2dpi2g3k4db30lb3~x2~dpi1607327-dp1406341	4
s24/db3dp12w6r6g46r14g6r14db14dp8w6r6w6dp8g12r16g12r6db6r86dp10w6r10db3	4
s24/db3k1dy31db3dy31k1db4k1y7k1y7k1db4k1dp31w3dp31k1db4k1y7k1y7k1~x2	4
s24/db4w2db2w1lb5b5g5w1g20w1db4lb4o3w1o3lb4db4w1b30db2lb2w1lb2db2~x2	4
s24/db4w2db2w1lb5lo5g5w1g20w1db4lb4dy3w1dy3lb4db4w1lo30db2lb2w1lb2db2~x2	4
s24/db5r3w2db1w2r3g9y2w1y2g9r1g1r27db1r1db1r27db1r1db9w1db1w4~x2	4
s24/db6dr3lb24db12lr6lb6dr2lb6lr6lb12db2dr2db6~x2	4
s24/db6g3lb6g7y2g36y2g7lb6g3db6g3dy6g3r6g7y2g36y2g7r6g3dy6g3~x2	4
s24/db6k5db10k10g13k3g13k10w4db4w18db2w3~x2	4
s24/db7n7db40y3db40n7db7n7db7n7db40r3db40n7db7n7db7n7db40lb3db40n7db7n7~x2	4
s24/db7n7db40y3db40n7db7n7db7n7db40r3db40n7db7n7db7n7db40t3db40n7db7n7~x2~t2405244	4
s24/db9dg2db9dt3db3dt8dg27w1db3w1dg27dt8dg5dt13dg4dt13dg5dt8dg27o4dg27dt8db3dt3~x2	4
s24/dbi15w2dbi9db10dbi2db10r8db2r8lo6r2lo19w3~x2~dbi1406275-db1204274	4
s24/dbi17db17k3db3k3db3k19db3k3db3k3db17dbi17lb3dbi17db17k17db3k3db3k17db17dbi17dy3~x2~dbi1406275-db1404245	4
s24/dg34k1r4w1r4k1dg4k1y2k1dg7k1r3k1dg3k1r3k1dg3w1db5w1y4w2~x2	4
s24/do12db2do2db2do2db12do2db2do2db2do12n12dr2n12do12db11do2db2do2db11do12n12ly2n12~x2	4
s24/do12n12ly2n12do12db11do2db2do2db11do12n12dr2n12do12db2do2db2do2db12do2db2do2db2~x2	4
s24/dp11k1dp1k1dp1k9g4lb1g4k8dp8k1dp1~x4	4
s24/dp12k2db4dy2db4k2db2dp8db2k2db24dp8db24k2db2dp8db2k2db4dy2db4k2dp12w3~x2	4
s24/dp35g8dp6g4dp12g4dp6g8dp54k6dp54g8dp6g4dp12g4dp6g8dp35t27lo4t4r4t27	4
s24/dp4dpi4dp3dg20dp5k4dp3k7dp3k3db35lb2db35k3dp3k7dp3k4dp5dg20dp3dpi4dp4k2~x2~dp1403322-dpi1607327	4
s24/dp4o4dp3g20dp5k4dp3k7dp3k3db35w2db35k3dp3k7dp3k4dp5g20dp3o4dp4k2~x2	4
s24/dp50w4dp12b4dp10b8dp4b6dp4b10k12b5k42b6k12b10dp4b6dp4b8dp10b4dp12w4	4
s24/dp90n5dp5n5dp5k16r3k5r4k4r5k3r6w4r6k3r5k4r4k5r3k16n22k5	4
s24/dr2r1dg1r1g1r1k2r2dr2r1dg2g1y1g1y1g1y1dr2k8r1g1r1k3r1~x10~dg1504144-g2408144	4
s24/dr4w25t4k6ly2k2w2k2g8dr4k2dr4w2~x2	4
s24/dy7lb4dy1lb4dy1lb4dy7w2dy6w1dy1w1dy1db2dy1db3dy1db2dy1w1dy1w1dy6r1~x4	4
s24/g16k1b2k1lo4k1lo4k1b2k1dr16w2dr16k1b2k1lo4k1lo4k1b2k1g16b2~x4	4
s24/g16r2g4b2g4r2g16db2g3db2g3db10w2lb12k2lb5k2lb12w2db10g3db2g3db2~x2~g2104115-r2008022-db0906265-lb3200000	4
s24/g16r2g4dy2g4r2g16db2g3db2g3db10w2lb12k2lb5k2lb12w2db10g3db2g3db2~x2	4
s24/g17dg1dbi2k6g2dg12g2k6dbi2dg1dbi18w2dbi18dg1dbi2k6g2dg12g2k6dbi2dg1g17db4~x2~dbi1406275-db1204274	4
s24/g20dy4g18k16dr3k10g4dy26g20dy4g20k4g20dy4g20dy26g4k10dr3k16g18dy4g20k4	4
s24/g34k1r4w1r4k1g4k1y2k1g7k1r3k1g3k1r3k1g3w1db5w1y4w2~x2	4
s24/g4r2g3r3g16db16dr16dbi3dr3dbi2dr4y3dr4dbi2dr3dbi3dr16db16g16r3g3r2g4dbi3~x2~db1404245-dbi1406275	4
s24/g72lo2g10dr9g2dy9g2db9g2t9g9lo2g72~x2~db1406275	4
s24/g9db2r2db50lr1db1lr1db1lr1db1lr1db1lr1db1lr1db1lr1db1lr1db50r2db2g9dp4~x2	4
s24/k12g12y3g12k9w5b6w19b2w6b2w19b6w5k9g12w3g12k12db10k2db2k2db10~x2	4
s24/k12g12y3g12k9w5lb6w19lb2w6lb2w19lb6w5k9g12w3g12k12db10k2db2k2db10~x2	4
s24/k12g2k2g2k2g16k3w3k3r12g6lo2g6r12k3w3k3g16k2g2k2g2k12lp2~x2	4
s24/k16w25db4w2db4w2db4w2db4w2db4w2db4~x2~w3901120	4
s24/k1t8k8g8w2g8k8t1k1t1k1t8k1t1k1t1k8g8y2g8k8t8k1t1~x2~w4000000	4
s24/k27r13k27r2k2r2k2r2k2r2k2r2k2r2k2lb6k3lb6k3lb6k3lb6k3lb6~x2	4
s24/k27r13k27r2k2r2k2r2k2r2k2r2k2r2k2w6k3w6k3w6k3w6k3w6~x2	4
s24/k2g8k7db8dp2db8k7g2k2g2k2g10k2g2k2g2k7db8dp2db8k7g8k2g2~x2	4
s24/k2r2g27r2k6db2r6g6r2k24r2k2db2r2k24r2g6r6db2k6r2g27r2k2~x2	4
s24/k2y2k2g9k7w2k3w12k2w4k2w12k3w2k7db7r2db3r2db7k7g9k2lb2~x2	4
s24/k3db30k2db4k2db30k3dg30k3dbi30k2lb2k2dbi30k3dg30k3db30k2db4k2db30k3g3~db1106275-dg1806142-dbi1204274-g2203152	4
s24/k4lb2k2lb1lg6o6dg6lb1dg27lb1db4lg4do3lb1do3lg4db4lb1o36db3lg2lb1lg2db3~x4	4
s24/k4w2k2w1lb6r6g6w1g27w1db4lb4dy3w1dy3lb4db4w1r36db3lb2w1lb2db3~x2	4
s24/k4w2k2w1lb6r6g6w1g27w1db4lb4o3w1o3lb4db4w1r36db3lb2w1lb2db3~x2	4
s24/k63w2o8k10w2o2w2o2w2o2w2o2w2o2w2o2w2o2w2o2w2n65w2r6~x2	4
s24/k6g18w2g18k6db18k1db4k1db18k6g18r2g18k6db2k2db2k2db18k2db2k2db2~x2	4
s24/k7g9k2ly2k2y2k2g9k7db7r2db3r2db7k7w2k2w11k2w3k2w11k2w2~x4	4
s24/lb1b4dg2r2g27r4g2r4dp10b3dg2r2dg2b3g10r10g10r2dp2r26b3dg2r3lb1~x2	4
s24/lb1r2w1ri1g6ri2g1ri2db3r2w1ri1w1r2g3ri3g3ri1db1ri6r2w1ri2lb1~x2~r1707016-ri2008029	4
s24/lb1r2w1ri1g6ri2g1ri2db3r2w1ri1w1r2g3ri3g3ri1db1ri6r2w1ri2lb1~x4~r1707016-ri2209032	4
s24/lb1r4ri2rii2g27rii4g2rii4dp10r3ri2rii2ri2r3g10rii10g10rii2dp2rii26r3ri2rii3lb1~x2~r2109013-ri2208029-rii2209032	4
s24/lb1r5b2ri3g24ri5g2ri5db11r3b2ri2b2r3g11ri11g11ri2db2ri25r3b2ri5lb1~x2~r1707016-ri2008029	4
s24/lb1r5ri2rii3g24rii5g2rii5db11r3ri2rii2ri2r3g11rii11g11rii2db2rii25r3ri2rii5lb1~x2~r1707016-ri2208029-rii2209032	4
s24/lb2dp10b3r4g72r7g4r10db24dp6b5r4b5dp7g24r24g24r3db3r74dp7b5r6lb2~x2	4
s24/lb2dp10r3ri4g72ri7g4ri10db24dp6r5ri4r5dp7g24ri24g24ri3db3ri74dp7r5ri6lb2~x2~r2208029-ri2209032	4
s24/lb5db6lb8n50lb4n4lb4k8n8lb44r4lb10r4lb44n8k8lb4n4lb4n50lb8g6lb5y4	4
s24/lb5w2lb2w4k27w2g2w2g6w2g2w22dr2~x2	4
s24/ly14lyi3k6w2k2w2k2g8ly6k2ly3w1ly3k2ly6g8k2w2k2w2k6lyi3ly14w2~x2~lyi3307090	4
s24/ly17k17db3k3db3k3db19k3db3k3db3k17ly17lb3ly17k17db17k3db3k3db17k17ly17y3~x2~ly2602166-k0604259-db1309265	4
s24/ly7t4ly1t4ly1t4ly7w2ly6w1ly1w1ly1db2ly1db3ly1db2ly1w1ly1w1ly6dr1~x4	4
s24/n10r2n2r2n2dt5o25db6o2db2o1lb3o3lb3o11db2o2db6o25dt5n2r2n2r2~x2~n1900000-o2500000	4
s24/n10r2n2r2n2ni5y25db6y2db2y1lb3y3lb3y11db2y2db6y25ni5n2r2n2r2~x2~ni1700000-y2400000	4
s24/n11dt2n2dt2n2dt12o12dt2o12dt12n11dt2n2~x2~n1900000-o2500000	4
s24/r12db6k8g6r1g6r2g3k1y2k1g1r1g2r1g7k9db11k1w2k1db11k9db8~x2	4
s24/r14lb8k9y1k2w2k2g10r15k4r12w2r12k4r15g10k2w2k2y1k9lb8r14k2~x2	4
s24/r16g1r1g1r1g4k1lb1k1y1k1t6db4t6k1y1k1lb1k1g4r12g1r1k1~x4~lb3200000-t2503227	4
s24/r16g1r1g1r1g4k1w1k1y1k1lb6db4lb6k1y1k1w1k1g4r12g1r1k1~x2	4
s24/r24db6k8g6r1g6r2g3k1y2k1g1r1g2r1g7k9db11k1w2k1db11k9db8~x2	4
s24/r2w7db3w3db3w3db3w1db12dbi14r1dbi1r2~x2~db1404245-dbi1406275	4
s24/r34w1db10dg10w1ly1dg2lb2w1db2lb10r6w1~x2	4
s24/r3dg1db2dg4db30k2db4k2db30dg27y3k3w3~x2	4
s24/r3g6r1db1r2db1r1g6r2db4r1k4y1k2y1k2w3db4lb14r1db1r1lb4r3~x2	4
s24/r3k1db5k5g6k4g6k5db1k5db1k1db2~x2~db1406275	4
s24/r3k1lb14k13g14y3g14k14w4lb4w23lb1r3~x2	4
s24/r4g6r1g2r3g2r1g6r3db2r1k2y1k1y1k2w2k2lb18r1k1r1lb3r2~x2	4
s24/r6g10r2db2r4db2r2g10r4db8r2k8y2k4y2k4w6k6lb27r2k2r2lb10r6~x2	4
s24/r6g10r2k2r4k2r2g10r4k9r2k9y2k3y2k4w6k6lb27r2k2r2lb10r6~x2	4
s24/t18r5t3r5t3k20g18dy4g18k20t20k6t6	4
s24/t22ly4w3g7lyi2g4w2g9o6lyi2o4w2o4lyi2o6g9w2g4lyi2g7w3ly4t22r2~x2~t2503227-ly2503076-lyi3407090	4
s24/t3y5k1y2k1y5r3k2r3t6k1t1k1t6r3k2r3y5k1y2k1y5t3k2~x4	4
s24/t60o7ly2o2t20db15t5lb2y2lb6t5db2g3db1r3db1g3db2t5lb6y2lb2t5db15~x2	4
s24/t6lb6db7lb2db2lb2db7lb6t6r2t6lb6db2lb2db2lb2db8lb2db2lb2db2lb6t6w2~x2~t2304245-db1004274	4
s24/w4dbi4w50dbi5w5k26g27k4y4db4k4g27k25dbi23r3dbi10r3dbi23k25w5dbi5w50dbi4w4~dbi1406275-db1204274	4
s24/w4dbi4w50dbi5w5k26g27k4y4db4k4g27k25dbi23r3dbi10r3dbi23k25w5dbi5w50dbi4w4~dbi1604274-db0805267	4
s24/w4dg10b9dg4b1lb3b1dg69b10dg2b1lb4b1dg2b18dg2b1lb3b1db2b99dg4b5db2~x2	4
s24/w4dg10dy9dg4dy1lb3dy1dg69dy10dg2dy1lb4dy1dg2dy18dg2dy1lb3dy1db2dy99dg4dy5db2~x2	4
s24/w4k1w8k3w4k4g6w1g6k4db4k1db2k1db4k4g6y1g6k4w4db3w8db1	4
s24/w4lb6w6lb21w9n27w10lb1n1lb5n1lb1w10r1ri1r5ri1r1w10n1r1n5r1n1~x2~r1807033-ri2109032	4
s24/w4ly6w6lr21w9n27w10lr1n1lr5n1lr1w10dr1r1dr5r1dr1w10n1dr1n5dr1n1~x2~lr2800000-n1900000	4
s24/w8k2w6ly8k34w4k2w4r6k12ly18k12w4g6k65w4db6k12ly8w8k2w6ly8dbi6~db1106275-dbi1406275	4
s24/w8k2w6y8k34w4k2w4r6k12y18k12w4g6k65w4db6k12y8w8k2w6y8b6~db1105255-b1511266	4
s24/y1ri4rii2r2g27r4g2r4dp10ri3rii2r2rii2ri3g10r10g10r2dp2r26ri3rii2r3y1~x2~ri2307033-rii2806019-r2109032	4
s24/y2w1y12dt6k3w1g1w1g4w2k1w1r1~x4	4
s24/y7lb4y1lb4y1lb4y7w2y6w1y1w1y1db2y1db3y1db2y1w1y1w1y6r1~x4	4
s24/y8oi68o56ly1o1ly1o1ly1o1ly1o1ly1o1ly1o1ly1o1ly1o1ly1dr52n6dr14y8~oi2404058-ly3104101	4
s25/b22r1dg4b4dg1b1dg1b1dg1b1dg1b1dg1b1dg1b1dg1b1dg1b1dg1b1dg9o24db2~x4	4
s25/db10k2db2k2db10k10w3db4w15db2w4db2w15db4w3k10g11k3g11k9db10k2db2k2db10~x2	4
s25/db11k2r2w2b2k16g16k2g16k16db16r2w2b2db16k16g16k2g16k16r2w2b2k2db11~x2~db1108266-b1813263	4
s25/db21k1db1k1db1k10g22r2g22k10db16k1db2k1db16k10g22y2g22k10db1k1db1k1db7~x2	4
s25/db22k2db2k2db2k16g16k2g16k16db16k2db2k2db16k16g16k2g16k16db2k2db2k2db11~x4	4
s25/db2k1db6k6g6r2g6k6db1k1db1k1db6k1db1k1db1k6g6r2g6k6db6k1db1~x8	4
s25/db2r2db2r2db6r5w2r75db13w5db9b2db45o1db3o2db2o3db1o10w2db10lb2o14lb2~x2	4
s25/db2ri2db2ri2db6ri5w2ri75db13w5db9r2db45dy1db3dy2db2dy3db1dy10w2db10lb2dy14lb2~x2~ri2209032-r2208029	4
s25/db3r1db1r3db9r3db1r1db3r1db1r18db14r3db1r1db1r3g4r14g10r10db5r4db1~x2	4
s25/db4k1dy2k1db3k1db2k2db2k4db2k2db2k1db3r1db4k19dp1k2dp3k4db4k1w2~x2	4
s25/db6r5db4r3db6r4db4r5db9r5db4r3k8r3db4r36db27r4g4r14g27r9db6r6k3	4
s25/db9k3db3k3db3k12g12w3g12k12db12k3db3k3db12k12g12w3g12k12db3k3db3k3db5~x4	4
s25/dg3w1b4w1b3w2b3w2b2w3b2w3b1w4r20dr1r1dr1r1dr7k3b1k1b1dg2~x2	4
s25/dg4g2dg3g3dg4k5dg3k5dg28r2dg4r2dg4r2dg28k5dg3k5dg4g2dg2g2dg3g4dg3~x2~dg1504144-g2408144	4
s25/dg9r2dg9r9dg2r4dg2r9w1r4dp11r2dp11r4w1r9dp1r1dp2r1dp1r9dp9r2dp9~x2	4
s25/do48r5dr2k14g2k3r3k3dr14do6k4do3r2do3k4do6dr14k3r3k3g2k14dr2r5do48~x2	4
s25/do96n40dg8dy13r1do13w4dr5n10dg39dy15w18dr3y1w22dg14dy8dr5w4do13y1dy8dg8dy40dg14	4
s25/do96n40dg8dy13ri1do13w4r5n10dg39dy15w18r3y1w22dg14dy8r5w4y1do13dy8dg8dy40dg14~ri2109032-r1807033	4
s25/dp40g2dp2g2dp2k7r1k2r2k2r2k1r3w2r3k1r2k2r2k2r1k7n10k2n4~x2	4
s25/dp80g4dp4g4dp4k14r2k4r3k3r4k2r5w3r5k2r4k3r3k4r2k14n19k5n9~x2	4
s25/dp86dg4dp4dg4dp4k16r2k4r3k3r4k2r6w3r6k2r4k3r3k4r2k16dpi24k4dpi10~dg1806142-dpi1607327	4
s25/dp86n4dp4n4dp4k16dr2k4dr3k3dr4k2dr6w3dr6k2dr4k3dr3k4dr2k16n24k4n10~x2	4
s25/dp96g10dp8g8dp10dy34r1dy6r4dy4r6dy2r7w3r7dy2r6dy4r4dy6r1dy34lb36dy6lb18~x2	4
s25/dp96g10dp8g8dp10o34r1o6r4o4r6o2r7w3r7o2r6o4r4o6r1o34lb36o6lb18~x2	4
s25/dp9r2dp9r9dp1r1dp2r1dp1r9w1r4dp11r2dp11r4w1r9g2r4g2r9g9r2g9~x2	4
s25/g4b2g3b3g4k5g3k5g28r2g4r2g4r2g28k5g3k5g4b2g2b2g3b4g3~x2	4
s25/k6dr5k5dr5k5dr5k12w2k2w2k12dr5k38dr21k6dr21w2k12w2k12dr3w2dr3w2k6	4
s25/lb22r1lo4lb4lo1lb1lo1lb1lo1lb1lo1lb1lo1lb1lo1lb1lo1lb1lo1lb1lo1lb1lo9dy24db2~x4	4
s25/lb5lg13lb6w1lgi5lb5lg24lb5w2r1w2g9lgi18g9lg2lb4lg2w2r3w2lb12lgi6g24lgi6lg2~x2~lb3400000-w3600000-lgi2704158-g2405151	4
s25/lt5t13lt6w3ly5lt5t24lt5w2r1w2y9ly18y9t2lt4t2w2r3w2lt12ly6y24ly6t2~x2	4
s25/r14db1r1db2r1db1r10g10r2g10r2g10r10g2r6g2r10db10r2db10r2db10r10g2r6~x2	4
s25/r17dg14r4dg4r17dg4r4db12r13w5r13dg14w3dg14r4dg4r17dg4r4dg8r4db4r4db4r14~x2	4
s25/r18lb1r1dg8r1lb1r6w1r1db4r1w1r2dg3g1r2g1dg3r3w1r1db2r1w1r8~x2~dg1806142-g2408144	4
s25/r1k1dg8k1db1k1db1k1db1k1db8w1db2w1db8k1db1k1db1k1db1k1dg8k1lo1~x4	4
s25/r1k1w8dg1db1dg1db1dg1db1dg1db8w1db2w1db8dg1db1dg1db1dg1db1dg1w8k1lo1~x4	4
s25/r6k1g34k2ly4k5db5k1w5k1db34k5g2k2g2k2g86k2g2k2g2k5db34k1w5	4
s25/r6k1g34k2y4k5db5k1w5k1db34k5g2k2g2k2g86k2g2k2g2k5db34k1w5~x2	4
s25/r8g8r2k14r2k2lb2r2k14r2g8r8lb2db8r2g14y2g2y3g2y2g14r2db8lb2~x2	4
s25/w2k1ri3db3ri3r3ri19r3ri3db3ri3db29ly3g29ri3db3ri3r3ri19r3ri3db3ri3k1w2~x4~ri2108029-r1807016	4
s25/w2k1ri3lb3ri3r3ri12r3ri3db3ri3db19y3g19ri3db3ri3r3ri12r3ri3lb3ri3k1w2~x2~ri2008029-r1707016	4
s25/w2k1ri3lb3ri3r3ri12r3ri3db3ri3db19y3g19ri3db3ri3r3ri12r3ri3lb3ri3k1w2~x2~ri2109032-r1807008	4
s25/w2k1ri3lb3ri3r3ri12r3ri3db3ri6db19ly3dg19ri3db3ri3r3ri12r3ri3lb3ri3k1w2~x2~ri2108029-r1807016	4
s25/w4t2w16t4w3k8g8y2g8k8t8k2t4k2t8k8g8w2g8k8w3t4w16t2w4~x2	4
s26/db12k2db6k2db12k12g14k2w4k2g14k10w6db6w18db3w4db3w18db6w6k10g14k2y4k2	4
s26/db12w11r2w11db12dg11k2dg3k2dg11k8db2r2db2w2db11w2db2r2db2k8dg11k2dg3k2dg11~x2	4
s26/db24k2db24k1lb1k13dr2k2dr2k13lb1k1db24dr2lb2g2db24k1lb1k13dr2k2dr2k13lb1k1~x2	4
s26/db28w1db2w1db3w1db2w2db2w2db25k10w1k2lb2k20r1k2lr3k2r1k20lb2k1w1k10~x2~lb3203246-lr2800000	4
s26/db2lb1r2g16r2db6lb1r2g6r2db16lb1r2g2~x2~db1406275-r2109032	4
s26/db2y1db2y1db3k6db18g1db18k4w1k4o2k4w1k4db18g1db18k6db3y1db2y1db2y2~x2	4
s26/db30r14db2r14g20w1g2w1g20r44db4r10lb1r4~x2	4
s26/db48w3db4w3db3t16g2t5g3t4g4t3g5dy2~x2~db1106275	4
s26/db8g2db8k2db2k2db2k4g11r2g11k4g2k9g2k9g2k4g11y2g11k4db2k2db2k4~x2	4
s26/db9dg4db9k3db3k3db3k8dg27r4dg27k8dg5k13dg4k13dg5k8dg27y4dg27k8db3k3db3k3	4
s26/db9dg4db9k3db3k3db3k8dg27r4dg27k8dg5k13dg4k13dg5k8dg27y4dg27k8db3k3db3k3~dg1605139	4
s26/dg18k10db12k1g2k1db12dy2k10g2dg2g15dg3g15dg2g2k10dy2db12k1g2k1db12k10dg18r3~x2~dg1806142-db1204274-g2203152	4
s26/dg1r6g5r6dg1r1dg9dy3g3y3dg9r1dg1r6g5r6dg1r1w1r1w12g1w12r1w1r1~x4	4
s26/dg1r6g5r6dg1r1dg9o3dg3gi3dg9r1dg1r6g5r6dg1r1w1r1w12g1w12r1w1r1~x4~dg1104144-gi2104115	4
s26/dp3g3dg32dp2dg4dp4dg3g10dp2r2w1g1r3g1w1r2dp2g10dg3dp4dg4dp2dg32g3dp3ly2~x2~g2408144-dg1806142	4
s26/dy3do9ly2do5ly4w1dy1w1dy1w12k2w2dy2w2k2w12dy1w1dy1w1ly4do5ly2do9dy3r2~x2	4
s26/dy3t12g6y3g6t12dy3t12g6y3g6y3g6t12dy6t12dy3w1dy3r3dy3w1dy3r3dy3w1~x2	4
s26/g10r2db2r30dp3r2w1r2dp3r30db2r2g10r10g10dp4r2dp4db10r4g2r4g30r2dp3w1~x2	4
s26/g11dr6db6do2g3do2db6dr6g36lo2do3lo2db5dr5~x2	4
s26/g37y3g37k9db4k2db3k2db31g4db31k2db3k2db4k9g37r3g37db9g4db31g4db31g4db9	4
s26/k11g15k2y3k2g15k11w5k5w19k2w5k2w19k5w5k11g15k2w3k2g15k11db11k3db11~x2	4
s26/k79lb1o1lo1do1ly1lg1g1gi1t1b1dp1k17dp4dr4n4o4lo4do4ly4lg4g4gi4t4b4~o2505035-lo2904058-lg3211141-gi2007139-t2707270-b1812264	4
s26/k8g3w3g3r3g12k8g6db12y4k6w3k3g8~x2~w4000000-db1406275	4
s26/lb11db2lb11k2db2lb5w2lb5w2lb5db10lb1dbi2lb1db10k4lb5k2lb5k4db2lb2db2lb11dbi2lb1~x2~db0804274-dbi1605267	4
s26/lb11db2lb11k2db2lb5w2lb5w2lb5db10lb1dbi2lb1db10k4lb5k2lb5k4db2lb2db2lb11dbi2lb1~x2~db0805267-dbi1604274	4
s26/lb11db2lb11k2db2lb5w2lb5w2lb5db10lb1dbi2lb1db10k4lb5k2lb5k4db2lb2db2lb11dbi2lb1~x2~db1204274-dbi1406275	4
s26/lb24t3lb3k6lo1k1lb1k1g8dr4k1dr2lb1dr2k1dr4g8k1lb1k1lo1k6lb3t3lb24dr2~x4	4
s26/lb6y2k2r9w2r6w2r9k2y2lb6r2lb6r2lb6y2k2r9w2r6w2r9k2y2lb6w2~x2	4
s26/r12w1k1g12ly1db5y6r2y2r4g2r2k2g2~x2~r2109032-db1406275	4
s26/r16g2w24g2r6k6r6g2w66ly2k12ly2w12ly2k4ly4k4ly4k7r2k7r6g20r6g20r12	4
s26/r17lg8do2lg2do2lg8do14ly3dy17r9do3r9w2r9~x2	4
s26/r1dg1r6g5r6dg1r1dg9ly3g3do3dg9r1dg1r6dgi5r6dg1r1w1r1w12g1w12r1w1~x4~g2408144-dgi1806142	4
s26/r1g6r6ri6r1ri6r6g1r1g1r1g1r1g6r1g1r1g1r6ri6r1ri6r6g6r1g1~x8~r1707016-ri2109032	4
s26/r21y9k2y2k2y9k18ly3dg21r13k3r13w2r13~x2	4
s26/r25w4k4g25lo3k15t13r5t5r15g4r5k2g3~x2~r2109032-w3600000-t2503227	4
s26/r2g1lo1g12r1g1r1g4r17g3r2g1r2lr2~x4	4
s26/r3g2y2g14r2g3r2g3w17g2w2k2r2w3~x2	4
s26/r3g50r3g1r3lb3r3lb45r3lb3r50lb3r3lb3r50lb3r3lb45r3lb3r3g1r3g50r3lb3~x2	4
s26/r5k3db10k3g20k3r5k3db5k3r5db5k3db5r5k3db5k3r5k3g20k3db10k3r5w3~x2	4
s26/r66n8r4dt2r1ly2r3dt4r4ly1dt1r8dt2n8dt2r8dt2r1ly2r3dt4r4ly1dt1r4n8~x2~dt0900000	4
s26/r6db16w4db4w4db4w4db16y2db16r6w3db4w3r6db16y2db16w4db4w4db4w4db16r6db4~x2	4
s26/r90db4w4k13y3k3w3k3g18r14k3r7w3r7k3r14g18k3w3k3y3k13w4db4r90k56	4
s26/t1w1dy1w1dy1w1dy1w1dy1w1dy1w1dy1w1~x4	4
s26/t4r2t3r4t8g4y2g2k2t6r4t2r2w2~x4~w4000000	4
s26/t8k1t1k1t1k5g6k1g6k5db3t1dr1t1~x4~t2405244	4
s26/w14y2w14k4w4k8w3k8w4k4w14r2w14k3r1k1r1k1r8w2r8k1r1k1r1k3~x2	4
s26/w14y2w14k4w4k8w3k8w4k4w14r2w14k4r1k1r1k1r8w2r8k1r1k1r1k4~x2	4
s26/w23db5w5k7y3k3w2k3g16r8g3r6w3r6g3r8g16k3w2k3y3k7w5db5w23r5~x2	4
s26/w6db4k6db30k10r4k3r4k3r18k1w4k1r4~x2	4
s26/wi38db6wi5k6wi3k2wi3k2w24r24k2r8wi2r8k2r24w24k2wi3k2wi3k6wi5db6wi38r4~wi3600000-w3502055	4
s26/y20k19y8k3y3k3y3k40y5k10y15k40y3k3~x2	4
s27/db2r8t1r8g36r4db28r2t2r72db2t1r8t1r8t1db1r72t1r2db28r4g36r8t1r8db2~x2	4
s27/dg18r1k18r1n18r1o18r1dr18r1dy18r1ly18r1lyi18r1dy18r1dr18r1o18r1n18r1k18r1dg18~x2~n1900000-o2500000-ly2503076-lyi3104101	4
s27/dp14g3dp14g14dp3g3dp3g14dp16g3dp16g14dp1g1dp2g1dp1g14dp1g1dp2g1dp1g14dp14g3dp14~x2	4
s27/dp27dg12dp54dg56dp10dg14dp10dg56dp62dg12dp62dg56dp4dg4dp8dg4dp4dg56dp4dg4dp8dg4dp4dg56dp54dg12dp27	4
s27/dp27g6dp27g28dp5g7dp5g28dp31g6dp31g28dp2g2dp4g2dp2g28dp2g2dp4g2dp2g28dp27g6dp27~x2	4
s27/dy2w3ly2dy2w3ly2dy2w3ly2dy2w3ly2dy2w3ly2dy2w3ly2dy2w3ly2dy2w3ly2dy2w3r2~x2	4
s27/g18r1k18r1b18r1n18r1o18r1oi18r1dg18r1oii18r1oi18r1o18r1n18r1b18r1k18r1g18~x2~o1604043-oi2102055-oii2104058	4
s27/g18r1k18r1n18r1o18r1dr18r1dy18r1lr18r1ly18r1dy18r1dr18r1o18r1n18r1k18r1g18~x2~n1900000-o2500000	4
s27/g18r2g18r18g2r4g2r18db18r2db18r18db1r1db2r1db1r18db1r1db2r1db1r18g18r2g18	4
s27/g18r2g18r18g2r4g2r18db18r2db18r18db1r1db2r1db1r18db1r1db2r1db1r18g18r2g18~x2	4
s27/g18r2g18r18g2r4g2r18db18r2db18r18db1r1db2r1db1r18db1r1g2r1db1r18g18r2g18~x2	4
s27/g2db3k1db1k1db1k4g12r2g12k3g2k6g2k6g2k3g12y2g12k4db1k1db1k1db3g2	4
s27/g2db3k1db1k1db1k4g12r2g12k3g2k6g2k6g2k3g12y2g12k4db1k1db1k1db3g2~x2	4
s27/g2db3k1db1k1db1k4g12r4g12k3g2k6g4k6g2k3g12y4g12k4db1k1db1k1db3g2	4
s27/g2db7k1db1k1db1k3g11r2g11k3g2k6g2k6g2k3g11y2g11k3db1k1db1k1db7g2~x2	4
s27/g2db7k1db1k1db1k3g11r4g11k3g2k6g4k6g2k3g11y4g11k3db1k1db1k1db7g2	4
s27/g2db8k1db1k1db1k2g11r2g11k3g2k6g2k6g2k3g11y2g11k2db1k1db1k1db8g2	4
s27/g8r1g8r8db1r1db2r1db1r8db1r1db2r1db1r8db8r1db8r8g1r2g1r8g8r1g8~x2	4
s27/k18db5ly3k1w3k1ly3db5dg8w1k36db5k1w1k1db3w1ly3w1db3k1w1k1db5k18dg8w1~x2	4
s27/r2db14k8g2k1g2k1g4k1g2k1g2db4g2db4g2k1g2k1g4k1g2k1g2k8db14y2~x2	4
s27/r2db24k16g3k2g2k2g12k2g2k2g3db8g2db8g3k2g2k2g12k2g2k2g3k16db22lo2~x2	4
s27/r3g5r1db1r15dg2r1w1r1dg2r15db1r1g5r5g5dg2r1dg2db5r2g1r2g15r1db2w1~x2	4
s27/r3k2g9db12w3db12g2k2g2k2g36k2g2k2g2db12w3db12k3y3k2g12k2r3k2g6w3~x2	4
s27/r42k1g12w2r3k1r3w2g2dp12k4r3w4g3w4r3k4dp12g2w2r3k1r3w2g12k1r21~x4	4
s27/r5g10r2db2r30dp3r2w1r2dp3r30db2r2g10r10g10dp4r2dp4db10r4g2r4g30r2dp3w1~x2	4
s27/r5g10r2db2r30dr3r2w1r2dr3r30db2r2g10r10g10dr4r2dr4db10r4g2r4g30r2dr3w1~x2	4
s27/r8w2db34k1db5k2db4k3db3k4db2k5db1k36g1k5g2k4g3k3g4k2g5k1g34k4ri8~r2109032-ri2806019	4
s27/w4r6g4db4r12g32r4db8g4r32g16w4r8w4r8w4g16r32g4db8r4g32r12db4g4r6w1~x2	4
s28/db11dy1dr2n1dr2r2w1r2dr2n1dr2dy1db11w1db11dy1dr2n1dr2r2w1r2dr2n1dr2dy1db11dy1~x8	4
s28/db11k1dr3db6k1db6dr3db4dr7db11ly1db11dr7ly2k4	4
s28/db14k12db3dg26k6ly2k2db2k2dg8r4k2r4lb2r4k2r4dg8k2db2k2ly2k6dg26db3k12db14k4~x2~dg1405139	4
s28/db16g3db3g3db3g16db3g3db3g3db16r15db1dy3db1r15db16g15db3g3db3g15db16r15t1r3t1r15~x2~db1204274	4
s28/db1n2db2n1db32w1db1w1db1w1db1w1db1w1db1w1db1w1db1w1db1w1db1w1db1w1db1w1~x2	4
s28/db23k3db3k3db3k17g22k2y4k2g22k17db22k3db3~x2	4
s28/db2k2db11k12g12ly2g12k12db2k2db2k2db12k2db2k2db2k12g12ly2k12g12ly2g12k12db11k2db1~x4	4
s28/db8k4y3k4db14k4dg4dgi6dg3dgi10k10dgi9k3r3k4~x2~dg1605139-dgi1806142	4
s28/dr12dg12lb2dg12dr12dg2dr2dg2dr2dg6lo2dr1lo2dg6dr2dg2dr2dg2dr12db8dg8k2dr4k2dr4k2dg8db8~x2	4
s28/dr4g1dbi22db2dp2dr1dp2dr4db1dp10dr2db20dp1db2y2~x2~dbi1406275-db1404274	4
s28/dt12w2dt2dr2dt2k10dg12k2dg4k2dg12k10dt12k2dr3~x2~dg1804158	4
s28/dy29g17k1w3k1ly2k10lb8dy4lb8k10ly2k1w3dy29~x2~w4000000	4
s28/dy29g17k1w3k1y2k10t8dy4t8k10y2k1w3dy29~x2~w4000000-t2503227	4
s28/g12r12g2r2g2r2g6y2r1y2g6r2g2r2g2r12db8g8k2r4k2r4k2g8db8r12g12lb2~x2	4
s28/g16db3g3db3g3db16r15db1dy3db1r15db16g15db3g3db3g15db16r15t1r3t1r15db16g3db3g3db3~x2	4
s28/g16db3g3db3g3db16r15db1dy3db1r15db16g15db3g3db3g15db16r15t1r3t1r15db16g3db3g3db3~x2~db1204274	4
s28/g3r2g14k6g4w2lb14r2lb14w2g4k6g14m2g3~x2	4
s28/g4lb2g11k9do12lo2do12k9g2k2g2k2g6dr2g6k2g2k2g2k9do12k2do12k9g11lb2g4dr2~x2	4
s28/k13g13k1ly3k1g13k13t12k2t2k2t12k13g13k1w3k1g13k13t2k2t2k2t13k2t2k2t2~x4	4
s28/k16g8k1y2k1g8k8db8k1db1k1db8k8g8k1w2k1g8k8db1k1db1k1db8k1db1k1db1~x2	4
s28/k19g22k1r4k1g22k19db16k2db3k2db16k19g22k1y4k1g22k19db3k2db3k2db28k2db3k2db3~x2	4
s28/k1g6k6db1k1db1k1db7k1db1k1db1k6g6k1r1k1g6k6db6k1db1k1db6k6g6k1ly1~x4	4
s28/k1t8k8g8k1w2k1g8k8t1k1t1k1t8k1t1k1t1k8g8k1y2k1g8k8t8k1t1~x2~w4000000	4
s28/k20g14k2y4k2g14k10w6db6w18db3w4db3w18db6w6k10g14k2w4k2g14k12db12k2db6k2db12	4
s28/k26dr2k6dr2k26dr4k4dr4k4dr18ly2dr18k4dr4k4dr4k26dr2k6dr2k26dr9k4dr20w2dr20k4dr9~x2	4
s28/k2dr30dg2dr3k2dr6dg1dr6k2dr3dg2dr13y2dr26y2dr13dg2dr3k2dr6dg1dr6k2dr3dg2dr30k2dg2~x2	4
s28/k2r30dg2r3k2r6dg1r6k2r3dg2r13y2r26y2r13dg2r3k2r6dg1r6k2r3dg2r30k2dg2~x2	4
s28/k36g22k1r4k1g22k19db16k2db3k2db16k19g22k1y4k1g22k19db3k2db3k2db28k2db3k2db3~x2	4
s28/k5w4r19lb12k2lb2k2lb12k20ly3g26r19lb5r20lb5r19g26ly3k20lb12k2lb2k2lb12r19w4k5r5~x2~w4000000-ly3307090	4
s28/k8g8k1y2k1g8k8db8k1db1k1db8k8g8k1w2k1g8k8db1k1db1k1db8k1db1k1db1~x2	4
s28/ki1db5ki18k8w1ki18db5dy3ki1w3ki1dy3db5ki18k8w1ki18db5ki1w1ki1db3w1dy3w1db3ki1w1~x2~ki0604259-db1605267	4
s28/o36lbi1lb6lbi1db8r4k4r24k4o8lbi1lb6lbi1lo18o6k4o6lo18lbi1lb6lbi1lo8k4o24k4o4db8lbi4~x2~lbi3200000-lb3103284	4
s28/r15db1r1db1r1db1r1db1r3g3r1db1r4db1r1k2r3y1r3g2w1g2r1db1r3db1r6y1~x2	4
s28/r15db1r1db1r1db1r1db1r3g4r1db1r3db1r1k2r3y1r3g2w1g2r1db1r3db1r6y1~x2	4
s28/r16w4dy100w4db34g30y10w3g16dp12w4db16do64r26w4~dp1607327	4
s28/r18k3r3k11g9k2g9k11r2k11r3k3r9g2k3g2r9k3r3k11r2k11r3k3r18db2r3db2~x2	4
s28/r1k1y2k1r1k1t2k1r1k1g2k1r2k1w12k1g2k1r1k1t2k1r1k1y2k1r30w1~x2	4
s28/r1y1t1y3t1y4t1r1t26k1t1k4t1k3t1k3t1k4t1k1t26r1t1y4t1y3t1y1~x4	4
s28/r28g2r5g2r28g2r5g2r28db3r3g24r3db24r3db3r28g2r5g2r28db3r3g24r3db24r3db3~x2	4
s28/r3g3r16g22y3k3w5k3y3k19lb9k2lb9r25lb9k2lb9k19y3k3w5k3y3g22r16g3r3g3~x2	4
s28/r44g25k2w6k2y3k16lb12r6lb12k16y3k2w6r44w6k2y3k16lb12r6lb12k16y3k2w6k2g22~x2	4
s28/r4g4w2lb12r5lb12w2k5ly2k5lb4w2dp5w4dp5w2lb4k5ly2k5w2lb12r5lb12w2g4r4g4~x2	4
s28/r4k3r15g42w5db3lo3db13k13w66r4w2r2w10r2w2r4w66k13db13lo3db3w5g42r15k3r4w2	4
s28/r4k4r6g24r4k3r6g3r4k24r6g4r4lb4r4g4r6k24r4g3r6k3r4g24r6k4r4lb4~x2	4
s28/r5db3r3g16r3g3r3db5r3y5r12db5r3db3r5~x4~db1406275	4
s28/r6w2k3w2k3w2k3g16w2db6dy3k2db10k2r4~x2	4
s28/r8w2r8n15y1k15n8k1g1k1n8r8w2k2r3~x2	4
s28/w3db1w1g5w1db1r2w1r2db1w1lo4w1db1w3~x8	4
s28/w5db2w1g8w1db2r2w1r2db2w1lo8w1db2w5~x4	4
s28/w70dy7db7w7db7dy7w7db5dy9y4dy3w4dy3g13dy70g30dy4r10dy4g30dy15db4dy4db4dy4db27g6db27~x2	4
s28/w70o7db7w7db7o7w7db5o9y4o3w4o3g13o70g30o4r10o4g30o15db4o4db4o4db27g6db27~x2	4
s28/w7dy3w29ly20dy6g1w8g1dy4w3dy8w6g1dy8g1w6dy8w3dy4g1w8g1dy6ly20w29dy3w7ly7~x2~ly2503076-g2408144	4
s28/y4g2n4g20n2g2n4o21r6n4r4w3r4n2g4	4
s28/y4g39db9k3db5k3db9g32r2g3r2g5y2g3r3~x2	4
s29/db15k1db1k1db1k7dr8k1y3k1dr8k7db8k5db8k7dr8k1y3k1dr8k7db1k1db1k1db9~x4~db1406275	4
s29/db1k1db8k8g8k1w2k1g8k8db1k1db1k1db8k1db1k1db1k8g8db1y2db1g8k8db8k1db1	4
s29/db1k1db8k8g8k1y2k1g8k8db1k1db1k1db8k1db1k1db1k8g8k1w2k1g8k8db8k1db1~x2	4
s29/db1k1db8k8g8k1y4k1g8k8db1k1db1k1db16k1db1k1db1k8g8k1w4k1g8k8db8k1db1	4
s29/db3r15g2r2g12w2db12r2db4r2db12w2r8db2r2db2r2db2r8db2r2db2r2db2r8g10db1g2r2~x2	4
s29/db4g4k20r5k4dr5k4db5k18g4r8db2lb2r16k4lo2k4r16lb2db2r6db6r2lo2db20lb2db20lo2r3~x2~db1406275-r1606028-dr1305012	4
s29/db4g4k20r5k4dr5k4db5k18g4r8db2lb2r16k4lo2k4r16lb2db2r6db6r2lo2db20lb2db20lo2r3~x2~r1606028-dr1305012	4
s29/db4k1db1k1db1k8g8k1w2k1g8k8db8k1db1k1db8k8g8k1ly2k1g8k8db1k1db1k1db4~x8	4
s29/db8r2db2n1db1n1db1n1db2r2db6o1db12o1db6n1db1dy4db1n1db2r3db3n1db1dy2db1n1db8~x2	4
s29/db98k98y1g10y1k11y1k1y1k1y1k1y1k1y1k1y1k11db1k1db10k1db1k1r7y1r10k10g2~x2	4
s29/dr2k1db8k6lb8k2lb2k2lb8k6g8k1dr2k1g8k6lb2k2lb2k2lb6k2lb2k2lb2k6db8k1dr2~x2	4
s29/dt13r6dt2r6w1g26r2dt26w1r26w1dt6r2g2r2dt13r2g2r2dt6w1r26w1dt26g26w1r6dt2r6~x2	4
s29/dt16k3dt3k3dt3k16g15k1lb3k1g15k16dt15k3dt3k3dt15k16g15k1lr3k1g15k16dt3k3dt3k3dt3~x4	4
s29/g1k6w1dy1w1dy1w1dy1w1dy1w1dy1w1k6ly1k6w1dy1w1dy1w1dy1w1dy1w1dy1w1k6g1~x8~w3600000	4
s29/k4w6k23w2k3ly17k2ly4k2ly17k3dg17k20w6ly4w6k20dg17k3ly17k2ly4k2ly17k3w2k23w6k4~ly3106095	4
s29/k6w40lb5w2lb5w5g12w5r5dr5g2dr5r5w5g10w5r5dr5g2dr5r5w5g12w5lb5w2lb5w40r6~x2	4
s29/k6w40lb5w2lb5w5g12w5ri5r5g2r5ri5w5g10w5ri5r5g2r5ri5w5g12w5lb5w2lb5w40ri6~x2~ri2109032-r1807008	4
s29/n38db3n5db3n5db3r13db3lb5db3r13db3lp5db3n12db3w5db3n12db3lb5db3r13db3n5db3n5db3n36	4
s29/n8r2n2lb1n1lb1n1lb1n2r2n6o1n12o1n6lb1n1ly4n1lb1n2r3n3lb1n1ly2n1lb1n8~x2	4
s29/r10db1r1db1r72t1r1db20r4g1r4g84r1db2r10db1r1g84r4g1r4db20r2t1r72db2r2db1r4~x2	4
s29/r1k1y2k1r1k1t2k1r1k1g2k1r2k1w12k1g2k1r1k1t2k1r1k1y2k1r1db28w1~x2	4
s29/r1ki1y2ki1r1ki1t2ki1r1ki1g2ki1r2ki1w12ki1g2ki1r1ki1t2ki1r1ki1y2ki1r1k28w1~x2~ki0700000-k0504259	4
s29/r28g2r5g2r28db3r3db24r3g24r3db3r28g2r5g2r28db3r3db24r3g24r3db3r28g2r5g2r28~x2	4
s29/r29g5r9g24w3g24r27w3r27k16g21r5g5r27g5r5k3g25k3g4r27g5r5g5r5g5r5g5r8~x2	4
s29/r2g4n2g11dt9ri12dt2ri12dt9g2dt2g2dt2g6r2g6dt2g2dt2g2dt9ri12lo2ri12dt9g11n2g4r2~x2~ri1606028	4
s29/r2k2w2r22t8k2t2k2t8k12ly2g16r22t4r22t4r22g16ly2k12t8k2t2k2t8r22w1k1r1~x2	4
s29/r37g2r2g2r2g2r2g2r11k2g11r3g2r11g2r3db9r11w2r9g11w2g11r3g2r9g2r19w2	4
s29/r37g6r11g32w4g18r27w3r27k16g21r5g5r27g5r5k3g25k3g4r27g5r5g5r5g5r5g5r8	4
s29/w23dt2w2dt2w2dt22dg12dt2dg12dt10w3dt1r2dt10y8dg4y8dt10r2dt1dg5y23dt22w2dg2w2dt2y2w2~x2	4
s29/w2r2g3r6w1k1w1r6k1g3k1dy4k1w1lb2w1k1dy4k1g3k1y6w1k1w1y6g3y2w2~x2	4
s29/y1db22y2dr4n2dr4r4w2r4dr4n2dr4y2db22w2db22y2dr4n2dr4r4w2r4dr4n2dr4y2db22y1	4
s3/b3k2db2~x4	4
s3/db1k12db1~x10	4
s3/db1k2r1~x42	4
s3/db1w1lb1~x8	4
s3/db1w1r1~x22	4
s3/db1w1r1~x4	4
s3/db40k32w1~x2	4
s3/db53g42r14	4
s3/db53g42r14~x2	4
s3/db5g6r1~x4	4
s3/db6g5r1~x4	4
s3/dg1k20dg1~x6~dg1804158	4
s3/dg20o1dg4~x3	4
s3/dg20w5r3~x2	4
s3/dg6dp5r1~x4~dg1605139-dp1105325-r2109032	4
s3/dp10g12y1~x2~dp1607327	4
s3/dp2g4y1~x4	4
s3/dp5g4lb2~x2	4
s3/dp5g6y1~x4	4
s3/dr18k3dr2~x4	4
s3/dr1g22lo1~x4	4
s3/dr8w1k1~x20	4
s3/dy1dyi2r1~x10~dy1203057-dyi1604058	4
s3/dy1ly2r1~x10	4
s3/dy1w2db1~x12	4
s3/dy27n3dy17~x4	4
s3/dy2lb1lo1~x2	4
s3/dy6lb38k3~x2	4
s3/g12db3y1~x4	4
s3/g16dy3g2~x10	4
s3/g17r2db15~x2	4
s3/g30k20g3~x2	4
s3/g30w2dr5~x4	4
s3/g3k2db2~x4	4
s3/g49w4lo11~x2	4
s3/g4lb1k2~x4	4
s3/g56dy13ly18~x2	4
s3/g5k6lb1~x4	4
s3/g6dp5lb1~x4	4
s3/g6dp5lb1~x4~dp1105325	4
s3/g7k4lb4~x2	4
s3/g7k4r4~x2	4
s3/g7lb2r4~x2	4
s3/g81r10y20~x2	4
s3/g9k18r2~x4	4
s3/g9n4dy1~x4	4
s3/g9n4dy1~x8	4
s3/g9n4ly1~x16	4
s3/g9r2lb2~x4	4
s3/k10r3k1~x4	4
s3/k11dp10g9~x2	4
s3/k11g16dr2~x4	4
s3/k11g17r3	4
s3/k11g17r3~x2	4
s3/k11g9dp10~x2~dp1607327	4
s3/k11g9r10~x2	4
s3/k15y20w3~x2	4
s3/k19lo1n19~x8	4
s3/k1g1r1~x8	4
s3/k1g22dr1~x4	4
s3/k1lr1o1~x6	4
s3/k1w1k1~x10	4
s3/k1w1r1~x14	4
s3/k20w2db1~x6	4
s3/k20w2lb1~x6	4
s3/k23g8ly8~x4	4
s3/k23g8y8~x4	4
s3/k27dg10r2~x4	4
s3/k4dt1k3~x10	4
s3/k4g6r1~x10	4
s3/k5g3lb2~x2	4
s3/k5g4lb2~x2	4
s3/k5g4lb3~x2	4
s3/k5g4r2~x2	4
s3/k5g4y1~x2	4
s3/k5g6lb1~x4	4
s3/k5lb4y1~x2	4
s3/k62b33y1~x2	4
s3/k62t33ly1~x2	4
s3/k69r14y5~x2	4
s3/k80dr1k60~x2	4
s3/k8g7db8~x2	4
s3/lb9db14r1~x4	4
s3/ly5db5k3~x4	4
s3/n13dy15n2~x4	4
s3/r104g39y4	4
s3/r10k11g9~x2	4
s3/r13k1w13~x4	4
s3/r18k3r2~x4	4
s3/r1b2o1~x10	4
s3/r1db1y1~x40	4
s3/r1g1r1	4
s3/r1g1r1~x2	4
s3/r1n19w1~x2	4
s3/r1y60t1~x2	4
s3/r24dp16w3~x4	4
s3/r2g2lb1~x4	4
s3/r30k10y3~x4	4
s3/r35w94k6	4
s3/r4dg7lb4~x2	4
s3/r4g2lb1~x4	4
s3/r4g7lb4~x2	4
s3/r4k7g4~x2	4
s3/r4k7lb4~x2	4
s3/r4k7lb4~x2~r2109032	4
s3/t10r10dr3~x2	4
s3/w37k2r36~x2	4
s3/w9r20db2~x2	4
s3/y20db10w3~x2	4
s3/y49r16k11~x2	4
s30/b100k18b6k5w4k1w60b4w5b24w4b4lb6w6k1y4k1w6lb6b4w4b24w5b4w60k1w4k6b6k18	4
s30/db12g12db4dy20g12db4dy20g12db4dy20g12db4dy20g12db4dy20g12db11dy24lo4dy4w2dg20r8dy4r5w4r5dy4r8	4
s30/db12g12db4o20g12db4o20g12db4o20g12db4o20g12db4o20g12db11o24b4o4w2dg20r8o4r5w4r5o4r8~g2508144-dg1104144	4
s30/db1b2db2b2db2b39db2b2db2b2db1r1db1n1db10w3db2w1db1w1db3w1db1w1db2w3db10n1db1r1~x2	4
s30/db24k2db24k1lb1k1dg12dr2k2dr2dg12k1lb1k1db24dr2lb2g2db24k1lb1k1dg12dr2k2dr2dg12k1lb1k1~x2~db1406275-dg1806142-g2408144	4
s30/db8w21db8w7k2w3y3w3k12w2r8y3k3y3k3y3k3y3k3y3r8w2k12w3y3w3k2w7~x2	4
s30/dg18y3db14lb6w3k2w3lb6k2r4o3ri4k2ri4o3r2k2lb6w3k2w3lb6db14y3dg18r12w3r12w3r12~x2~r2109032-ri2806019	4
s30/dp16w2ri7w2k14lb6w2dp15w2dg17lb6dg6r8k6r8k2~x2~ri2806019-r2108022	4
s30/dr4w5db2w22dr14db4t2w4t2db3w3db4t2n4t2db4~x2	4
s30/dr4w5dp2w22dr14dp4r2w4r2dp3w3dp4r2n4r2dp4~x2	4
s30/dy13r1dy2r2dy2r1dy2r5dy11r1dy2g2dy2r1dy2g7~x2	4
s30/dy21k2w2dy2k2dy2w2k2dy2k2dy2w6dy2k2dy3k20~x2	4
s30/g10y3g3y1k2r2k2y1g3y3g10db21k2db2k2db21k15g15r2g15k15db2k2db2k2db31k2db2k2db2~x2	4
s30/g5w2r8k2lo4k2y2k7g40k3r10k6lo7k7y2k2~x2	4
s30/g7dp2g2dp12g2k2g1k12dbi2db12dbi2db2dbi7k2r3k2dbi7db2dbi2db12dbi2k12g1k2g2dp12g2dp2g7y4~x2~dbi1406275-db1106275	4
s30/k14g12dr2g12k14db20k2db4k2db20g12lo3g3lo1k3dr2k3lo1g3lo3g12db4k2db4k2db22k2db4k2db4~x2	4
s30/k18dy3k3dy3k3dy18lo3dy3db8dy3db3g15k3dy3w3dy3k3g15db3dy3db8dy3lo3dy18k3dy3k3dy3k18t3~x2~t2503227	4
s30/k3db19k15r2g19k1t3k1g19k15db3k3db3k3db22k3db3k3db3k15g19k1t3k1g19r2k15db19k3db3~x2~t2503227	4
s30/k8r8db16r24w4r24k4g6db26g1db1g1db1g1db1g1db1g8k24r12k4db20k1db1k1db1k1db1k1db1~x2	4
s30/lb4r2lb3dgi1lb1dgi2lb18r1k12dg21lb1k3dg1k2dg4r2~x2~dgi1806142	4
s30/n6lb2db2n30g2n2ly2gi4ly2g2ly1g18ly1lb2db2ly4~x2~lb3203246-db1406275-g2203152-gi2408144	4
s30/p16lr2r7lr2k14lb6lr2p15lr2dg17lb6dg6dr8k6dr8k2~x2	4
s30/r12g3y1r2y1g3r3db3r6lb1r1g8r1lb1r12lb1r1g8r1lb1r6g2r1lb1r2lb1r1g3y1r4~x4	4
s30/r12g3y1r2y1g3r3db3r6lb1r1w8r1lb1w12lb1r1g8r1lb1w6g2r1lb1r2lb1r1g3y1r4~x4	4
s30/r15k5w2n7k4w8k2r26k5n2w2k7w2r5w2g2~x2	4
s30/r1g6r6g1y1g1r6y8r1g1r1y8g6r1y1r1g6y8r1g1r1y8r6g1y1g1r6g6r1y1~x2	4
s30/r24k1w1dg6w1y2r2k1r2y2w1lb6k2r3y3w1~x2	4
s30/r2k1t9k9g9k1w1k2w1k1g9t9k9t9k1g2~x4	4
s30/r2lb1db2r24g2r2db8r2g2r4g24r2lb1db2r3db2lb1r2g24r4g2r2db8r2g2r24db2lb1r2g2~x2	4
s30/r5k4r13g25k3w5k3y3k16lb9k2lb9r12k2g3k2r12lb9k2lb9k16y3k3w5k3g25r13k4r5w3~x2	4
s30/r9db1r1db2r1db1r9w1r4db11r2db11r4w1r9g2r4g2r9g5r3g4r3g3y1g3r3g6w1g6~x2	4
s30/t14k2t2k2t2k8dg13w2dg12w2dg13k8dg6k12dg5k12dg6k8dg13w2dg12w2dg13k8t2k2t2k2t14dg3~x2	4
s30/w2r8w2k15g4w2lb5w2dg20w2r32w2dg20g3y3r2w2r2y3g3dg20g2dg20w2lb5w2k15w2r8w2~x2~g2408144-dg1806142	4
s31/db1k6dr1k1dr1k1dr6w1dr2g3dr2k1g5k1dr2w1dr2k1g5k1dr2g3dr2w1dr6k1dr1k1dr1k6g1~x4	4
s31/db1k6r1k1r1k1r6w1r2g3r2k1g5k1r2w1r2k1g5k1r2g3r2w1r6k1r1k1r1k6g1~x2	4
s31/db9r2db9r9g1r1g2r1g1r9g1r1g2r1g1r9w1r4db11r2db11r4w1r9g2r4g2r9g9r2g9~x2	4
s31/dg4r1dg4r4dg1r1dg1r4w1r1db4r1db4r1w1r4db1r1db1r1db1r4db1r1db1r1db1r4dg4r1dg4~x4	4
s31/dp25g6dp25g26dp5g7dp5g26w3g7dp29g6dp29g7w3g26dp2g2dp4g2dp2g26dp2g2dp4g2dp2g26dp25g6dp25~x2	4
s31/dp2k2dp1k14db1k2db2k2db1k14g1k2g2k2g1k36lo1k2lo2k2lo1k14r1k2r2~x2	4
s31/g105db9k16y6k8w3k8g16r24k1r4k2r3k3r2k4r1k9g1k4g2k3g3k2g4k1g40r9g10k3w5~x2	4
s31/g23r6g23r25g4r10g4r25w3r10b31r6b31r10w3r25k2r2k4r2k2r25k2r2k4r2k2r25g23r6g23~x2	4
s31/g23r6g23r26g4r9g4r26w3r8dp31r6dp31r8w3r26dp2r2dp4r2dp2r26dp2r2dp4r2dp2r26g23r6g23~x2	4
s31/g4r1g4r4db1r1db1r1db1r4db1r1db1r1db1r4w1r1db4r1db4r1w1r4g1r1g1r4g4r1g4	4
s31/g4r1g4r4db1r1db1r1db1r4db1r1db1r1db1r4w1r1db4r1db4r1w1r4g1r1g1r4g4r1g4~x2	4
s31/g4r1g4r4db1r1db1r1db1r4db1r1db1r1db1r4w1r1db4r1db4r1w1r4g1r1g1r4g4r1g4~x4	4
s31/k2lo2k3w2k2g16dr2w24dr2g16k2w2k3lo2k4db4k4lo2k3w2k2db12w24dr2g12k2w2k3lo2k4db2~x2	4
s31/k4w2r1w7b3w23b3w7r1w2k4g4r1g1r1g1r1g1r1g4k4r1k4r1db1r1db1r1db1r1db4~x2	4
s31/k4w2r1w7lb3w23lb3w7r1w2k4g4r1g1r1g1r1g1r1g4k4r1k4r1db1r1db1r1db1r1db4~x2	4
s31/lri8k1lr2k1lri2k8dp8lb2dp1k2lb2dp8k8lri8k2lr1k2lri8k8dp8lb1dp2k1dp2lb1lri8k8lri2k2lr1k2~x2~lri3203019-lr2805035	4
s31/r16g1r1g1r1g1r1g1r6g1db1g6db1r1g1r4g1r1db4r4w1r4g4w1g4r1g1r6g1r8w1~x2	4
s31/r16g1r1g1r1g1r1g1r6g1db1g6k1r1g1r4g1r1db4r4w1r4g4w1g4r1g1r6g1r8w1~x2	4
s31/r1g17r2db2r17g2r2g2r17db2r2g17r2db17r2g2r17g2r2g2r17g2r2g17r2g17r2db2r17g2r1~x4	4
s31/r4w1lb2dp4w1g2db8w1dp2lb2w1lb2dp2w1dp16w1dp6w1dp6w1dp16w1dp2lb2w1lb2dp2w1r8b6w1~x2	4
s31/r4w1lb2dp4w1g2db8w1dp2lb2w1lb2dp2w1dp16w1dp6w1dp6w1dp16w1dp2lb2w1lb2dp2w1r8ri6w1~x2~r2109032-ri2406019	4
s31/r4w1lb2dp4w1g2db8w1dp2lb2w1lb2dp2w1dp16w1dp6w1dp6w1dp16w1dp2lb2w1lb2dp2w1r8ri6w1~x2~r2109032-ri2807025	4
s31/r5k2g30k2y5k2db31k2w5k2db31k6g2k2g2k2g82k2g2k2g2k6db31k2w5k2db31k6g25k2r5	4
s31/r5k2g30k2y5k2db31k2w5k2db31k6g2k2g2k2g86k2g2k2g2k6db31k2w5k2db31k6g25k2r5~x2	4
s31/w10do1w1do1w1do1w1do1w1do1w1ly1w1ly1w1ly1w1ly1w1ly1w1do1ly1do1ly1do1ly1do1ly1do1ly10~x4	4
s31/w23dt2w2dt2w2dt2w10dt12dg12dt2dg12dt10w3dt1r2dt10y8dg4y8dt10r2dt1dg5y23dt22w2dg2w2dt2y2w2~x2	4
s31/y4k3w2k2dg12b2dg12b2dg12k2w2k3y2k3b4k3y2k3w2k2g12b2g12b26k2w2k3y2k3b4k3~x2	4
s32/db12k2db2k2r3k2lb6k2w2k2lb6k2y2k2db6k2r2~x2	4
s32/db12r3db2r1db8r1db2r3db12r1k12g12r3g2r1g8r1g2r3g12k12w2db4w16k1r4k1w16db4w2k12r1~x2	4
s32/db12r3db2r1db8r1db2r3db12r1k12g12r3g2r1g8r1g2r3g12k12w2k4w16k1r4k1w16k4w2k12r1~x2	4
s32/db15k3db3k3db3k15g15r1g1r4g1r1g15k15db15k3db4k3db15k15g15y1g1y4g1y1g15k15db3k3db3k3~x2	4
s32/db22g7r5g4w5g4r5g5db22t5db4g4db4g22db4g4db4g4db22y5db5r5db22g4db4g4db4g22db4g4db4t5~x2	4
s32/db24g2db12k2w2k3dp2k3t4k3dp2k3w2k2r12g2t24~x2~db1406275	4
s32/db8k1db3k2db2k3db1k11g2k4g3k3g4k2g5k1g55r4g11r11w4r66k1r11k3r3k4r2k11g15k2ly4~x2	4
s32/db8w5db5w5db8w2r1w2y3r6y3g6y14w2r1w2db8w5db5w5db8w2r1w2g3r6g3y6g14w2r1w2~x2	4
s32/dg10r5dg42db16g5db5g5db5g36db5g5db5g5db16dg42r5dg10y5dg42db16g5db5g5db5g36db5g5db5g5db16dg42y5	4
s32/dg12t3k2t3k2t3k2t3w12dp2dg2dp2w4g2w4k2w4g2w4dp2dg2dp2w12t3k2t3k2t3k2t3dg12r3~x2~dg1806142-g2408144	4
s32/dg12y1lb1w1dr2w1db1w1db4w1db1w1dr2w1lb1y1dg12y1dg1w1y3w1db5w1y3w1dg1y1dg12y1dg1y1~x2	4
s32/dg34db2k2db2dg34r3db34r2db34r3k33db2dg2db2dg2db2k33~x2~dg1605139	4
s32/dg34k2t2k2dg34r3k34r2k34r3t33k2dg2k2dg2k2t33~x2~dg1806142	4
s32/dg3lr3dg3r24dp1w1r3dp6r3w1dp1r3dg24r3dp1w1r24w1dp1r3dg24r3dp1w1r3dp6r3w1dp1r24dg3lr3~x4~lr3204029-r2109032	4
s32/dy2w10dy4w4dr7dg10lo4dg2lo2dg5lo2dg2lo4dg10dr7lo2dy7lo5dy2lo2dy5lo2dy2lo4dy7lo2dr7w4dy4w10dy2lo2~x2	4
s32/g18k1lb3k1g3k8db18k1lo1k5lo1k1db18k8g2k1lb2~x2	4
s32/g24dp4k3dp3k3dp3k3dp4g12o2g2o2g3lo2g2k2g2lo2g3o2g2o2g12dp4k3dp3k3dp3k3dp4g24r3~x2~dp1502277	4
s32/g34k2t2k2g34r3k34r2k34r3t33k2g2k2g2k2t33~x2	4
s32/g9r2g3r20g2r1g2r2g20r2g3r2g2r22g3dy1r3~x2	4
s32/k23dbi5k5g5k5g25db5g5k5g5k23r5k5y5k23g5k5g5k5g25k5g5k5dbi5k23g7r5g5w5g5r5g7~x2~dbi1604274-db0805267	4
s32/k2db14k14g14ly2g2ly4g2ly2g14k14db2k2db2k2db15k2db2k2db2k14g14ly2g2ly4g2ly2g14k14db14k2db2~x2~db1406275	4
s32/k5lb1n4lb1k26lb1k10n5k2n5k10lb1n4lb1k5lb1k5lb1n4lb1k10n5k2n5k10lb1k26lb1n4lb1k5lb1~x2	4
s32/k6g2k2g14k1y2k1t5r1t5k1w2k1g14k1t2k1g14k1w2k1t5r1t5k1y2k1g14k2g2k6r2~x2	4
s32/lyi8k2w3k4ly3k2lb6k2ly3k4lb3db44k4ly4k4dy5ly5dy5ly6dy5ly5dy5k4dy5lyi5dy5lyi6dy5lyi5dy5k4w6~lyi3407090-ly2503076	4
s32/r17g12r6db33r4g4r33g4r4g4r33g4r4db33r39g15r7db39r4g4r39g4r4g4r39g4r4db39r7g15r39db14	4
s32/r2db2w1y8w1db2r2w1r2db2w1g8w1db2r2w1r2db2w1g8w1db2r2w1r2db2w1y8w1db2r2w1~x4~r2109032	4
s32/r50w2db7ly2dg33g12db7ly3w2ly3db7g12dg33ly2db7w2r17~x2~dg1806142-g2408144	4
s32/r6y3r3db24dbi24g24lb3y4lb3g24dbi10w3dbi10db24r3y3r6~db1106275-dbi1406275	4
s32/w16r16w16r3w1r1w3r1w1r1w1r3w3r3w1r1w3r1w1r3w3r3w1r1w3r1w1r3w1r1w1r3~x3	4
s32/w8k1m2k1w2k8dp8lb2dp1k2r1lb2dp8k8w8k2m1k2w8k8dp8lb1dp2k1dp2lb1dp8k8w2k2m1k2~m2209000-r1807008	4
s32/y18k3w4k3w4k3y18t1n18k1g18w1t18y1n18g1y18k3w4k3w4k3y18g1n18y1t18w1g18k1n18t1~x2	4
s32/y8g84t21k10t10k10t10k10t21g62r3g6r3g10y3g5r6~r2109032	4
s32/y8k2w3k4ly3k2lb6k2ly3k4lb3db44k4ly4k4dy5ly5dy5ly6dy5ly5dy5k4dy5y5dy5y6dy5y5dy5k4w6	4
s33/db14k3db3k3db3k14g14k3w3k3g14k14db14k3r3k14db14k3r3k3db14k14g14k3w3k3g14k14db3k3db3k3db7~x4	4
s33/db18r7db2r2db7r2db2r7db18r2k18w8db7w40db2r8db2w40db7w8r2k18g18r7g2r2g6r2g2r7g18k18r2~x2	4
s33/db24k4db4k4db4k22db24w6db24k22db18r24db18k22g14r4g4r4g8k1w6k1g8r4g4r4g14k22db4k4db4k4db24~x2	4
s33/db2n1ly1dg6lr3ly3dy6ly1n1db2n1ly1dg6lr3ly3dy6ly1n1db2n1ly1dg6lr3ly3dy6ly3lr3dg6lr3ly3dy6ly1n1	4
s33/db2w2dy2w2dy2w2db2w2dy1w1dy1w1dy1w1dy1w1dy1w1dy1w1r1dy1w1dy1w1dy1w1dy1w1dy1w1dy1w1~x2	4
s33/dg10r1dg5k1w1k1y1k1db2k1y1k1w1k1g5r1g5db5r1db5k1w1k1y1k1db2k1y1k1w1k1dg5r1~x4	4
s33/dg24r2dg12db2w2db3y2db3lb4db3y2db3w2db2g12r2g12lb12r2lb12db2w2db3y2db3lb4db3y2db3w2db2dg12r2~x2	4
s33/dg32r7dg32r33dg4r12dg4r33w3r12dy3dp33r7dp33dy3r12w3r33dp2r2dp5r2dp2r33dp2r2dp5r2dp2r33dg32r6dg23	4
s33/g32r7g32r33g4r12g4r33lb3r12ly3dp33r7dp33ly3r12lb3r33dp2r2dp5r2dp2r33dp2r2dp5r2dp2r33g32r7g32~x2	4
s33/g8r2g8r12g2r3g2r12w1r3y1db12r3db12y1r3w1r12db1r1db2r1db1r12db1r1db2r1db1r12g8r2g8~x2	4
s33/k2lo2k3w2k2g16dr2g24dr2g16k2w2k3lo2k4db4k4lo2k3w2k2db12dr2db12g12dr2g12k2w2k3lo2k4db2~x2	4
s33/n38db3n5db3n5db3dr13db3lb5db3dr13db3o5db3n12db3w5db3n12db3lg5db3dr13db3lb5db3dr13db3n5db3n5db3n36~db0906265-lg2704216	4
s33/t24k4t4k4t4k22t24w6t24k22t18r24t18k22g14r4g4r4g8k1ly6k1g8r4g4r4g14k22t4k4t4k4t24~x2	4
s33/t24k4t4k4t4k22t24w6t24k22t18r24t18k22g14r4g4r4g8k1w6k1g8r4g4r4g14k22t4k4t4k4t24~x2	4
s33/w2g26db3g5db3k11y2db3r5db3k13db3lb5db3g12db3w5db3g12db3lb5db3k13db3r5db3y2k11db3g5db3g25w2	4
s33/w4lb5w2g2y3g2w2dp12w2b8r8w2r8b8w2b10db4w2y3w2db4w2y3w2db4b10w2r20w6r4db2r4w2~x2	4
s33/w4lb5w2g2y3g2w2dp12w2r8ri8w2ri8r8w2r10db4w2y3w2db4w2y3w2db4r10w2ri20w6ri4db2ri4w2~x2~r2208029-ri2209032	4
s34/b3y1db2k3y1b4g5db8y1k2g3y1g3k2y1db22y1db4r4y1r4db4y1db22y1k2g3y1g3k2y1r14lb6w1~x2	4
s34/db19r2db2r20g2y1g2r2db18r2g3r2db2r22g3w1r3db17r2g2r24g2y1g2r2db19r3g3r2db2r21g3w1r3~x2	4
s34/db19y2g3y2db2y20g1ly1y1g2y2db18y2g2y22g3w1y3~x2~y2400000-ly3307090	4
s34/db2w1db28lo1db4r4db1g2db1r8db1n2db1n2db1n2db1n2db1n2db1n2db1r8db1g2db1r4db4lo1db56w1db2w2~x2	4
s34/db3k2db1k2db3lo1g3k2g2k6g2k6g2k2g24dr2g4dr2g24k2g2k6g2k6g2k2g3lo1db3k2db1k2db3g2~x2	4
s34/db3lb2r12k2r2db2lo2o6lb2o6lo2k3r6lb2r6lb2r6k3lo4o6lo4k2r2k2r2k2r2k2lo2o6lo2db2lo2db2~x2~db1406275-o2500000	4
s34/db60k2db2k2db5k15db5g20r2k3r2g20db5k15g5db20k2g4~x2	4
s34/db6r3y14r3dr15y3dr15db5dr3g1dr3g1dr3g1dr3g1dr3g1dr3g1dr3g1dr3g1dr3g1dr3db5dr15y3dr19r3y14r3~x2	4
s34/db8k2db3k2db2k3db2k11g2k4g3k3g4k2g5k2g55r4g11r11w4r66k2r5k2r4k3r3k4r2k11g15k2y4	4
s34/dg14r6ri2k3r65k2lb2r6k34r6lb2k2r4dg66r12ri2k2lb4~r2109032-ri2806019	4
s34/dg3r3dg3db3g13db5g3db5k9dg3db3dg3g6db3k3db16y3db3dg3db3r3db16k3db3g6dg3db3dg3k9db5g3db5g13db3~x2	4
s34/dg84r6dg8r16dg14k8db6k2db6k2db6k2dg4lb3dg16lb3dg4k6db8k3db6k3db8k10y3w3k3w6dg16r8k3r4w4r4	4
s34/g3r3g3lb3yi13lb5yi3lb5k9g3lb3g3yi6lb3k3lb16y3lb3g3lb3r3lb16k3lb3yi6g3lb3g3k9lb5yi3lb5yi13lb3~x2~yi2404144	4
s34/g3y1db2k3y1g4dg5db8y1k2dg3y1dg3k2y1db22y1db4r4y1r4db4y1db22y1k2dg3y1dg3k2y1r14lb6w1~x2~g2408144-dg1806142	4
s34/k10r2dg2r2k10r2k10r1k2r1k10r1k2r1k10r1k2r1k10r1k2r1k10r1k2r1k10r2k10r2dg2r2k10t2~x2~dg1804158	4
s34/k3db3k3db18g20k3g3y3g3k3g20lb3db3lb3db3lb12db3lb3~x2~db1406275	4
s34/lb5k1r15k2lb3k10r5db15r5k2dy4k2r1k2db15r15k4r2~x2	4
s34/r3k18r2g3r2k2r20g2y1g2r2k18r2k2r20g3w1r3k18r2g3r2k2r20g2y1g2r2k18r2g2r20g3w1~x2	4
s34/r44o4db16r4o6db8o6r6db2r4db2r4db2r6w1g24lb6w1	4
s34/r66n1db1r6dg30r6db1n1r3db16r3n1db1r54dg3o1r6dg6~x2~r2008029-n1803284-db1204274-o2704014	4
s34/t5k1r15k2t3k10r5db15r5k2dy4k2r1k2db15r15k4r2~x2~t2405244	4
s34/w2r8w2k15w2lb5w2dg20g2dg4g2dg20g3y3r2w2r2y3g3dg20w2r32w2dg20w2lb5w2g4k15w2lb5w2r8w2	4
s34/w2r8w2k15w2lb5w2g20b2g4b2g20b3y3r2w2r2y3b3g20w2r32w2g20w2lb5w2b4k15w2lb5w2r8w2	4
s34/w52lb4t6db28t1w1t1w1t1w1t1w1t1w1t1w1t8w24db12w4db20lb1db1lb1db1lb1db1lb1db1lb1db1w8lb8db16~x2	4
s35/db10r10k16w4k16w1ly1w1ly1w1ly1w1ly1w1ly1k1ly1k1ly1k1ly1k1w1ly1w1ly1w1ly1w1ly1w1ly22w24lg10y10~x2	4
s35/db26k3db3k3db3k24db26k1w5k1db26k24db17r26db17k24g15r4g4r4g8k1y5k1g8r4g4r4g15k24db3k3db3k3db26~x2	4
s35/db6g6k3g3k3g3k3g15r9g6db3k9db3g6r9g15k3g3k3g3k3g6dy9db3dy3db3dy3db3dy6db10dy3db3dy3db3dy3~x2	4
s35/db6g6k3g3k3g3k3g15r9g6db3k9db3g6r9g15k3g3k3g3k3g6o9db3o3db3o3db3o6db10o3db3o3db3o3~x2	4
s35/g3r3lb9r12lb1r1g1r1lb1g1lb6r1lb1r1lb1r1lb1r1lb6r1lb1r1g1r1lb1r12lb9r3g3r7lb3r3g1r4lb3~x4	4
s35/k7g9k2ly2k2db2k2g9k7db7r2db3r2db7k7w2db2w11db2w3db2w11db2w2k7w2db2w11db2w3db2w11db2w2k7~x4	4
s35/lo16k1lb1k1lb1k1lb1k1lb1k1lb1k1lb1k1lb1k1lb1k1lb1k1lb1k1lb1k1lb1lo8k1lb1k1lb1r9k1lb1k1lb1~x4	4
s35/r12lb8k8y2k2w2k2g12r8k2r5w2r5k2r8g12k2w2k2y2k8lb8g32r4g32k4db10k8db4k5y2k4r4k4lb12~x2	4
s35/r2k6g2k2g14k1y1r1k1r1k3t9k1y2k1g11k1t2k1g11k1w2k1t9k1r1k1r1y1k1g14k2g2k6r2~x2	4
s35/r8k31g8k8g56k3y3r3k3r3k12db36k3y8k3g44k2db6k2g44k3w8k3db36k12r3k3r3y3k3g56k8g8k31r8~x2	4
s36/b4w1r11b2w2dp11lb4w2lb4dp11w2dg4y4w1dp5w1y4dg4w2g10dg4w2dg4g10w2lb2dp6w1dp6lb2w2b2r11w1b4w1~x2	4
s36/db10k10g10k1db2k1g10k10w2db2w24db2w2db2w24db2w2k10g10k1db2k1g10k10db10k2r3k2db10k10w2db2w24db2w2db2~x2	4
s36/db10r10k36o1w1o1w1o1w1o1w1o1w1o1k1o1k1o1k1o1k1o1k1w1o1w1o1w1o1w1o1w1o27w26lg10ly10~o2505058-ly3607098	4
s36/db10r10k36w1ly1w1ly1w1ly1w1ly1w1ly1k1ly1k1ly1k1ly1k1ly1k1ly1w1ly1w1ly1w1ly1w1ly1w1ly26w26g10y10~x2	4
s36/db20k1db1k1db1k1db1k1db1k1db1k1db1k8w8db16w50k4r6db28r1db1r1db1r1db1r1db1r1db1r1db1r8k24w12k4	4
s36/db4g6dg7dy1g6dg7dy1g6dg7dy1g6dg7dy1g6dg7dy1g6db4k8lo1k1w1k1db8r6k1r4w1r4k1r6db8k1w1k1lo1~x2	4
s36/db4g6dg7o1g6dg7o1g6dg7o1g6dg7o1g6dg7o1g6db4k8b1k1w1k1db8r6k1r4w1r4k1r6db8k1w1k1b1~x2~g2508144-dg1104144	4
s36/db4w52db5w5k26dg25r6dg28k25dg3db26dg6db25dg3k27w50db4r4db4w50k27dg3db25dg6db26dg3k25dg28r6dg25k26w5db5w52db4r4	4
s36/db50dg4g6dy28g1dy1g1dy1g1dy1g1dy1g1dy1g1dy1g8dg24db12dg4dy20dg1dy1dg1dy1dg1dy1dg1dy1dg1dy1dg1dy1dg8db8dy16	4
s36/db50dg4g6o28g1o1g1o1g1o1g1o1g1o1g1o1g8dg24db12dg4o20dg1o1dg1o1dg1o1dg1o1dg1o1dg1o1dg8db8o16	4
s36/db50ly16db8dg8ly1dg1ly1dg1ly1dg1ly1dg1ly1dg1ly1dg1ly20dg40db12dg24g8ly1g1ly1g1ly1g1ly1g1ly1g1ly1g1ly28g6dg4	4
s36/db50w16db8dg8w1dg1w1dg1w1dg1w1dg1w1dg1w1dg1w20dg40db12dg24dgi8w1dgi1w1dgi1w1dgi1w1dgi1w1dgi1w1dgi1w28dgi6dg4~dgi1806142	4
s36/db50w16db8dg8w1dg1w1dg1w1dg1w1dg1w1dg1w1dg1w20dg40db12dg24g8w1g1w1g1w1g1w1g1w1g1w1g1w28g6dg4	4
s36/db5k1db5y2k1r3w1r3w1r3k1y1db3w1db3y1k1r3w1r3w1r3k1y1db5k1db5k1db5y1k1r3w1r3w1r3~x4	4
s36/db6k2db6y4k2r3y2r3w2r3k2y2db3w2db3y2k2r3w2r3k2y2db6k2db6k2db6y2k2r3w2r3w2r3k6w1~x2	4
s36/dg50ly16dg8dy8ly1dy1ly1dy1ly1dy1ly1dy1ly1dy1ly1dy1ly20dy40dg12dy24r8ly1r1ly1r1ly1r1ly1r1ly1r1ly1r1ly28r6dy4	4
s36/dg50ly16dg8dy8ly1dy1ly1dy1ly1dy1ly1dy1ly1dy1ly1dy1ly20dy40dg12dy24r8ly1r1ly1r1ly1r1ly1r1ly1r1ly1r1ly28r6dy4~ly2705081	4
s36/dp1db2k1dp1db2k1dp1db2k1dp1db2k1dp1db2k1dp1db2k1w27db27w6k3n2w1n2k3w2dr9dy2y1dy2y1dy2y1dy2y1~x2	4
s36/dp1db2k1dp1db2k1dp1db2k1dp1db2k1dp1db2k1dp1db2k1w27db27w6k3n2w1n2k3w2dr9ly2y1ly2y1ly2y1ly2y1~x2	4
s36/dp6k1n1k2n1k1dp6k1n22k3n1k3n10k1dp3n1k6n1dg3k1n10k3n1k3n22k1dg6k1n1k2n1k1dg6k1n12k1~x2	4
s36/dp7w1dp7w1dp24w1dp2lb2w1lb2dp2w1dg10g3w1dp4lb2w1r3w1lb2dp3w1g3dg10w1dp2lb2w1lb2dp2w1dp6r16k2r2~x2	4
s36/dr5db3dr3r2db2y2db2y1db14g2db7g4db4g7db2g9y1n2g5~x2~db1406275-r2109032	4
s36/dr7k1dr7w3k1w1k1w1r3w1r3w3k1w1k1w1k1w1r3w1k1w1r3w1k1w3r3w3k1w1dr7k1dr7db7y1db7~x4	4
s36/g20k1g1k1g1k1g1k1g1k1g1k1g1k8y8g16y50k4r6g28r1g1r1g1r1g1r1g1r1g1r1g1r8k24y12k4	4
s36/g2dg2db5dg4db10t15dg10dr12dg6g4dg6dr12dg10t20lb2db2t18db1g2~t2205244	4
s36/g50db16g8k8db1k1db1k1db1k1db1k1db1k1db1k1db20k40g12k24ly8db1ly1db1ly1db1ly1db1ly1db1ly1db1ly1db28ly6k4	4
s36/g50k4dy6db28dy1db1dy1db1dy1db1dy1db1dy1db1dy1db1dy8k24g12k4db20k1db1k1db1k1db1k1db1k1db1k1db1k8g8db16~x2	4
s36/g50r16g8do8r1do1r1do1r1do1r1do1r1do1r1do1r20do40g12do24ly8r1ly1r1ly1r1ly1r1ly1r1ly1r1ly1r28ly6do4	4
s36/g50r16g8do8r1do1r1do1r1do1r1do1r1do1r1do1r20do40g12do24y8r1y1r1y1r1y1r1y1r1y1r1y1r28y6do4	4
s36/g52k4o6db28o1db1o1db1o1db1o1db1o1db1o1db1o8k24g12k4db20k1db1k1db1k1db1k1db1k1db1k1db1k8g8db16~x2	4
s36/gi50g16gi8w8g1w1g1w1g1w1g1w1g1w1g1w1g20w40gi12w24ly8g1ly1g1ly1g1ly1g1ly1g1ly1g1ly1g28ly6w4~gi2504187-g2408144-ly3104101	4
s36/k3y2k13w2lb11r12w2r12k12y2g12r12w2r12lb11w2k13y2k3~x2	4
s36/k4n1k1n1k1n1k1n1k1n1k1n1k1n1k1n1k1n1k1n1k1n1k1n1k1n1k1n1k1n1k1n1k12n4k12n4	4
s36/k50g16k8w8g1w1g1w1g1w1g1w1g1w1g1w1g20w40k12w24ly8g1ly1g1ly1g1ly1g1ly1g1ly1g1ly1g28ly6w4	4
s36/k50ly16k8dy8ly1dy1ly1dy1ly1dy1ly1dy1ly1dy1ly1dy1ly20dy40k12dy24dg8ly1dg1ly1dg1ly1dg1ly1dg1ly1dg1ly1dg1ly28dg6dy4~ly2705081	4
s36/k6r6k6y5db5w5db5y5k9w1k4w1k9r5w5r5w5r5k5y5db12k4db10k4db12y4k5r4w4r4w4r4k4y4db4w4~x2	4
s36/lb6y1k1r1k1r1k1r1k1y4lb3y4k3r3w1r3w1r3k3y1lb3w1lb3y1db1r1k1r4w1db1w1r4w1db1w1r4~x4	4
s36/ly50dg16ly8k8dg1k1dg1k1dg1k1dg1k1dg1k1dg1k1dg20k40ly12k24r8dg1r1dg1r1dg1r1dg1r1dg1r1dg1r1dg28r6k4	4
s36/ly50dg16ly8k8dg1k1dg1k1dg1k1dg1k1dg1k1dg1k1dg20k40ly12k24r8dg1r1dg1r1dg1r1dg1r1dg1r1dg1r1dg28r6k4~ly3104101-r2109032	4
s36/lyi50ly16lyi8dy8ly1dy1ly1dy1ly1dy1ly1dy1ly1dy1ly1dy1ly20dy40lyi12dy24dg8ly1dg1ly1dg1ly1dg1ly1dg1ly1dg1ly1dg1ly28dg6dy4~lyi3104101-ly2705081	4
s36/n2db1r8db1g2db1r4db4lo1db57w1db2w2db2w1db28lo1db4r4db1g2db1r8db1r8db1n2db1n2db1n2db1n2db1dg2db1~x2	4
s36/r14w2db3w2r14k2r2db2y2lb7w2lb7y2k4r7w1r7w1r7k4y5lb7y5k2r2k2r2k2r2k2y2lb7y2db3y2db3~x2	4
s36/r2k12g2w5g2k2r2k5lb10k2lb4k2lb4k2lb4k10w2k1r2~x2	4
s36/r32db3r3db8r3db3r23g20r6g20r6g20r22g5r10g5r22db24r5db24r23db3r3db8r3db3r32db3r3db8r3db3r23g20r6g20	4
s36/r50ly16r8k8ly1k1ly1k1ly1k1ly1k1ly1k1ly1k1ly20k40r12k24dg8ly1dg1ly1dg1ly1dg1ly1dg1ly1dg1ly1dg1ly28dg6k4	4
s36/r6w16r6db1r6w16r6db9w140r55k2w4k2r16w20r16db6r2db27k4y4k6y4k4db27r2db6r16w20r16k2w4k2r55db1r6~x2	4
s36/ri4w1r11ri2w2dp11lb4w2lb4dp11w2g4y4w1dp5w1y4g4w2dg10g4w2g4dg10w2lb2dp6w1dp6lb2w2ri2r11w1ri4w1~x2~ri2406019-r2109032-g2408144-dg1806142	4
s36/w24k4w4k4w4k20w8k20w16k16r1k1r1k1r1k1r1k1r1k1r1k1r1k1r1k1r1k1r1k1r1k1r1k16w96k16~x2	4
s36/w50db16w8k8db1k1db1k1db1k1db1k1db1k1db1k1db20k40w12k24r8db1r1db1r1db1r1db1r1db1r1db1r1db28r6k4	4
s37/g12k1r6db1r1lb1r1db1r6k12r1db12r6k1r6db12r1k12r6lb1g12r6k1r6g12r6db1r1lb1r1db1r6k12r1db12r6k1~x2	4
s37/k16lb2lp2ly2lp10lb4ly6lb10ly6lb10ly4lb10ly4lb10ly2lb32ly2lb10lp4ly14lb10ly10lb6ly10lb6ly10lb6ly10lb4ly10lb2ly28lb3ly10lp6lb4ly16~x2	4
s37/k16lb2lp2ly2lp10lb4ly6lb10ly6lb10ly4lb10ly4lb10ly2lb32ly2lb10lp4ly14lb10ly10lb6ly10lb6ly10lb6ly10lb4ly10lb2ly28lb3ly10lp6lb4ly16~x2~ly3104101	4
s37/r6k6r6k6y7db7y7k8r6w5r6w5r6k8y8db8w7db7y7k8r8k8r15w2k2w2r14w2k2w2r14k8r8k8y6db6y6	4
s38/db4n3db4n19k2n3k2n12db4n3db4n3k1n2dy1n2dy1n2k1n3~x4	4
s38/dg24r33k2r2k5r2k2r26k2r2k5r2k2r26w3r12db33r7db33r12w3r26dg4r12dg4r26dg12r8dg12r12dg8g7dg8r12dg9w3dg16w2~x2~dg1806142-g2408144	4
s38/dg24r7dg24r26k2r2k5r2k2r24k2r2k5r2k2r26w3r12db33r12w3r26dg4r12dg4r26dg12r8dg12r12dg8g7dg8r12dg9w3dg16w2~dg1806142-g1904115	4
s38/dy1w1r7k8r1k8w1ly2w1k7r1k7w1r7w1k7r1k7r7w1~x4	4
s38/g10r2g10r9k1r1k2r1k1r9k1r1k2r1k1r9w1r4db11r2db11r4w1r9g2r4g2r9g5r3g4r3g3y1g3r3g6w1~x2	4
s38/g24r24db3k21db3r6g4r6db10r6g4r6k3db11r42db10k6g16r3k21	4
s38/g29r5g28r22k2r2k4r2k2r22k2r2k4r2k2r20w2r9db26r5db28r9w2r22g3r8g3r22g8r6g8r6g5y3g5r7g12w2~x2	4
s38/g82k2g2k2g2k8db28k2w6k2db28k2y6k2g32k2r5k2g15w6	4
s38/k12w2k12w2k6w2k7w6k2w6k2w2k6w2k6w2k2w12k2w12~x2	4
s38/r1w1k1w1k1w1k1w1k1w1k1w1k1w1k1w1k1w1k1w1~x8	4
s38/r24w4r24k4g6db26g1db1g1db1g1db1g1db1g1db1g1db1g8k24r12k4db20k1db1k1db1k1db1k1db1k1db1k1db1k8r8db16~x2	4
s38/r5dy1r8w1db20w1lb20w1g20dy1r5dy1r5dy1g20dy2r52w1dy5w1~x2	4
s38/y2lb2dg1g2dg2g2dg2g2dg2lb2y2lb2dg28r24y1n2y3lb4r10dy16r4y2r14dy5r10dg28lb2y2lb2dg1g2dg2g2dg2g2dg1lb2y2~dg1806142-g2408144	4
s38/y2lb2g1b2g2b2g2b2g2lb2y2lb2g28r24y1n2y3lb4r10o16r4y2r14o5r10g28lb2y2lb2g1b2g2b2g2b2g1lb2y2	4
s39/g21w2g20r8g6y3g6r8g10r9g11r22g3r9g3r21w2r10db26r6db26r10w2r19g2r2g3r2g2r20g2r2g3r2g2r19g20r6g20	4
s39/g21w2g20r8g6y3g6r8g10r9g11r22g3r9g3r21w2r10db26r6db26r10w2r19g2r2g3r2g2r20g2r2g3r2g2r19g20r6g20~x2	4
s39/g9r3g9r8g1r1g3r1g1r8g1r1g3r1g1r8w1r4db10r3db10r4w1r8g2r4g2r8g5r3g5r3g5y1g5r5g8w1g8~x2	4
s4/b124k60w1k2~x2	4
s4/b1db5b5w1~x4	4
s4/b20dp3db7y1~x4	4
s4/b5g7k1lb1~x4	4
s4/b6db6g6r1~x2	4
s4/b9g9k10lb2~x2	4
s4/db102r11db14w11	4
s4/db10g10r5w1~x2	4
s4/db13r2g13~x2	4
s4/db13r5g5w3~x8	4
s4/db140r11db14y11	4
s4/db14k3dr3w1~x2	4
s4/db16b4db3r1~x2	4
s4/db16dr4db3r1~x2	4
s4/db16dr4db3r1~x6	4
s4/db16k6g8y1~x2	4
s4/db16r4db3dp1~x2	4
s4/db18ni18y28n13~x2~db1108266-ni2203265	4
s4/db18t18ly28n13~x2	4
s4/db18w4db3y12~x2	4
s4/db1lb1db8r1~x2	4
s4/db1n6k6r1~x10	4
s4/db1r16k16y1~x4	4
s4/db1r1k12g1~x4	4
s4/db1r8k8lo1~x4	4
s4/db20k20g20r1~x2	4
s4/db20w1r12db12~x4	4
s4/db21g34r14w6~x2	4
s4/db21k10dt8r3~x2	4
s4/db23w4r4~x4	4
s4/db2dr1k1lb1~x10	4
s4/db2g7db7w1~x2	4
s4/db31k8dp4w2~x4	4
s4/db32r3db4y3~x2	4
s4/db39ly8dr3w1~x4	4
s4/db39y8dr3w1~x4	4
s4/db39y8r3w1~x4	4
s4/db3b30db40r3~x2	4
s4/db3g6ly1r3~x10	4
s4/db3g6y1r3~x10	4
s4/db3k32r27w2~x2	4
s4/db3w25k25r3~x2	4
s4/db44dy12db9dr3~x2	4
s4/db4k5g4r1~x4	4
s4/db4r50g25w2~x2	4
s4/db4w35db31w4~x2	4
s4/db50k12db21w5~x2	4
s4/db60g16w8dy3~x2	4
s4/db60g16w8y3~x2	4
s4/db62dr24ly5dg3~x2	4
s4/db62r24y5g3~x2	4
s4/db80w1lo8w3~x2	4
s4/db8dr1k1n1~x10	4
s4/db8g20w4r1~x5	4
s4/db8g8w4r1~x5	4
s4/db8k3r4y1~x2	4
s4/db9dg16b56ly4~x2~dg1304144-ly3608101	4
s4/dbi88db35w3db10~dbi1406275-db1204274	4
s4/dbi88db35w3db10~dbi1406275-db1404245	4
s4/dbi9g16db59ly4~x2~dbi1406275-db1106275	4
s4/dg18r2dg7r18~x2~dg1806142-r2109032	4
s4/dg1dr10r10dg1~x6	4
s4/dg1r1w1db1~x20	4
s4/dg21lo43dg86b10~dg1104144-lo2706066	4
s4/dg21lo44dg86lb10	4
s4/dg21y43dg86lb10	4
s4/dg2dp2dg24dpi1~x4~dg1806142-dpi1507327	4
s4/dg35g25r15lb23~x2~dg1804173-g2003114	4
s4/dg41y26yi19n19~x2~dg1605139-y2303114-yi2400000-n1700000	4
s4/dg43k14b14r2~x2	4
s4/dg43k14db14dr2~x2	4
s4/dg4dp4dg1dp1~x4	4
s4/dg4dp4dg1dp1~x4~dp1105325	4
s4/dg4lb10db10lb1~x4	4
s4/dg4w35g31w4~x2	4
s4/dg6db2dg1~x8	4
s4/dg7dr7w7r1~x6	4
s4/dg8dr1db1n1~x10	4
s4/do10lr1do30y3~x4	4
s4/do12y6do2lo1~x4	4
s4/dp1k1dy1r1~x4	4
s4/dp20db25w3k2~x2	4
s4/dp3n1g2~x10	4
s4/dp4g10r1w1~x2~r2109032	4
s4/dp4g10r1y1~x2	4
s4/dp4g10r1y1~x2~dp1105325-r2109032	4
s4/dp4g10w1r1~x2	4
s4/dp5g2dp19r5~x2	4
s4/dp5g3dp19r5~x2	4
s4/dp5k5g5w1~x4~dp1607327	4
s4/dp6g15dg15k2~x2	4
s4/dp6g15dg15w2~x2	4
s4/dp6k5g5r1~x2	4
s4/dp7g23r3g7~x2	4
s4/dp8k11g9r2~x2	4
s4/dp8k11g9r2~x2~dp1607327	4
s4/dp8k11g9w2~x2	4
s4/dr104dg39lo4~x2	4
s4/dr10db10lo1~x4	4
s4/dr14k3dg3w1~x2	4
s4/dr1dg3db3dg1~x4	4
s4/dr1g11k11lo1~x4	4
s4/dr1k20lb5dr1~x4	4
s4/dr3dg40dy30dg3~x2	4
s4/dr3n16k16lb3~x4	4
s4/dr5n32k31w5~x2	4
s4/dr5o35dr46ly5~x2	4
s4/dr7g23r3g7~x2	4
s4/dr80lb40k5dy6	4
s4/dy10w1dy30y3~x4	4
s4/dy12ly6dy2y1~x4	4
s4/dy22dp1g22r4~x4	4
s4/dy5dt32dy32w5~x2	4
s4/g10k2dp5g1~x8	4
s4/g10w7ly41k7~x2	4
s4/g10w7y41k7~x2	4
s4/g12db3g1~x2	4
s4/g12dp3g1~x2	4
s4/g12k4g1~x2	4
s4/g13r2lb13~x2	4
s4/g14k3dr3lr2~x2	4
s4/g14k80g14y5~x2	4
s4/g14r3db9lb2~x2	4
s4/g15r3db11lb2~x2	4
s4/g15r3db11w2	4
s4/g15r3dp11lb2~x2	4
s4/g15r3dr11lb2	4
s4/g15r3dr11lb2~x2	4
s4/g16k11g16dr2~x4	4
s4/g16r1g2r11~x8	4
s4/g1r8k13ly1~x6	4
s4/g1y9g9lo1~x4	4
s4/g20r7db40w2~x2	4
s4/g21db34r14w6~x2	4
s4/g22k3g25k4~x2	4
s4/g22w14r7ly2~x2	4
s4/g22w14r7y1~x2	4
s4/g27r9b2y14~x4	4
s4/g28dp10g3~x2	4
s4/g2k1g2lb1~x8	4
s4/g2r2g2lb1~x4~r2109032	4
s4/g2r4g2lb1~x4	4
s4/g30ly3db8r25~x2	4
s4/g30y3db8r25~x2	4
s4/g38r24k9r9~x2	4
s4/g3db3dp4w1~x4	4
s4/g3ly6dg4g2~x2	4
s4/g4dp4g1dp1~x4	4
s4/g4dp5g4lb2~x2	4
s4/g4k5g4ly1~x2	4
s4/g4k5g4r2~x2	4
s4/g50dy25ly2dp6~x2	4
s4/g53r13db2y22~x2	4
s4/g56dy13y13n5~x2	4
s4/g6db2g1~x4	4
s4/g6dp2g1~x20	4
s4/g6dp2g1~x4	4
s4/g6k2dr3k1~x4	4
s4/g72r25y8w5	4
s4/g75r2g4r40~x2	4
s4/g7lb2r4~x2~r2109032	4
s4/g8dp4g1dp2~x4	4
s4/g9b20g40w5~x2	4
s4/g9dr7w7r1~x4	4
s4/g9dy20g40w5~x2	4
s4/g9dy7w7r1~x4	4
s4/g9k11dp8lb2~x2	4
s4/g9o20g40w5~x2	4
s4/g9o20g46lg5~x2	4
s4/g9o7w7r1~x4	4
s4/k11dp4lb1g9~x4	4
s4/k12dr7k1dr9~x4	4
s4/k13dr40r13n8~x2	4
s4/k15db40k9n10~x2	4
s4/k18g18do21r4~x2	4
s4/k19db18w9r3~x4	4
s4/k19o7k26o3~x2	4
s4/k1db1w1db1~x20~db1208266	4
s4/k1db7k7ly1~x10	4
s4/k1db8k8y1	4
s4/k1g1r1~x8~r2109032	4
s4/k1g8k8ly1~x4	4
s4/k1g8k8y1	4
s4/k1lb1~x6	4
s4/k1r8k8y1	4
s4/k1r8k8y1~x2	4
s4/k1r8k8y1~x4	4
s4/k1r8k8y1~x6	4
s4/k1w1do1~x8	4
s4/k1w8db8r1~x8	4
s4/k20dp3k20dp20~x2	4
s4/k20dr3k20dr20~x2	4
s4/k21r8n13k8	4
s4/k22w3k3w22~x2	4
s4/k2ly1g7lb1~x2~ly3307090	4
s4/k30db7g36k5~x2	4
s4/k30dp5k10dp9~x4	4
s4/k30lb7g36k5~x2	4
s4/k30r17k3~x4	4
s4/k34db13k7db14~x2	4
s4/k34ly3k34ly26~x2	4
s4/k34y3k34y26~x2	4
s4/k35lo3w3g3~x4	4
s4/k3db23k17r2~x2	4
s4/k3dr20k20dr3~x2	4
s4/k3g15k20y3~x2	4
s4/k41lg16dg14w2~x2~lg2704216-w3600000	4
s4/k46dy7k8w20~x2	4
s4/k46o7k8w20~x2	4
s4/k4g33k33y4~x2	4
s4/k4w35dp35o4~x2	4
s4/k50db3y3dr50~x2	4
s4/k50r1db3dp1~x4	4
s4/k5g14db12g4~x4	4
s4/k5g40db20ly3~x2	4
s4/k5g40db20y3~x2	4
s4/k5lo1k1~x20	4
s4/k5n24w24k5~x2	4
s4/k5n24w24r5~x2	4
s4/k5r26k26r5~x4	4
s4/k5w37r37w5~x2	4
s4/k5y1k1~x12	4
s4/k60lb3k9g7	4
s4/k61dg10g20w4~x2~dg1806142-g2408144	4
s4/k62db15w6y4~x2	4
s4/k62n24ly5w8~x2	4
s4/k62n24y5w3~x2	4
s4/k67r32k6	4
s4/k6g5r2~x2	4
s4/k6lb1g7k1~x2	4
s4/k6r31k31r6~x2	4
s4/k6y1g6~x4	4
s4/k6y1k6y6~x6	4
s4/k70lo16db3o45	4
s4/k72w3k11db9	4
s4/k75y29k4ly6~x2~y2400000-ly3307090	4
s4/k7r5w3db2~x4	4
s4/k7w1g7lb1~x2	4
s4/k7w6k1	4
s4/k7w6k1~x2	4
s4/k7w6k1~x4	4
s4/k7y1g7lb1~x2	4
s4/k80dp30db9r3~x2	4
s4/lb11db1w1y1~x20	4
s4/lb14n7dy6n2~x8	4
s4/lb15w2r20w3~x4	4
s4/lb20dp3db7dy1~x4	4
s4/lb24o9n23y3~x2~o2500000-n1900000	4
s4/lb2r4g5y1~x4	4
s4/lb3n6k4lb2~x2	4
s4/lb3o6k4lb2~x2~o2500000	4
s4/lb48g25lb13y5~x2	4
s4/lb4ly15lb4w2~x2	4
s4/lb53g20w18db14~x2	4
s4/lb5db12g8lb4	4
s4/lb6b28o20lb3~x2	4
s4/lb6db6g6r1~x2	4
s4/lb6do28lo20lb3~x2	4
s4/lb6lo28dy20lb3~x2	4
s4/lb8dg1dr2~x20	4
s4/lb9db1w1y1~x20	4
s4/lb9g52dy15ly4~x2	4
s4/lo80k52w7n12	4
s4/lo80k52w7o12~o2500000	4
s4/lr20b1lr4b3~x4	4
s4/ly100dy26dg3dr2~x2~dy1603076	4
s4/ly100dy26g3r2~x2	4
s4/ly100dy26g3r2~x2~r2109032	4
s4/ly24r1w1db1~x11	4
s4/ly28dr24dg55dp19~x2	4
s4/ly30g30r1db16~x2	4
s4/ly60do3ly4r3~x2	4
s4/ly75k29ly4y6~x2~ly3307090-k0700000	4
s4/ly7w6ly11r2~x2	4
s4/ly81dg6lyi8dg8~x2~ly2503076-lyi2705081	4
s4/n10k2db2dp1~x5	4
s4/n12k8db15w8~x2	4
s4/n19w1n19r1~x2	4
s4/n20w13y24k3~x2	4
s4/n22y10w3db8~x2	4
s4/n22y10w3k8~x2	4
s4/n24r11k6db4~x4	4
s4/n25k4w8r16~x4	4
s4/n25k5db5dp3~x2	4
s4/n25k9n10w2~x4	4
s4/n30r1n15db4~x2	4
s4/n44dg12db1r6~x2	4
s4/n44dg12db1r6~x2~r1406028	4
s4/n62k30w1k1~x2	4
s4/n62w11k4db17~x2	4
s4/n62w11k4lg17~x2	4
s4/n70lo16t3o45	4
s4/o12oi6o2y1~x4~o2102055-oi2104058	4
s4/o14n7ly7n2~x8~o2500000-n1900000	4
s4/o16dr21r32w16~x2~o1404029-dr1304000	4
s4/r10db5lb5n4~x8	4
s4/r10dg4dy1~x8	4
s4/r10dg4y1~x8	4
s4/r10lb5o5n4~x8~o2500000-n1900000	4
s4/r125k26lb20lo16	4
s4/r15g7db7r1~x4	4
s4/r17g9r2~x2	4
s4/r18g7r2g18~x2	4
s4/r18g7r2g18~x4	4
s4/r1db9k4lb1~x4	4
s4/r1g11k11y1~x4	4
s4/r1g16db16g1	4
s4/r1g16db16g1~x2	4
s4/r1g16db16g1~x2~r2109032-db1406275	4
s4/r1g16db16g1~x4	4
s4/r1g3dp3w1~x4	4
s4/r1g6db6w1~x4	4
s4/r1g7r9y1~x4	4
s4/r1g8dy8w1~x2	4
s4/r1g8o8w1~x2	4
s4/r1ly13k8g1~x6	4
s4/r1w8b8y1~x4	4
s4/r1y13k8g1~x6	4
s4/r21b43dt86w10~b1511266-dt1203284	4
s4/r21db43dbi86w10~db1106275-dbi1404245	4
s4/r21db61dy8w21~x2	4
s4/r21db61y8w21~x2	4
s4/r25k13w8db5~x2	4
s4/r25k5r1~x4	4
s4/r2b35db35y1~x2~b1511266-db1108266	4
s4/r2db2g3y2~x5	4
s4/r2dbi35db35ly1~x2~dbi1406275-db1204274	4
s4/r2g9r2lb2~x4~r2109032	4
s4/r2k50n2r1~x2	4
s4/r2k6db33w2~x4	4
s4/r31db33dg12w2~x2	4
s4/r31db33g12w2~x2	4
s4/r32dg8lb4y1~x2	4
s4/r32g8lb4y1	4
s4/r32g8lb4y1~x2	4
s4/r32g8w4y1	4
s4/r36dg2r5dg16~x2	4
s4/r36g2r5g16~x2	4
s4/r38g2r5g16	4
s4/r38g2r5g16~x2	4
s4/r3db12k50y3~x2	4
s4/r3g1k3w1~x20	4
s4/r3g20r25w3~x4	4
s4/r3lb12k50ly3~x2	4
s4/r40db2r6db15~x2	4
s4/r4db32k15w2~x2	4
s4/r4k25y25w4~x2	4
s4/r4w35r31w4~x2	4
s4/r5db26k12w2~x4	4
s4/r5g5w3r5	4
s4/r5g7k2lb1~x4	4
s4/r5n32k31w5	4
s4/r5n32k31w5~x2	4
s4/r60w28ly2lb3~x2	4
s4/r60w28y2lb3~x2	4
s4/r60y7r5y2~x2	4
s4/r63k16y5~x2	4
s4/r6g5k5lb1~x2	4
s4/r7w36db36y7~x2	4
s4/r80lb40k5lo6	4
s4/r9g9k10lb2~x2~r2109032	4
s4/t20k20g20r1~x2	4
s4/t4g8t18w3~x2	4
s4/t6db6g6r1~x2~t2503227-db1406275-r2109032	4
s4/w11db20y3db8~x2	4
s4/w14t5r1lb1~x8	4
s4/w1g10db4lb1~x2	4
s4/w1g10dp4lt1~x2	4
s4/w1k10r10w1~x4	4
s4/w1lb5db5lb1~x4	4
s4/w1n12dp1w1~x4	4
s4/w2dg13o13w2~x6	4
s4/w2g13b13w2~x6	4
s4/w2g13lo13w2~x6	4
s4/w30k1w1k2~x2	4
s4/w35db12r2n2~x2	4
s4/w40db40r1k4~x2	4
s4/w40t40r1k4~x2	4
s4/w4dp31w35lb4~x2	4
s4/w4lb28db49y3~x2	4
s4/w4lb28db49y3~x2~db1204274	4
s4/w4lb34db60y3~x2	4
s4/w4n28lb48y3~x2	4
s4/w4n28t48y3~x2~t2503227	4
s4/w80db30lo5y4~x2	4
s4/w81dg6lo8dg8~x2	4
s4/w9r23g23w9~x2	4
s4/y100o26dg3b2	4
s4/y1dy5r5w1~x4	4
s4/y1g10db4lb1~x2	4
s4/y1k6y6w1	4
s4/y1k6y6w1~x2	4
s4/y1k6y6w1~x8	4
s4/y1k8r13g1~x6	4
s4/y1k8r8w1~x2	4
s4/y1k8r8w1~x4	4
s4/y1o5r5w1~x4	4
s4/y20k15y20w3~x2	4
s4/y22dp1g22r4~x4	4
s4/y2k3dr31w1~x4	4
s4/y30g30r1db16~x2	4
s4/y3k2r10k1~x4	4
s4/y40db8k20g11~x2	4
s4/y6k3r40w3~x2	4
s4/y6w5y12r2~x2	4
s4/y9g52dg15ly4~x2~y2202111-ly3005093	4
s4/yi9g52dy15y4~x2~yi2202111-dy1502083	4
s40/db13k3db3k3db3k10lb10w4r4w4lb10k10db14k3db3k3db14k10lb8w3r3w3lb8k10db13k3db3k3db13k10lb10w4r4w4lb10k10db3k3db3k3~x2	4
s40/db1r1w2r12db1r2db1r12w1db1r1db1lb1db1r1db1w1r6k2r7dr4r7k2r6w1db1r1db1lb1db1r1db1w1r12db1r2db1r12w2r1~x2~db1406275-dr1305012	4
s40/dg23r6dg23r25k2r2k5r2k2r26k2r2k5r2k2r26w3r12lb33r7lb33r12w3r26dg8r12dg4r26dg12r8dg12r12dg8g7dg8r12dg9w3dg16w2	4
s40/dg24r7dg24r26k2r2k5r2k2r26k2r2k5r2k2r26w3r12db33r7db33r12w3r26dg4r12dg4r26dg12r8dg12r12dg8g7dg8r12dg9w3dg16w2~x2~dg1504144-g2408144	4
s40/dg4db4dr4db2dg12db2dg12db2dr4dg4w1r4dbi2dr4db4dg4db4dr4db2dg12db2~x2~db1404245-dbi1406275	4
s40/k12g1k1g1k1g1k1g12lb4y4lb4k1g1k1g1k1g1db1g12k12db1k1db1k1db1k1db12lb4k1r4k1lb4k1db1k1db1k1db1k1db12~x2	4
s40/k12g1k1g1k1g1k1g12lb4y4lb4k1g1k1g1k1g1k1g12k12db1k1db1k1db1k1db12lb4k1r4k1lb4k1db1k1db1k1db1k1db12~x2	4
s40/n2k2n8db8k2n2k2w2k11db8n46k8n2k8n2k8n2k8n2k8n2k8n2k8n2k8n2k8n46db8k11w2k2n2k2db8n8k2n2w2~x2	4
s40/r23dg2r3dg2r3dg2r5ly5r5dg2r3dg2r3dg2r23dg23r5dg15r5dg23r23dg2r3dg2r3dg2r5w5r5dg2r3dg2r3dg2r23dp15r5dp15r5dp15~x2	4
s40/r23g2r3g2r3g2r5y5r5g2r3g2r3g2r23g23r5g15r5g23r23g2r3g2r3g2r5w5r5g2r3g2r3g2r23db15r5db15r5db15~x2	4
s40/r24db4r22g4r4g4r4g4r4g4r20g4r4k2g22k2r4g4r22g4r4db22r21w4r21g19w2g19r5g4r22g4r5g4k4r5db4r5db4r19	4
s40/r2g12k4db11r2db11k4db2k9db2k9db2k4db11dy2db11k4g12r2g2r2g12k4db11dy2db11k4db2k9db2k9db2k4db11r2db11k4g12r2g2~x2	4
s40/r30y5r27dg5r5dg5r5dg5r5dg5r25dg5r5k2dg28k2r5dg5r28dg5r5y28r26w5r26dg24w2dg24r7dg5r28dg5r7dg5k5r7y5r7y5r24~x2	4
s40/w45db4w4db4w5g7w7g7w4db2w4g7w7g7w5db4w4db4w45lb8w45db4w4db4w5g7w7g7w4db2w4g7w7g7w5db4w4db4w45r8~x2	4
s40/w4db16dg8k8dg48k8y4w6lb7w6y4dg12k8dg12y36w6lb7y4w2r8dg16g64k8db8r48k22w2r8w2db16dg18r4w2k2lb7k2w6r4dg36w2	4
s41/db48r40k4r4g48r54db46r54dg14r4k4r4k4r48k4r4k4r4dg14r52db46r54dg60r4dg4r48db4r12db4r4db4r48k4r4dg60r48db4r4db4r4k7	4
s41/r16g2dg12r4t4r4w2r4t4r4dg12r2w1r24t1r2dg44r2t2r64t2r2dg44r2t2r22w2r2db16r2w2r10dg12g2r8g2dg12r3w2r2db10~x2	4
s41/r32b2dg12r4lb4r4w2r4lb4r4dg12r2w2r24lb2r2dg44r2lb2r64lb2r2dg44r2lb2r22w2r2db16r2w2r10dg12b2r8b2dg12r3w2r2db10~x2	4
s41/r32g2dg12r4lb4r4w2r4lb4r4dg12r2w2r24lb2r2dg44r2lb2r64lb2r2dg44r2lb2r22w2r2db16r2w2r10dg12g2r8g2dg12r3w2r2db10~x2	4
s42/db45w4db6g6db6g6db6g37r6g6r6g6r6g6r6g39r27g6db6r12w4r30	4
s42/dg12ly1k2w2k2w2k2w2k2ly1dg12dp1dg2dp3dg1dp4r2dp4dg1dp3dg2dp1dg12k1lb4k1lb4k1lb4k1dg12dp1dg2dp3dg1dp4ly2dp4dg1dp3dg2dp1~x2	4
s42/dg12y1k2w2k2w2k2w2k2y1dg12dp1dg2dp3dg1dp4r2dp4dg1dp3dg2dp1dg12k1lb4k1lb4k1lb4k1dg12dp1dg2dp3dg1dp4y2dp4dg1dp3dg2dp1~x2	4
s42/dr16lb3dr16k3dg32dr16k3dr16dg32k3dr18db3dr3lb3dr3db3dr18k34dr3db34dr16k3	4
s42/k7r3y2r60g7r2y2r7g50w2k50r2db50r7y2r2db7r60k7y2r3k7~db1404245	4
s43/db5r7db1r1y5r5db5r5y2r1db1r1db1r5db1r1db1r1y2r5db5r5y5r1db1r6db1r1db1r2db1r1db1r6db1r1y5r4db1r1db1r1db5~x2	4
s43/k4ki1ly2ki1k5ki1k2ki2k2ki4k2ki2k2ki1k5r1k4ki20dp3ki4k4ki1w2ki1k4ki4dp3ki20k4r1k5ki1k2ki2k2ki4k2ki2k2ki1k5ki1ly2~x2~k0504259-ki0700000	4
s43/k72r4db4r4db4r72g90r2k2r24db2r2db2r4db2r2db2r24k2r2g30r26db23r26g7r2k2r2k2r24k2r2k2r2g7r24db24r26g25r2k2r26db30	4
s44/db11k1db1k1db1k1db1k11dg11k1dg1k1dg1k1dg1k1w4y4w4dg11k1dg1k1dg1k1dg1k11db11k1db1k1db1k1db1k1w4k1r4k1w22k1r4k1w4~x2	4
s44/dg4lr1n4lr1n3lr1n2lr1g4lr1g3lr1g2lr1y4lr1y3lr1y2dg3n2dg10n2dg3y2lr1y3lr1y4lr1g2lr1g3lr1g4lr1n2lr1n3lr1n4lr1dg4lr2~x4~dg1806142-g1903114	4
s44/k14r4y4k8r70dp8r3y3r8dp64r3k63w3g64r8y3r3g8r70k8y4r4k14	4
s44/lb1ly1lb1dg1g2dg2g2dg2g2dg1lb1ly1lb1ly1lb1dg28r24ly1n2ly3lb4r10dy16r4ly2r15dy5r9dg28lb1ly1lb1ly1lb1dg1g2dg2g2dg2g2dg1lb1ly1lb1~x2~ly3307090-dg1806142-g2408144-dy1603076	4
s44/lb1y1lb1dg1b2dg2b2dg2b2dg1lb1y1lb1y1lb1dg18r16y1n2y3lb4r8o9r3y2r9o5r6dg18lb1y1lb1y1lb1dg1b2dg2b2dg2b2dg1lb1y1lb1~x2	4
s44/lb1y1lb1dg1g2dg2g2dg2g2dg1lb1y1lb1y1lb1dg18r16y1n2y3lb4r8dr9r3y2r9dr5r6dg18lb1y1lb1y1lb1dg1g2dg2g2dg2g2dg1lb1y1lb1~x2	4
s44/lb1y1lb1dg1g2dg2g2dg2g2dg1lb1y1lb1y1lb1dg28r24y1n2y3lb4r10dy16r4y2r15dy5r9dg28lb1y1lb1y1lb1dg1g2dg2g2dg2g2dg1lb1y1lb1~x2	4
s44/r8b1g2r2lb1r1w1r1lb1r2g3r1w1r6lb1r1g12r1lb1r16lb1r1g12r1lb1r6w1r1db4r1w1r2g3b1r2b1g3r3w1r1db2r1w1r8~x2	4
s44/r8dg1g2r2lb1r1w1r1lb1r2g3r1w1r6lb1r1g12r1lb1r16lb1r1g12r1lb1r6w1r1db4r1w1r2g3dg1r2dg1g3r3w1r1db2r1w1r8~x2	4
s44/r8g1dg2r2lb1r1w1r1lb1r2dg3r1w1r6lb1r1dg12r1lb1r16lb1r1dg12r1lb1r6w1r1db4r1w1r2dg3g1r2g1dg3r3w1r1db2r1w1r8~x2	4
s44/r8g1dg2r2lb1r1w1r1lb1r2dg3r1w1r6lb1r1dg12r1lb1r16lb1r1dg12r1lb1r6w1r1db4r1w1r2dg3g1r2g1dg3r3w1r1db2r1w1r8~x2~g2408144-dg1806142	4
s44/r8w1g2r2w1r1w1r1w1r2g3r1w1r6w1r1g12r1w1r16w1r1g12r1w1r6w1r1db4r1w1r2g3w1r2w1g3r3w1r1db2r1w1r8	4
s44/t14r4k2t10k2t10k2t10k2db6t77w4k6t28k92db6k2db6k2db6k2db6k207db6k2db6k2db6k2db6k92t28k6w4t76db6k2t10k2t10k2t10k2r4	4
s44/w2b4k16w2dp6lb4w2lb4dp6w2dp3r8dg3w2dg3r8dp3w2k12b4k12w2dp3r8dg3w2dg3r8dp3w2lb10w2r6dg3w1dg3r6w2b4k16w2r23dg3w2~x2	4
s44/w2g4k16w2dp6lb4w2lb4dp6w2dp3r8ri3w2ri3r8dp3w2k12g4k12w2dp3r8ri3w2ri3r8dp3w2lb10w1r6ri3w1ri3r6w1g4k16w2r23ri3w2~x2~r2209032-ri2806019	4
s44/w2g4k16w2dp6lb4w2lb4dp6w2dp3r8ri3w2ri3r8dp3w2k12g4k12w2dp3r8ri3w2ri3r8dp3w2lb10w1r6ri3w1ri3r6w1ri4k16w2r23ri3w2~x2~r2109032-ri2406019	4
s45/db2g3dp1g2ly1g2dt2dp1ly2dp3g1dp2r1dp2db2g3dp1g2ly1g2dt2r1db2r1db30g3dp1g2ly1g2dt1dp2g1dp2r1dp2db2dt28dp1ly2dp3g1dp2r1dp2~x2	4
s45/db2g3dp1g2ly1g2k2dp1ly2dp3g1dp2r1dp2db2g3dp1g2ly1g2k2r1db2r1db30g3dp1g2ly1g2k1dp2g1dp2r1dp2db2k28dp1ly2dp3g1dp2r1dp2~x2	4
s45/w2db1ri3r7dg7ri2db1ri2dg7ri41db40w2ri4r4ri1r1ri1r4ri4dg15ri4r4ri1r1ri1r4ri4w2k40ri3dg36ri5r5ri1r5ri5db38ri40dg16w2ri8r8ri3r2ri1~ri2109032-r1807008	4
s46/db5r3w2db1w2r3g9dy2w1dy2g9r1g1r27db1r1db1r27db1r1db9w1db1w4~x2	4
s46/dp32o16g8dg1g1dg1g1dg1g1dg1g1dg16t1dg1t1dg1t1dg1t1dg1t1dg1t1dg1t1dg1t1dg1t16lb32t16dg1t1dg1t1dg1t1dg1t1dg1t1dg1t1dg1t1dg1~g2408144-dg1806142	4
s46/g16r2g4ly2g4r2g16db2g3db2g3db10w2n12k2n5k2n12w2db10g3db2g3db2~x2	4
s46/o4g9y1ly1y1ly1y1ly1k1o8k1y1ly1y1ly1o6y1ly1y1ly1y1ly1y1ly1y1ly1y1ly1y1ly1y1ly1y1ly1y1ly1y1ly1y1ly1y1ly1y1ly1y1ly1~x2	4
s46/r47dbi3r1dbi3r11dg4g4r5dbi2r1g4r1dbi2r5g4r4db8r1k2dbi4r1dbi4k2r23~x2~dbi1406275-db1204274	4
s48/dp96g10dp8g8dp10k34r1k6r4k4r6k2r7w3r7k2r6k4r4k6r1k34lb36k6lb18~x2	4
s48/k1g8k1y1k1g8k1ki1k1ki1k1ki1k1ki8w1ki2w1ki8k1ki1k1ki1k1ki1k1g8k1r1k1g8k1ki1k1ki1k1ki1k1ki8w1ki2w1ki8k1ki1k1ki1k1ki1~x4~ki0604259	4
s48/k7r1k2r2k2r2k1r3w2r3k1r2k2r2k2r1k7n10k2n4k2n10k7r1k2r2k2r2k1r3w2r3k1r2k2r2k2r1k7dp2g2dp2g2dp40g2dp2g2dp2~x2	4
s48/ki1g1ki1g1ki1g1ki8w1ki2w1ki8g1ki1g1ki1g1ki1g1w8k1y1k1w8g1ki1g1ki1g1ki1g1ki8w1ki2w1ki8g1ki1g1ki1g1ki1g1w8k1r1k1w8g1~x4~ki0604259	4
s48/o99g6o8g4o10dy34r2dy6r4dy4r6dy2r7w3r7dy2r6dy4r4dy6r2dy34lb36dy6lb18~g2408144	4
s48/r4db5r10dg10r14dg4r3db1r1db1r3db14r18db1r1db3r1db1r3db9r3db1r1db3r1db1r3db9r3db1r1db3r1db1r18db14r3db1r1db1r3dg4r14dg10r10db5r4db1~x2	4
s5/b10k10b10dg26y5~x2	4
s5/b10r1y1db3y2~x5~b1511266-db1108266	4
s5/b15t20n12r34y3~x2~t2004230-y2301060	4
s5/b30k12db12k2w3~x2	4
s5/b37o9b3do9o3~x2	4
s5/b3k7o4k6ly3~x2	4
s5/b86g3r3g6r85~x2	4
s5/b8w13r3w2k5~x2	4
s5/b9t6w1g4b2~x8	4
s5/db100lb10k5lb10r8	4
s5/db10g4w27db40r4~x2	4
s5/db10k3lb65dg56y6	4
s5/db10k3lb65g56y6	4
s5/db10w3db12y14r4~x2	4
s5/db11g2db15g18w2~x2	4
s5/db12k17g19w2k5~x2	4
s5/db12lb1k2db1r1~x8	4
s5/db13k13db13r29y4~x2	4
s5/db13lb3db1r3lb1~x6	4
s5/db13n6dr51db51n5~x2	4
s5/db15g15lo11r17m15~x2~r2109032-m2610337	4
s5/db15k20n12r34lb3~x2	4
s5/db15r2ri15t6lb1~x2~ri2109032-t2205244	4
s5/db15w2r20db2r4~x2	4
s5/db16dy2db16dy19r4~x3	4
s5/db16o2db16o19r4~x3	4
s5/db16r1k16w1r1~x4	4
s5/db19k8lb1g10o3~x2	4
s5/db19r2w2r2k2~x4	4
s5/db19w6db105y4db5	4
s5/db1dr9db2dr9ly1~x4	4
s5/db1dy9db2dy9r1~x4	4
s5/db1lb1dr4db4lb1~x4	4
s5/db1r14g7db7r1~x4	4
s5/db20k5db18lo26k6~x2	4
s5/db20k5db18y26k6~x2	4
s5/db23dp2g11dp24lb3~x2	4
s5/db24lb13db4lb4w2~x2	4
s5/db24t13db4t4w2~x2	4
s5/db25r1g1n9w4~x2	4
s5/db26lb6g1r1w2~x2	4
s5/db27ly9w3dy16r7~x2	4
s5/db2dp3g3n6y2~x2	4
s5/db2g4y1db1r2~x12	4
s5/db2k2db2o5dy1~x12	4
s5/db2k2g2db1k1~x20	4
s5/db2ly21db11dbi21db1~x2~db1004274-dbi1404245	4
s5/db2n21db11r21db1~x2	4
s5/db2r20g20k21r1~x2	4
s5/db2w2b8db8w1~x2	4
s5/db2w2dr8db8w1~x2	4
s5/db2y1r4db4w2~x10	4
s5/db30do9w1dr5y1~x4	4
s5/db30w4ly1w4r30~x4	4
s5/db30w4y1w4r30~x4	4
s5/db31g2k20y2dg24~x2~g2408144-dg1806142	4
s5/db32dy16g3lo4dg28~x2	4
s5/db32r3db4k1y3	4
s5/db32r3db4k1y3~x2	4
s5/db36t21y4n12dp2~x2~db1404245-t2503227	4
s5/db37dg37n8k3dp5~x2	4
s5/db37w9db3r9w3~x2	4
s5/db3dbi2lb31db34w2~x2~db1204274-dbi1406275	4
s5/db3k1n3dp4g3~x4	4
s5/db46k6g9dy9r4	4
s5/db4b1dg14db14dr1~x4~db0906265-b1611266	4
s5/db4g7k4g7y4~x2	4
s5/db4k4db4g9k2	4
s5/db4k4db4g9k2~x2	4
s5/db4r1db18n18lb1~x4	4
s5/db4y4r33k30w2~x2	4
s5/db5g2db5g8w1~x8	4
s5/db5lo5dy13y41r3~x2~lo3006076-y2505139	4
s5/db5ly5dy13g41r3~x2	4
s5/db62ly4dy10do3g21~x2	4
s5/db67w10y14db10w2	4
s5/db68lb7db16k16ly4~x2	4
s5/db6b25o16k2db3~x2	4
s5/db6k6db6o14dy3~x2	4
s5/db6lo25dy16k2db3~x2	4
s5/db6r1db6r5w5~x4	4
s5/db6r1db6r9w1~x2	4
s5/db6r1db6r9w1~x4	4
s5/db6w1dy6do12r2~x4	4
s5/db72lb6db12lb17w6~x2	4
s5/db7dg8g15b6y3~x10	4
s5/db7dr26db7dg24y2~x2	4
s5/db7lo8g15ly6dy3~x10	4
s5/db7y1db7lb11r2~x6	4
s5/db8g2db8g15lb2~x4	4
s5/db8r1w1r1k1~x8	4
s5/db8r2db8r15w2~x4	4
s5/db9dr12g9db5w2~x4	4
s5/db9r12dg9db5w2~x4	4
s5/db9w4dg36lb36r4~x2	4
s5/db9w4g36lb36r4	4
s5/db9y9db9lb23r3~x2	4
s5/dbi10r1ly1db3ly2~x5~dbi1406275-db1204274	4
s5/dg100ly4dg2lyi3lyii6~x2~ly2503076-lyi2705081-lyii3104101	4
s5/dg11dgi3dr4y2w2~x10~dgi1803189	4
s5/dg1db2dbi5db10y1~x8~db1204274-dbi1406275	4
s5/dg21db10k26ly10r1~x2	4
s5/dg24r3dg16r33w4	4
s5/dg27g14db2g2ly2~x4~dg1806142-g2304202	4
s5/dg27g14db2g2y2~x4~dg1806142-g2304202	4
s5/dg30w8b32y1b8~x2	4
s5/dg31lo1dg18db18dr1~x2	4
s5/dg35db40w11y3dg7~x2	4
s5/dg35g25r15t2db21~x2	4
s5/dg37dy9dg3r9dy3~x2	4
s5/dg37k22w4r15y3~x2	4
s5/dg37o9dg3r9o3~x2	4
s5/dg3dr1dg9n10db3~x4	4
s5/dg42o10dg3dr10o3~x2	4
s5/dg4lb4k2r15ly4~x4	4
s5/dg50r1dr20k2w1~x2~dg1806142	4
s5/dg5r3g30db30w3~x2	4
s5/dg60ly16dp8db2dy3~x2~dg1504144-ly3104101	4
s5/dg62y17ly12n8o8~x2	4
s5/dgi40dg15g4dg4g4~x2~dgi1806142-g2203152	4
s5/do11n1do4n8dr1~x8~do1400000-n1900000	4
s5/do16k13do13r30lo4~x2	4
s5/do18o9n9r1lb1~x4	4
s5/do2n10ly15do10n2~x4	4
s5/do2n10o15do10n2~x4	4
s5/do40n19k2n2lb2~x4	4
s5/do8g19dg42lo3r1~x2~do1102055-lo3006076	4
s5/do9ly9n9r1lb1~x4	4
s5/dp10db10g10w1dy1~x6	4
s5/dp11lb2k10g10y2~x2	4
s5/dp11t2k10g10y3~x2~dp1607327-t2503227	4
s5/dp11y2k10g10lo2~x2	4
s5/dp12r8k64dp75r8	4
s5/dp15dt5dp15dt21w2~x2	4
s5/dp1lb1g1w1r1~x16	4
s5/dp20dt5k19g19dy2~x2	4
s5/dp23dg8dp23dg35w5~x2	4
s5/dp27db4k27g27lo4~x2	4
s5/dp27k10dp27k35y6	4
s5/dp2k1dp16g16w2~x4	4
s5/dp2k1dp16g17w2~x4	4
s5/dp2w14k15dp14w2~x2	4
s5/dp30ly7w6db30y8~x2	4
s5/dp30y7w6db30ly8~x2~y2203076-ly3307090	4
s5/dp37w9dp3dy9w3~x2	4
s5/dp37w9dp3o9w3~x2	4
s5/dp3k3dp3g6r2~x2	4
s5/dp3k3dp3g6y2~x2	4
s5/dp46k6g9lo9r4	4
s5/dp49g3r5db15y4~x2	4
s5/dp62g5dg20db5k1~x2~g2407139-dg1504144	4
s5/dp62g5dg20lb5k1~x2~g2408144-dg1806142	4
s5/dp8y6k2n1w1~x8	4
s5/dp9db6w1dg4dp2~x4	4
s5/dr11k4dr4lo4dr11~x4	4
s5/dr13w3dr1dg3w1~x6	4
s5/dr1db9ly2db9ly1~x4	4
s5/dr1dbi8k6db10lo1~x4~dbi1404245-db1204274	4
s5/dr1ly1dr1ly1dg1~x8	4
s5/dr1ly9db2ly9db1~x4	4
s5/dr1r3ri1g1dp1~x8~r1706009-ri1807033	4
s5/dr1ri3r1g1dp1~x4~dr1004029-ri1506019	4
s5/dr20k3dr4w2k7~x2	4
s5/dr24g1lb1g2r24~x2~r1908029	4
s5/dr27w3dr6w2g3~x4	4
s5/dr2db9k5g6db1~x4	4
s5/dr2dg8db27dg11do2~x2	4
s5/dr2k4g45k3y2~x2	4
s5/dr30db10dr3db30m3~x2	4
s5/dr37do9dr3g9do3~x2	4
s5/dr38w9dr3k9w3~x2	4
s5/dr3b35db4g47w3~x2	4
s5/dr3k1g1k1db3~x16	4
s5/dr3k1t27k27w3~x2	4
s5/dr3k3dr3g6k2	4
s5/dr3k3dr3g6k2~x2	4
s5/dr3n34db4g47lb3~x2	4
s5/dr4db14k15dg14y4~x2	4
s5/dr4r21dr21db24r4~x2	4
s5/dr6dg13k5dr20w3~x2	4
s5/dr6dg2b2dg17dr2~x4	4
s5/dr7y3g28db28w3~x2	4
s5/dr8g19dg42ly3r1~x2	4
s5/dr9y2dr45y20ly3~x2	4
s5/dt30lb2k6db3r3~x4	4
s5/dt30w2k6db3r3~x4	4
s5/dt32dr3dt4k2lo3~x2	4
s5/dt4db43k20dt7y2~x2~dt0900000-y2100000	4
s5/dt4db4dp4k4w1~x10	4
s5/dt68t7dt16k16ly4~x2	4
s5/dt7r1n6r8lb1~x8	4
s5/dy12k4w2n6r3~x2	4
s5/dy16r8t57db56lb8	4
s5/dy1db9dy2db9r1~x4	4
s5/dy1k2dp27k2dg1~x2	4
s5/dy1r9db2r9db1~x4	4
s5/dy2y10r15dy10y2~x4	4
s5/dy38w9dy3k9w3~x2	4
s5/dy3dg8db12r24w3~x2	4
s5/dy46dg23t23r4y4~x2	4
s5/dy4g7k4g7db4~x2	4
s5/dy4lb11dy14ly30r4~x2	4
s5/dy4r27k12db15dy4~x2	4
s5/dy5n21ly11db12r5~x2	4
s5/dy5r21y21w2db1~x2	4
s5/dy5r5lb11r1dy1~x4	4
s5/dy5r5lb11r1dy1~x4~r2806019-lb3203246	4
s5/dy6db28do2db28y1~x2	4
s5/dy9k4dy4k45r4~x2	4
s5/g10db2dr8lo2g5~x4	4
s5/g11ly10db11t33w3~x2	4
s5/g11y10dp11n33w3~x2~dp1502305-n2203265	4
s5/g11y10dp11t33w3~x2~dp1502305-t2105244	4
s5/g12lo1db8k1db1~x4	4
s5/g13dy3g1do3dy1~x6	4
s5/g15dg18db23w4r8~x2	4
s5/g15dg18dp23w4r8~x2	4
s5/g15y3r3dp8w2~x6	4
s5/g16r5g2r18k2	4
s5/g16r5g2r18k2~x2	4
s5/g18db9k1db1w1~x4	4
s5/g19w5g2k5w2~x2	4
s5/g1k9lb4db9lb1~x6	4
s5/g21db10k26ly10r1~x2	4
s5/g22dt5r4dt5r3~x2	4
s5/g22dy40n8k9o1~x2~n1900000-o2500000	4
s5/g24db2r25y2k3~x2	4
s5/g24t2r25y2k3~x2	4
s5/g25k8n10r1n3~x4	4
s5/g25y6dg5r3y10~x4	4
s5/g27db14k2db2y2~x4	4
s5/g27dp20r9db16b20~x2~db1003265-b2008266	4
s5/g27t14db2t2y2~x4	4
s5/g2b10o15g10b2~x4	4
s5/g2w29lb12db29lb2~x2	4
s5/g30w8db32y1db8~x2	4
s5/g37dy9g3do9dy3~x2	4
s5/g37k22w4r15y3~x2	4
s5/g37w9g3k9w3	4
s5/g3dr1k14g14lo1~x4	4
s5/g3y5r13k33w2~x2	4
s5/g3y5r14k36w3~x2	4
s5/g40k10r7k10r7	4
s5/g40k15t10k10y3~x2	4
s5/g44db9r2db9g2~x2	4
s5/g47r3g6db35y3~x2	4
s5/g49lb21k3lb3w3~x2	4
s5/g50k6b11g25ly4~x2	4
s5/g50r1dr20k2w1~x2	4
s5/g5dp2db5dp10dy2~x2	4
s5/g5n1g1n12r1~x8	4
s5/g62k40y3k3w3~x2	4
s5/g62r7k4r4g62~x2	4
s5/g68k22n28dr3n12~x2	4
s5/g6k1r1lb2r2~x4	4
s5/g7db1g2k3g2~x4	4
s5/g7dy6dt7dy1dt2~x6	4
s5/g7k6db7k1db2~x2	4
s5/g7k6t7k1t2~x2	4
s5/g7k6t7k1t2~x4	4
s5/g7r3g1r9k1~x2	4
s5/g8n19dg29o16dr4~x2~n1900000-o2500000	4
s5/g8r2g9r16g1~x2	4
s5/g8r2g9r16w1~x2	4
s5/g9lb1g2k4g2~x4	4
s5/gii40w2g5gi5g15~x2~gii2604158-g1903114-gi2304202	4
s5/k100r1n10db10y2~x2	4
s5/k10dr9n8y8w1~n1900000-y2400000	4
s5/k10g4k1lb2r1~x10	4
s5/k11lb38r11g11k5~x2	4
s5/k12db3g23k23r3~x2	4
s5/k13n8k15dp2k8~x2	4
s5/k13r2k13r19k2~x2	4
s5/k14r4k25db30w4~x2	4
s5/k15db4k15db28r2~x2	4
s5/k15dy2k10db18w3~x2	4
s5/k15lo2k10db18lr3~x2	4
s5/k15y2k10db18w3~x2	4
s5/k160w6k2w3k3~x2	4
s5/k16r2k2r12w1~x2	4
s5/k18r4k18r32w3	4
s5/k18r4k18r32w3~x2	4
s5/k19g8k10g31r3	4
s5/k19lb10dp19g40y10	4
s5/k1db8r6g8k1~x4	4
s5/k1dbi1g8db8w1~x4~dbi1406275-db1204274	4
s5/k1dg8r6db8k1~x4	4
s5/k1dr9n8y8w1~x2	4
s5/k1g3k3db3r1~x4	4
s5/k1lb1g8db8w1~x4	4
s5/k1r2lb1db5ly1~x16	4
s5/k1r5g10r5g1~x4	4
s5/k1w7lo7db16dy1~x4	4
s5/k1w7lo7db16y1~x4	4
s5/k200dy3lo3dy3lo3	4
s5/k20db50dg50r3k3~x2	4
s5/k20db50g50r3k3~x2	4
s5/k22w3k3w11k1~x2	4
s5/k23y3k23w36r4~x2	4
s5/k27w29k5w14r2~x2	4
s5/k2db11k26g11k2~x2	4
s5/k2db1g10r10ly1~x6	4
s5/k2db36g12w3r2~x2	4
s5/k2dr4k7dr1k2~x2	4
s5/k2dy1g10db10w1~x6	4
s5/k2g11k26t11k2~x2	4
s5/k2g12k11db12w1~x2	4
s5/k2g12k11t12w1~x2	4
s5/k2g12k11t12w1~x2~g2203152	4
s5/k2g8k7db8r2~x2	4
s5/k2lb28g7w3r2~x2	4
s5/k2lb2g8db8w1	4
s5/k2lb2g8db8w1~x2	4
s5/k2lb36g12w3r2~x2	4
s5/k2r4k7ri1k1~x2~r1506028-ri2008029	4
s5/k2w1k8w8k1~x8	4
s5/k2w2g8db8w1	4
s5/k30db6k6db41lb2~x2	4
s5/k30r10y1k8w3~x4	4
s5/k31r12y2n5k2~x4	4
s5/k32g6k12g30y3	4
s5/k32g6k12g30y3~x2	4
s5/k32w12r1w2r15~x2	4
s5/k33db8k4db35dp3~x2	4
s5/k37dg37n8ki3dp5~x2~k0504259-ki0700000	4
s5/k37w9k3dg9w3~x2	4
s5/k3db3g23db21w2~x2~db1406275	4
s5/k3dg20k20g20k3~x2	4
s5/k3r11db26dy11lo3~x2	4
s5/k3r28k10w28lb3~x2	4
s5/k3r29k40lb3~x2	4
s5/k3w29o9lb19k3~x2	4
s5/k3w2n27k31lp3~x2	4
s5/k3w2n27k31o3~x2	4
s5/k3w3k3dg10r1~x6	4
s5/k3w3k3ly10r1~x6	4
s5/k3w3k3n10dr1~x6	4
s5/k3w3k3y10r1~x6	4
s5/k3w6k4w6ly3~x2~ly2503076	4
s5/k3w7k4w6o3~x2~o2102055	4
s5/k42w5dg16k10db21~x2	4
s5/k45db2r4y1w1~x2	4
s5/k45t2r4y1w1~x2	4
s5/k48db23k2~x2	4
s5/k4db2o13m13w2~x4	4
s5/k4dg3dp18k18w2~x2	4
s5/k4g8k7db8r4~x2	4
s5/k4lb2g8db8w1	4
s5/k4lb2g8db8w1~x2	4
s5/k4lb3dp11g14w2~x2	4
s5/k4lb3dp11g14y2~x2	4
s5/k4lb3g12dp13y2~x2	4
s5/k4lb3g13dp12w2~x2	4
s5/k4lb4k4n15dr2~x4	4
s5/k4r11k32y1k4~x2	4
s5/k4t2g13db13w2~x4	4
s5/k4w2g8db8w1	4
s5/k4w3k4n9r1~x4	4
s5/k4y1k4y6r1~x4	4
s5/k50db3lp2r3w1~x4	4
s5/k50db3o2r3w1~x2	4
s5/k50db3p2r3w1~x4	4
s5/k50db6r6n6w3~x2	4
s5/k55r18k4r18k38	4
s5/k5db1k5db7w2~x2	4
s5/k5db4g24r21w3~x2	4
s5/k5g14k16db12g4~x2	4
s5/k5g20k18db20r5~x2	4
s5/k5g8ly5g3ly5~x4	4
s5/k5w25r6k45w4~x2	4
s5/k5w2y36b47r3~x2	4
s5/k5w2y36lb47r3~x2	4
s5/k5w7k5n20db1~x4	4
s5/k60w8lo15dp74k14	4
s5/k65dr27w2k4y5~x2	4
s5/k65g27w2k4y5~x2	4
s5/k65r27w2k4y5~x2	4
s5/k6db3dg20r20y3~x2	4
s5/k6db4dg44k41w4~x2	4
s5/k6db4g44k41w4~x2	4
s5/k6g4dg44k41w4~x2~g2408144-dg1806142	4
s5/k6r1k6r9k1~x4	4
s5/k6r33k18w20db6~x2	4
s5/k6w6k6ly21r2~x4	4
s5/k6w6k6o21r2~x4	4
s5/k75g26lr2g4lo5~x2	4
s5/k75r26w2k4y5~x2	4
s5/k7db3g28r28y3~x2	4
s5/k7dr3g29db29w3~x2	4
s5/k7dr3g30db28lb3~x2	4
s5/k7lb3dy30db30w3~x2	4
s5/k7lb3g18db18w2~x2	4
s5/k7lb3o30b30w3~x2	4
s5/k7lt3dg18db18w2~x2	4
s5/k7r3k24b28y3~x2	4
s5/k7y3g28db28w3~x2	4
s5/k8dy2t21w3r2~x4	4
s5/k8dy2t21w3r2~x4~t2205244	4
s5/k8g3k4g20dr4~x2	4
s5/k8lo2n30dr30lb3~x2	4
s5/k8ly1k8ly12r1~x4	4
s5/k8t5g44k40r6	4
s5/k8y1k8g13r2~x4	4
s5/k8y1k8y12r1~x2	4
s5/k8y1k8y12r1~x4	4
s5/k8y2t21w3r2~x4~t2205244	4
s5/k9db3k28db25w2~x2	4
s5/k9g3k3g12y2~x4	4
s5/k9lr6dt22g28dy2~x2~lr2901240-dt1703208	4
s5/ki61w4k11db5dr5~x2~ki0604259	4
s5/lb11dbi19db38r7k7~x2~dbi1208266-db1003265	4
s5/lb11y2r1y2r1~x4	4
s5/lb15do15lb15do80r6	4
s5/lb1dp3r1g3lb1~x4	4
s5/lb25db11r5w1k1~x4	4
s5/lb2g4k5g4lb1~x2	4
s5/lb2g4k5g4lb1~x2~g2203152	4
s5/lb37t9lb3db9w3~x2	4
s5/lb37w9lb3db9w3~x2	4
s5/lb3w10db10g10k2~x4	4
s5/lb3w10db10g10r2~x4	4
s5/lb40w25db16lb8db4~x2	4
s5/lb4w2g17lb17lo2~x4	4
s5/lb4w2g17lb17lo2~x4~w4000000-g2405163	4
s5/lb65r27w2lb4dy5~x2	4
s5/lb6ly6t21db32r3~x2	4
s5/lb72r16k5y2db16~x2	4
s5/lb7dy7lb7dy40r3~x2	4
s5/lb8r3dbi29db29lb4~x2~dbi1605267-db1003265	4
s5/lb9dt3lb1dt12y1~x4	4
s5/lg11db19dt38dr7k7~x2	4
s5/lg25r1g1n9w4~x2	4
s5/lo17ly17lo17g26db5~x2	4
s5/lo17y17o17g26db5~x2	4
s5/lo1db6k5db6lb1~x6	4
s5/lo1db6k5db6lb1~x6~db1406275-lb3300000	4
s5/lo2db4g60dp30w1~x2	4
s5/lr2db4g60dp30w1~x2	4
s5/lr2r1t7k7lb1~x8~lr2800000-lb3501240	4
s5/lr3db28dt12dr22dg1~x2	4
s5/lr3k3lr3k10dr1~x6	4
s5/lr3k3lr3k10r1~x6	4
s5/lr40g13lr6db13lr22~x2	4
s5/ly12w1k2ly1k1~x8	4
s5/ly12w1k2ly1r1~x8	4
s5/ly2db8r8g17r1~x4	4
s5/ly2dg17g4r15dg1~x2	4
s5/ly38w9ly3do9w3~x2	4
s5/ly3g14dy1g14ly3~x4	4
s5/ly5g33dg33r6w2~x2~g1903114-dg1405151	4
s5/ly6r1ly4r4db2~x5	4
s5/ly9r31g12dy2lb9~x2	4
s5/m11dr5dg5k40lo3~x2	4
s5/m11r5g5k40y3~x2~m2107016-r1706009	4
s5/n10k1db3g3ly1~x6	4
s5/n10k1db3g3y1~x6	4
s5/n10lb3o3r1g1~x10~n1900000-o2500000	4
s5/n10lb3o3r1g1~x10~n1900000-o2500000-g2408144	4
s5/n10w3lb3g1r1~x10	4
s5/n11k4dr4lo4n1~x4	4
s5/n11o1n4o8dr1~x8~n1900000-o2500000	4
s5/n16dr2n10dr14lb5~x2	4
s5/n16r2n10r15lb5~x2	4
s5/n25g25k6dp10r6~x2~n2203265-dp1502305	4
s5/n26k10r10y10n3~x2	4
s5/n2dg17w6db5lo1~x4	4
s5/n2k13n31k1n1~x4	4
s5/n40r2n20g19db2~db1204274	4
s5/n4db43k20n7o2~x2~n1900000-db0906265-k0700000-o2500000	4
s5/n4k48n16r12db3~x2	4
s5/n57w5g20n5y10	4
s5/n5dp3n18k16y3~x4	4
s5/n5k2r2y2n5~x10	4
s5/n60g13n9dr8y4~x2	4
s5/n60g13n9r8dy4~x2	4
s5/n65r27w2n4y5~x2	4
s5/n6r1k6r1g6~x6	4
s5/n7r1dt6r8lb1~x8	4
s5/n88dy3ly2k2lb1~x2	4
s5/n88dy3ly2k3~x2~n1900000	4
s5/n8dr3dt34k34dp3~x2~n1900000-dt1600000	4
s5/n9b3n1b11n1~x6	4
s5/n9db3n1db11n1~x6	4
s5/o12k4w2n6r3~x2	4
s5/o13w3o1k3w1~x6	4
s5/o1dr4r10y2w1~x4	4
s5/o23dr4o23dr32lo4~x2	4
s5/o2db19t6b44w2~x2	4
s5/o2g10dy15o10g2~x4	4
s5/o2r1dp30w1y2~x2	4
s5/o2y10r15o10y2~x4	4
s5/o30k7n20ly4k4~x2	4
s5/o38w9o3do9w3~x2	4
s5/o3k6dy4k6y3~x2	4
s5/o3w3k3ly10r1~x6~o2005046-w3802111	4
s5/o4k29dr30db29o4~x2	4
s5/o62n17ly12y8dg8~x2	4
s5/oi3g14o1g14oi3~x4~oi2104058-o2102055	4
s5/r10dg4dr1w1lb1~x2	4
s5/r10dg4dr1w1lb1~x6	4
s5/r10g3k1g3t1~x16	4
s5/r10w5db30lb20r3~x4	4
s5/r12g8r54db45g6	4
s5/r12w1r2dg1b3~x4	4
s5/r12w1r2lb1n3~x4	4
s5/r12w1r2o1n3~x4~o2500000-n1900000	4
s5/r13lo13g13db22w4~x2	4
s5/r13y13g13db22w4~x2	4
s5/r14lr6db38k3g2~x2	4
s5/r14w6db38k3g2~x2	4
s5/r15g3w2k10w5~x2	4
s5/r15w10db48lb32r6~x2	4
s5/r15w1db4y1g15~x4	4
s5/r17db7ly8g58k6~x2	4
s5/r17db7y8dg58k6~x2	4
s5/r18ly3r18ly30k4~x2	4
s5/r18y3r18y30k4~x2	4
s5/r1db6k3g6w1	4
s5/r1db6k3g6w1~x2	4
s5/r1db6k3g6w1~x4	4
s5/r1db7k7g7w1~x6	4
s5/r1dy5g5w5y1~x8	4
s5/r1dy7ly25dy7r1~x2	4
s5/r1dy8r2db8lb1~x2	4
s5/r1g7r3db7lb1~x2	4
s5/r1k2g16k2y1~x2	4
s5/r1k8dg2db4r1~x8	4
s5/r1k8g2db4r1~x4	4
s5/r1k8g2db4r1~x8	4
s5/r1o7oi25o7r1~x2~o2102055-oi2104058	4
s5/r1o8r2db8lb1~x2	4
s5/r20k2r2k15w1~x2	4
s5/r21k21w10k10w21~x2	4
s5/r22g17w2lb6r13~x2	4
s5/r22g17w2lg6r19~x2	4
s5/r22g6k3g16w22	4
s5/r24g1lb1g2ri24~x2~r1707016-ri2008029	4
s5/r24g1lb1g2ri24~x4~r1807008-ri2109032	4
s5/r27w3r6w2dg3~x4	4
s5/r27w3r6w2dg3~x4~r1506028	4
s5/r28g16k4w7r28	4
s5/r2db10k5g12w2~x2	4
s5/r2db12k5lb16w2~x4	4
s5/r2db12k7g8lb2~x4	4
s5/r2db16k11b19y2~x2	4
s5/r2dg1r1dg10w1~x4	4
s5/r2dg23db11t22r2~x2	4
s5/r2dp20db9dp20g2~x2	4
s5/r2dp8k8w1r2~x2	4
s5/r2g17r8db8y2~x4	4
s5/r2g1r1g11w1~x8	4
s5/r2g23db11dbi22r2~x2~db0805267-dbi1604274	4
s5/r2g2k20w1db1~x6	4
s5/r2g5db27g11o2~x2	4
s5/r2k3g45k3y2	4
s5/r2k4g45k3y2	4
s5/r2w7db30g36y2~x2	4
s5/r2y1g10db10w1~x6	4
s5/r2y33k5w3g2~x2	4
s5/r2y36k12w3g2~x2	4
s5/r30db20w15lb3ly3	4
s5/r30g12k5w8r30	4
s5/r32w4db7ly2lb2~x5	4
s5/r32w4db7y2lb2~x5	4
s5/r33g9k5g24w33~x2	4
s5/r35w3r8y2g11~x2	4
s5/r36k18r4k7w2~x2	4
s5/r37dy9r3g9dy3~x2	4
s5/r37o9r3g9o3~x2	4
s5/r38w9r3do9w3~x2	4
s5/r39db22k11y22g5~x2	4
s5/r39g6r2g3w1~x2	4
s5/r39lb22k11ly22g5~x2	4
s5/r3db22k11dg32ly3~x2	4
s5/r3db22k11g32ly3~x2	4
s5/r3db22k11g32y3~x2	4
s5/r3dg3r1db3r3~x12	4
s5/r3g28db9dg18w3~x2	4
s5/r3k10r10g10r3~x4	4
s5/r3k16dg2k2dg2~x2	4
s5/r3k1g1k1lb3~x4	4
s5/r3k1g1k1lb3~x8	4
s5/r3k1g1k1w3~x4	4
s5/r3k25r25k10lb3~x2	4
s5/r41k19r7k9w3~x2	4
s5/r44g6k3g16w22	4
s5/r48k12n7k5w3~x2	4
s5/r4db4r1g4r4	4
s5/r4db4r1g4r4~x2	4
s5/r4db4r1g4r4~x6	4
s5/r4dg15k15db15lb4~x2	4
s5/r4dg1g6y3r2~x8~g1903114-y2303114	4
s5/r4dg4r1db4r4~x4	4
s5/r4g15k15db15w4~x2	4
s5/r4k1r12k12r2~x2	4
s5/r4k1r24k22r2~x2	4
s5/r4k2dg28k39ly4~x2	4
s5/r4k8r12k1y1~x2	4
s5/r50k25dg10n5ly2~x2	4
s5/r50k25g10n5y2~x2	4
s5/r5db12g11n21y5~x2	4
s5/r5dg3r18db18dg3~x4	4
s5/r5g5w1lb2r5~x2	4
s5/r5w4k4db80w4~x2	4
s5/r62db8w20k3g4~x2	4
s5/r6db35k36db36w6	4
s5/r6db35k36dbi36w6~db0805267-dbi1604274	4
s5/r6dg13k5r20w3~x2	4
s5/r75k15r4k15r4~x2	4
s5/r7y3g28db28w3~x2	4
s5/r86g3ri3g6ri85~x2~r2208029-ri2209032	4
s5/r8b1g4b1db4~x2	4
s5/r8k1r8k12r1~x2	4
s5/r8lg15t12r29w4~x2	4
s5/r96g3lb3g6ri95~r2109032-ri2707016	4
s5/r9db1g2db5w1~x12	4
s5/r9k9r9w1g9~x8	4
s5/ri1dr4r10ly2w1~x4~ri2806019-r2109032	4
s5/ri2dp30w1ly2r1~x2~ri2806019-r2109032	4
s5/ri8r1g4r1db4~x2~ri2209032-r2208029	4
s5/t10w3t12ly14r4~x2	4
s5/t11lo2dr1lo2dr1~x4	4
s5/t13w3t1k3w1~x6	4
s5/t15g15lo11r17m15~x2	4
s5/t25g25k6db10r6~x2	4
s5/t26lp11t3lp4k2~x4	4
s5/t32dy16g3lo4dg28~x2	4
s5/t32k10g15k2y4~x2	4
s5/t3k4t4g9k2~x4	4
s5/t50db15w3db4w2~x2	4
s5/w14dp4dy1g8db2~x2	4
s5/w14k2w14k19w2~x2	4
s5/w14k30t9r8lo9~x2~w3600000-t2607245	4
s5/w15r20y2g1lg1~x4	4
s5/w18n29lb2dp3k1~x2	4
s5/w18n29t2dp3k1~x2~t2405244	4
s5/w1dy6ly4dy4lyi1~x10~ly2503076-lyi2705081	4
s5/w25k9w12y2db2~x2~w3600000-y2400000	4
s5/w2g29lb12db29lb2~x2	4
s5/w2lb4r4ly1lb2~x10	4
s5/w32dr12db12w2db3~x2	4
s5/w3db12k12r20g2~x2	4
s5/w3db2dbi15lb15r2~x4~db1404245-dbi1406275	4
s5/w3dr27w16db27ly3~x2	4
s5/w3k25n9db17ly3~x2	4
s5/w3r24db12dg8ly3~x2	4
s5/w3r2w1k2r2~x4	4
s5/w3t12k12r20g2~x2	4
s5/w45dr2g9w2dr30~x2	4
s5/w45t2w4t15w7~x2	4
s5/w4db30g10dr25w2~x2	4
s5/w4lb44dbi19db44r2~x2~dbi1404259-db1003265	4
s5/w50db7w7lb7w18~x2	4
s5/w5r5w5k15r2~x2	4
s5/w7dy7w7dy40r3~x2	4
s5/w7k6dy15k24w3~x2	4
s5/w8k1w8k12w1~x2	4
s5/w8r6ly2dg34db3~x2	4
s5/w8r6y2g34db3~x2	4
s5/y15r9lb30w3db4~x2	4
s5/y1db10dbi5db2g1~x8~db1204274-dbi1406275	4
s5/y1db11dbi5db2g1~x4~db1003265-dbi1605267	4
s5/y25k9y12w2db2~x2	4
s5/y25r10g10db11w2~x2	4
s5/y28r11g11db11w2~x2	4
s5/y2dg17g4r15dg1~x2	4
s5/y2r15k7db8y2~x4	4
s5/y32k21r16lr6dt4~x2	4
s5/y32k21r16lr6dt4~x2~r1706028	4
s5/y3db27w16dr27w3~x2	4
s5/y3dg8n20dp30y2~x2	4
s5/y3dp17do9k25w3~x2~dp1502305-do1301000	4
s5/y3k1n24k35w3~x2	4
s5/y4db24k23db30w4~x2	4
s5/y6b38k3b38y6~x2	4
s5/y6r1y4r4db2~x5	4
s5/y7k4y4k39r4~x2	4
s5/y9r31g12dy2lb9~x2	4
s50/db10w4db60w1k1w1k1w1k1w1k1w1k1w1k1w2k2w2k2w36k10w2k10w2k10w2~x2	4
s50/dg8k1w2k1db8k8dg1k1dg1k1dg8k1dg1k1dg1k8db8k1dr2db1dr2k1db8dg8k1dg5~x2	4
s52/dg18r1k18r1n18r1dr18r1ly18r1dy18r1ki18r1o18r1dy18r1ly18r1dr18r1n18r1k18r1dg18~x2~n1900000-dr1004029-ly2503076-ki0700000-o2500000	4
s52/k1g10k4w1k4g10r1k4db3dy1k1dy1k1dy1k1dy1k1dy1k1dy1k1dy1k1dy1k5r20w2g3dy3g3w2g20k4db4w2db4k4g10r3g3dy2g3r3g10k1db1k1db7r2db7k1db1~x2	4
s52/r12w1k2lb1k1lb1k1lb1k1lb1k1lb2k3lb3r3lb12w1k1w2lb7k1w1k1w1k1w1k1w1k1w7k3w16k3w7r5w1r1w2r24k3r3w3r2lb1r1lb1r1lb1r1lb1r1k4~x2	4
s53/db10r10k16w4k16ly1w1ly1w1ly1w1ly1w1ly1w1ly1w1ly1w1ly1w1ly1w1ly1k1ly1k1ly1k1ly1k1ly1w1ly1w1ly1w1ly1w1ly1w1ly1w1ly1w1ly1w1ly1w1ly22w24g10y10~x2	4
s54/dr17db1lr10db1dr4g10lr1g11dr11lr2db10g10dr2g1dr11g1dr2g11dr10g1dr42g1dr2g1dr2g1dr42g1dr2g1dr2g1dr2g1dr10g11dr2g1dr11g1dr2g10db10lr2dr11g11lr1g10dr4db1lr10db1dr17lr2~x2	4
s54/r25g6r25g29r4g8r4g29dp32g6dp32g29dp2g2dp4g2dp2g29dp2g2dp4g2dp2g29r25g6r25dp2	4
s54/r25g6r25g29r4g8r4g29dp32g6dp32g29dp2g2dp4g2dp2g29dp2g2dp4g2dp2g29r25g6r25dp2~dp1607327	4
s56/r4db24r2db1r8db1r3db24r3db2r2g7r2db2r3db24r2db1r8db1r2db24w1db2r2db2r2g2db2~x2	4
s57/r4w1ri11r2w2dp11lb4w2lb4dp11w2g4dy4w1dp5w1dy4g4w2dg10g4w2g4dg10w2lb2dp6w1dp6lb2w2r2ri11w1r4w1ri11r2w2lb2dp6w1dp6lb2w2dg6g2dy2w1dy2g2dg6w2r2ri11w1r4~x2~r2109013-ri2109032	4
s58/r5w23b5w5k7y3k3w2k3g16r8g3r6w3r6g3r8g16k3w2k3y3k7w5b5w23r4g1w19b4w4b1k5y3k2b1w4g15r6g3r5g1w3g1r5g3r6g15w4b1k2y3k5b1w4b4w19g1~x2	4
s6/b10db6b3db62w4db5~x2	4
s6/b1k4dr1k4dg5lr1~x4	4
s6/b1o4b1o4b2w1~x4~b2104245-o2106028-w3602083	4
s6/b21y38b20y2b64w6	4
s6/b2ly4bi22ly20r19ly2~x2~ly3608101-bi2505279	4
s6/b2w2y7dg14b2w2~x2	4
s6/b30w7b18w11b6y3~x2	4
s6/b30y5b4r12~x4	4
s6/b3dg1r24b16db28w3~x2	4
s6/b40dr1lr4dr2b8lr24~x2	4
s6/b40k14dp22y1dp1y3~x2	4
s6/b40k4b12k21b17w4~x2	4
s6/b4dg25k24w3db24w4~x2	4
s6/b4g16y2dp7b28w4~x2	4
s6/b4g17k17db17r3db3~x2	4
s6/b53w27r5k19y1g11~x2	4
s6/b5g8k5db32w2r2~x2	4
s6/b7db2b25db10g21db2~x2~b1511266-db1108266	4
s6/b8k11w3k11dg22dr2~x2	4
s6/b9lb1g2lb1db4r1~x12	4
s6/bi3db1b16db16b2lb2~x4~bi2706275-b1709272	4
s6/db104dbi16w8dbi66r3dbi16~db0805267-dbi1604274	4
s6/db104dbi16w8dbi66r3dbi16~db1204274-dbi1406275	4
s6/db104dbi16w8dbi66r3dbi16~db1404245-dbi1406275	4
s6/db11r4y9db4y2db11~x2	4
s6/db128dr8lb41dt4lb4dt4	4
s6/db128r8lb41n4lb4n4	4
s6/db12g8lb4g8db12lb5	4
s6/db12k17y4dg51ly3g4~x2~y2203076-ly3307090	4
s6/db12k1r70k1g12k1~x2	4
s6/db12lb6g30db9r8dy1~x2	4
s6/db12lb6g30db9r8y1~x2	4
s6/db12y8r5k6db7g5~x4	4
s6/db13b1db3b6y1b1~x4	4
s6/db13dt13dg21db34dt55do3	4
s6/db13lb1db3lb6y1lb1~x4	4
s6/db13r50y7o6g4k4~x2	4
s6/db13w13db4ly2g8r3~x2	4
s6/db13y2r4g2lb8w2~x6	4
s6/db144dr9lb44db4lb4db4	4
s6/db14g21db4r21db14y2~x2	4
s6/db15k10n30dy11w3lb5~x2	4
s6/db15r6g8k2w2k2~x6	4
s6/db18dp1db12k14g14r2~x2	4
s6/db18r3k9r3g23y3~x2	4
s6/db18r9db2r3k1n1~x4	4
s6/db18y2dy6y2dy19r3~x2	4
s6/db18y2dy6y2dy19r3~x4	4
s6/db18y2o6y2o19r3~x2	4
s6/db19k4b1k4dg9b1~x4	4
s6/db19k4dr1k4dg9dr1~x4	4
s6/db19k4dr1k4dg9k1~x4	4
s6/db1dr3db1dr3db6g1~x8	4
s6/db1dy1db7dy5y7lr1~x4	4
s6/db1g10db9t10db1t1~x4	4
s6/db1k3db1k3db8r1~x4	4
s6/db1k3db1k3db8r1~x8	4
s6/db1lb2k50dg50dy2r1~x2	4
s6/db1lb2k50dg50ly2r1~x2	4
s6/db1ly5db1ly5db2w1~x4	4
s6/db1n8w1db4dr8w1~x6	4
s6/db1n8w1db4r8w1~x6	4
s6/db1o5db1o5db2w1~x4	4
s6/db1r12g6y1g6db1~x4	4
s6/db1r12k6y1k6db1~x4	4
s6/db1r16db6y4db6w1~x4	4
s6/db1r1db6k6g6w1~x2	4
s6/db1r1db7r7db1r1~x4	4
s6/db1r3db1r3db6g1~x4	4
s6/db1w1db5w5db1w1~x8	4
s6/db20k4g5dp14w1db2~x2	4
s6/db20k6ly4db3g20w2~x2	4
s6/db22k16y4k11dp2n1~x4	4
s6/db22n5dp9g14db10lo2~x2	4
s6/db22n5dp9g14db10lo2~x2~dp0904014	4
s6/db22w2k10g11r3g4~x2	4
s6/db23w8lb2k5w44db4~x2	4
s6/db24k4r3g24k4o3~x2	4
s6/db24lb6db10lb6db32dy3~x2	4
s6/db24w4db24ly4dr5k4~x2	4
s6/db24w4db24y4dr5k4~x2	4
s6/db25k84w5g23y5dp8~x2	4
s6/db25k84w5g32y5dp8~x2	4
s6/db25r8db3r4k1w3~x2	4
s6/db26dr6g16db8g3dr2~x2	4
s6/db28r4k14r4dg33y4~x2	4
s6/db2b22dg11y2dg11db2~x2	4
s6/db2b9dr1db9dg9w2~x4	4
s6/db2g12k13w1db13w2~x2	4
s6/db2g13db11lb4w9db2~x2	4
s6/db2g15do3db7g7db2~x4	4
s6/db2g6db6b5db1b2~x2	4
s6/db2g6db6dp5db1dp2~x2	4
s6/db2k11db5k1db5k1~x6	4
s6/db2k2db12k11g12w2~x2	4
s6/db2k2db12k11g16w2~x2	4
s6/db2k2db12k8g11r2~x2	4
s6/db2k6db2k6db16r1~x2	4
s6/db2k6g2k6dg12y1~x4	4
s6/db2k6g2k6dg12y1~x4~g2408144-dg1806142	4
s6/db2o28g13o2db13o2~x4	4
s6/db2r22dy11ly2dy11db2~x2~dy1603076-ly3307090	4
s6/db2r24g24r1db24r2~x2	4
s6/db2r25g10r2db10r2~x2	4
s6/db2r39g39r1db39r2~x2	4
s6/db2r7db2r7db22y2~x2	4
s6/db2t9dr1db5g5lb2~x4	4
s6/db2w14dp4y1g8db2~x2	4
s6/db30k10g10lb2g15lb2~x2	4
s6/db30r3w10g14r3o30~x2	4
s6/db30y3dy11y3g33r6~x2	4
s6/db30y3dy11y3n33r6~x2	4
s6/db30y3o11y3n33r6~x2	4
s6/db31b4db5k19g20y4~x2	4
s6/db31lb4db6k19r20y4~x2	4
s6/db31t4db5k19g20lo4~x2	4
s6/db33g3r1~x2~db1406275-r2109032	4
s6/db35k10db4w2db3r2~x2	4
s6/db35lr8db21lr13db6ly4~x2	4
s6/db35w3db8t36dg9o3~x2~db1605267-t2605232	4
s6/db35w4db10dr3r3dr3~x4	4
s6/db35w4db10r3ri3r3~x4~r1706009-ri2109032	4
s6/db36y20dg6w12k6r3~x2~y2602166-dg1204144	4
s6/db37g27dr22w1dp6ly5~x2	4
s6/db37n18k37r2k2r2~x2~db1204274	4
s6/db37r10dg22db11dg3r3~x2	4
s6/db38w3db8dbi36dg9r3~x2~db1106275-dbi1406275	4
s6/db3dg1dr22k12db28w3~x2~db1405255-k0604259	4
s6/db3dg21db3o21db35w3~x2	4
s6/db3g11db3dr11db18ly3~x2	4
s6/db3g11lb2db11b6g3~x2	4
s6/db3g11t2db11ti6g3~x2~t2304245-ti2607245	4
s6/db3g12k13w2db13w3~x2	4
s6/db3g12k13w2db13w3~x2~db1406275	4
s6/db3g19dg29k11r4y2~x2	4
s6/db3g28db3k16db28r3	4
s6/db3lb14db3n16db34r3~x2	4
s6/db3lb3db16lb16db16w3~x2	4
s6/db3ly9db3ly9db20r3~x2	4
s6/db3o3db24o30db3o2~x2	4
s6/db3r24db3r3db25w3~x2	4
s6/db3r2g5r8db12w3~x2	4
s6/db3r2n15w10k2y3~x2	4
s6/db3w16db4w3db12w2~x3	4
s6/db3w1db12b12db1b3~x4	4
s6/db40b16k5dt16w2dp6~x2	4
s6/db40g7y3g7db15r5~x2	4
s6/db40k4db12k21g27w4~x2	4
s6/db40t16k5b16w2dp6~x2	4
s6/db40w7db60k10dr25y4	4
s6/db40w8db25w14db8y4~x2	4
s6/db45dbi7w3dbi27r1dbi7~x2~db0805267-dbi1604274	4
s6/db45k3db10o4k1w2~x4	4
s6/db45ly3db10o4k1w2~x4	4
s6/db45y3db10dg4k1w2~x2	4
s6/db47dg14dp5do2dr3dg7~x2	4
s6/db47g14do5o2r3g7~x2	4
s6/db48g14r3g2r3g2~x2	4
s6/db48k32r1k8r3w3~x2	4
s6/db48r18db6r13y4r14~x2	4
s6/db48w2k20g22r3g4~x2	4
s6/db4b2dp3db24t24w3~x2~db1004274-b2308302-dp1105325-t2105244	4
s6/db4dpi2dp3db24lb24w3~x2~dpi1607327-dp1105325	4
s6/db4dy9w4db9dy18w1~x2	4
s6/db4g18db3k17db18dp4~x2	4
s6/db4g18db3k17db18o4~x2	4
s6/db4k2db16k10g18k3~x2	4
s6/db4k4db24g32w1g2~x2	4
s6/db4k4db24g32w1g2~x4	4
s6/db4ly9w4db9ly18w1~x2	4
s6/db4r11g11db22y1g4~x2	4
s6/db4r1db18t18w1t4~x4	4
s6/db4r30k6db13k13db3~x2	4
s6/db4r3db3r22dg8r2~x2	4
s6/db4r3db3r22g8r2~x2~db1406275-r2109032	4
s6/db4w1db12g12db1g4~x2	4
s6/db4w1db17dr28dp17r2~x2	4
s6/db4w1db17dr28dp17r2~x2~r1908022	4
s6/db4w2db1w36g21y4~x2	4
s6/db50do4db12do23ly4do4~x2	4
s6/db51t8w4t30r1t9~x2	4
s6/db52k12dp18dy1dp1dy4~x2	4
s6/db52k28w5k3w2k10	4
s6/db52lo23y6dg5w1r1~x2~lo3006076-y2505139	4
s6/db5dp3w2g3k1ly1~x10	4
s6/db5dy2dg4n3w1lb5~x8	4
s6/db5k1g1k1r3k1~x4	4
s6/db5k2db14k14db2lp2~x2	4
s6/db5lb1db15lb25db1lb5~x4	4
s6/db5lb5w1lb5db5lb1~x4	4
s6/db5w3db36g38y5g5~x2	4
s6/db60y6db11r25~x2	4
s6/db64g20r4g3r4g3	4
s6/db65k2db4k2db10dr24~x2	4
s6/db65k2db4lb2db10dr24~x2	4
s6/db6dr39db10dr10db21y5~x2	4
s6/db6g27db3k19dp27w3~x2	4
s6/db6g2db29g29db2g6~x2	4
s6/db6k17y4dg51dy3g4~x2~dg1806142-g2203152	4
s6/db6k6db18k18g22k5	4
s6/db6w2db29w29db2w6~x2	4
s6/db6w3r3g55k10r3~x4	4
s6/db72k21g16lb3g17lb3~x2	4
s6/db74g54dr44w2dp15y10	4
s6/db75k4r25db6k6w2~x2	4
s6/db80k28dp9k3o5k12~x2	4
s6/db80r7w1r7y20db15~x2	4
s6/db80r8w1r8y20db15~x2	4
s6/db8dr4db24g35lb4g8	4
s6/db8k39db8k39db87r6	4
s6/db8w3db28w32k3w4~x2	4
s6/db8y1dg5y12r1dg2~x6	4
s6/db8y4r30dg30lo3dg4~x2	4
s6/db9dy12db44dy12db9dr3~x2	4
s6/db9k4lb1k4db9r1~x4~db1406275	4
s6/db9k9db9k9db42lb5~x2	4
s6/db9k9db9k9db42w5~x2	4
s6/db9k9r3db9k9ly1~x4	4
s6/db9k9r3db9k9y1~x4	4
s6/db9lb3db6lb3db20dy2~x2	4
s6/db9r3db1g9r3db1~x2	4
s6/db9w2dg25do10k15dp4~x2	4
s6/dbi11g15k2n5db3n11~x2~dbi1204274-db1106275	4
s6/dbi15db55w1dp5r2ly1~x2~dbi1406275-db1404245	4
s6/dbi1db1r1dp2dr1ly1~x10~dbi1406275-db1404245	4
s6/dbi28db49y3db49dbi28w4~x2~dbi1406275-db1204274	4
s6/dbi55db18w3db2r2db6~x2~dbi1406275-db1204274	4
s6/dbi55db18w3db2r2db6~x2~dbi1604274-db0805267	4
s6/dbi7db2dbi25db10g21db2~x2~dbi1406275-db1204274	4
s6/dbi7db2dbi25db10g21db2~x2~dbi1605267-db1004274	4
s6/dbi8lb3dbi28w32db3w4~x2~dbi1406275-db1404245	4
s6/dg10k1db13k3w9y3~x2	4
s6/dg10w2k10dy10db35r6~x2	4
s6/dg10w2k10y5db35r6~x2	4
s6/dg11y1dg1y6k1y1~x4	4
s6/dg11y1dg1y6k1y1~x8	4
s6/dg14db8dg14r14k3r14~x2	4
s6/dg16k57r36k2r4dg2	4
s6/dg1r1dg7r4ri7r1~x4~dg1806142-r1807008-ri2109032	4
s6/dg1r1dg7r4ri7r1~x6~r1807033-ri2109032	4
s6/dg20r8dg20y8g20k5~x2	4
s6/dg24lo2g16db7do16r5~x2	4
s6/dg26ki3dg12k10b15w2~x2~ki0604259	4
s6/dg2db12dg1k12dg12r2~x2	4
s6/dg2dp2dg24g1~x4~dg1806142-g2408144	4
s6/dg2g2dgi7dg10dgi1g1~x4~g2408144-dgi1806142	4
s6/dg2lo1dg12lb6g12dr1~x4~dg1806142-g2203152	4
s6/dg2ly14dg8ly3dg12db2~x2	4
s6/dg2ly14dg8ly3dg12r2~x2	4
s6/dg2r1db16r16db1y2~x2	4
s6/dg2y14dg8y3dg12lo2~x2	4
s6/dg2y1b1r1dp1db1~x36	4
s6/dg30dr2dg8dr1dg5w2	4
s6/dg30g13dg7g30dg2y4~x2	4
s6/dg30g1dg3dr30k1y3~x2~dg1806142-g2408144	4
s6/dg31y4dg6k19db18lb9~x2	4
s6/dg32r12dg6r6k2w3~x2	4
s6/dg36y3do5db18k28~x2	4
s6/dg3b3r22k5ki22y2~x2~ki0604259	4
s6/dg3g3r22k5db22dy2~x2~dg1806142-g2408144	4
s6/dg42dy2dgi16db7k16r5~x2~dg1202166-dgi1804158	4
s6/dg42lo2g16db7do16r5~x2	4
s6/dg44w18dg6w11db1r4~x2	4
s6/dg4db12r3db12dg32w4~x2	4
s6/dg4g18dg3k17dg18b4~x2	4
s6/dg4w1dg26t26k2t4~x4	4
s6/dg5dbi2dg9db19r9y2~x2~dbi1406275-db0705267	4
s6/dg5g3dg24g24dg3g5~x2	4
s6/dg5t2dg9db19r9ly2~x2	4
s6/dg60r2dg8r1dg5w2	4
s6/dg60r2dg8r1dg5w2~w4000000	4
s6/dg60w11dr5t5k1ly4~x2	4
s6/dg68r24dg8ly18dg3ly18~x2	4
s6/dg6lo3dg26k10n30lb3~x2	4
s6/dg6r1dg24r28dg1r4~x2	4
s6/dg7db1dg1k4dp4k1~x4	4
s6/dg7w1dg18db6r18dg2~x2	4
s6/dg86lo44dg21lo44dg86lb10	4
s6/dg8k8dg8y6k3y6~x2	4
s6/dg8k8ly1k8dg8k1~x4~dg1806142	4
s6/dg9dgi1dp2dgi1db4r1~x12~dg1104144-dgi1706142	4
s6/dg9g1b2g1db4r1~x12~dg1806142-g2408144	4
s6/dg9lb3dg6lb3dg20y2~x2	4
s6/do14db14do14db40do3db2~x2	4
s6/do15r5do30db32do4lo3~x2	4
s6/do19lo3w1k18dg30r2~x2	4
s6/do1dy6do6dy1n6dy1~x8	4
s6/do1ly1do2lr4n1lr1~x8	4
s6/do2dy12do12r1k12dy2~x6	4
s6/do2o11do2k11do16w2~x4	4
s6/do3db3do3db27do40dy3	4
s6/do44o3do4w3do4o44~x2	4
s6/do4g25lr10g3lr18r4~x2	4
s6/do6g3do3g11do1g2~x4	4
s6/dp10y3dp8db42g5n5~x2	4
s6/dp15dpi15g15dg15k8w5~x2~dp1105325-dpi1607327	4
s6/dp15o15g15dg15k8w5~x2	4
s6/dp20lb8g8db8dp33r3~x2	4
s6/dp24k4lb10db3dp3w2~x2	4
s6/dp26dr6dg16dp8dg3dr2~x2	4
s6/dp2dg6k2db6k1r2~x4	4
s6/dp2g18dp15dr24k1ly2~x2	4
s6/dp2g3lp21dp42w1g2~x2	4
s6/dp2g3o21dp42w1g2~x2	4
s6/dp2lb9dp3ri7r19y2~x2~ri2109032-r1706009	4
s6/dp2w12t11lb12k1g2~x4	4
s6/dp2w12t11lb12k1g2~x4~dp1607327	4
s6/dp2w1dp9w9dp1w2~x6	4
s6/dp30m5dp5b4dp4g12~x2~m2609322-b2306275	4
s6/dp30m5dp5lb4dp4g12~x2~dp1507303-m2510349	4
s6/dp3db17n13dp2k20w2~x2	4
s6/dp3dt15db15r2db15y3~x2	4
s6/dp3g1dp9r3~x4	4
s6/dp3n15db15r2db15y3~x2	4
s6/dp3o15db15r2db15y3~x2~o2500000	4
s6/dp46b15k12o8g8dp8~x2	4
s6/dp46dpi15k12o8g8dp8~x2~dp1105325-dpi1707311	4
s6/dp4k3b18r3db34w3~x2	4
s6/dp4r1t5dp4k6lb1~x4	4
s6/dp4r1t5dp4k6lb1~x4~dp1607327	4
s6/dp4r3dp26r26g26r4~x2	4
s6/dp6o2dp29o29dp2o6~x2	4
s6/dp6w2dp29w29dp2w6~x2	4
s6/dp6y1dp20db6g19dp2~x4	4
s6/dp8k11dg9k11dp8lb2~x2	4
s6/dr11n3dr12k11t11w1~x2	4
s6/dr1dy2dt12dy8db16ly1~x2	4
s6/dr1dy6db2lb4k4lb1~x6	4
s6/dr1k10n2lb5k5dr1~x4	4
s6/dr1k1g6k6db6lr1~x4	4
s6/dr1n6k1w3k3dr1~x8	4
s6/dr1w12g6dr8lb3lo1~x4	4
s6/dr24lb4k4g4w13k2~x4	4
s6/dr24n5o9n2o9w9~x4	4
s6/dr28r1db18y2g6db18~x2	4
s6/dr2dg12k3dg2t8dg2~x2	4
s6/dr2dg14lb3dr13ly1dr2~x4	4
s6/dr2do22g22do3db12y2~x2	4
s6/dr2dy1dr4r1dr12ly1~x2	4
s6/dr2g3db2g14db14lr2~x2	4
s6/dr2k1db6k2g6o2~x4	4
s6/dr2lb2n18lb1n2db2~x4	4
s6/dr2o2dr17dt17m2dt2~x4	4
s6/dr32r3dr3r2dr3r23~x2	4
s6/dr3db38k13w3n20dy2~x2	4
s6/dr3g30k12g1k16lo2~x2	4
s6/dr3k9g20k16g7t3~x2	4
s6/dr3lb10dr3lb4dr20w1~x4	4
s6/dr3lo2k10w1~x6	4
s6/dr40t8dr1w2~x4	4
s6/dr4do27ly6n19t38w4~x2	4
s6/dr4k2db24k20dg20lo3~x2	4
s6/dr4k2db24k20g20lo3~x2	4
s6/dr4t28k6lb12k12lo3~x2~t2503227-lb3200000	4
s6/dr58db12dr5g28dr7ly5~x2	4
s6/dr5t35k24t9g9dr5~x2	4
s6/dr5w2dr25w25dr2w5~x2	4
s6/dr6do26dt28g26dt8y3~x2	4
s6/dr7db20dr4k18g20dp5~x2~db1406275-k0700000	4
s6/dr8g2dr2k1dr1g2~x10	4
s6/dr9k1dr5g6dr4k2~x4	4
s6/dri26w2dri3dt41dr2dt3~x2~dri1305012-dr1004029	4
s6/dt15db55w1dp5r2y1~x2	4
s6/dt3db5n2dg5r11w3~x4	4
s6/dt40dy10dt8r20dt100w5	4
s6/dt45db7w3db27r1db7~x2	4
s6/dt4dg2dr26dg10dt32n3~x2	4
s6/dt4k2dt16k2dt16k1~x4	4
s6/dt4r1dt18db18w1db4~x4~dt1101240-db1404245	4
s6/dt60w11r5db5k1y4~x2	4
s6/dt6dr1dt24dr28dt1dr4~x2	4
s6/dy11db1dy3dbi1db9r1~x4~db1204274-dbi1406275	4
s6/dy11db2r4y1dp2n2~x4	4
s6/dy15r5dy30db32dy4y3~x2	4
s6/dy15r5dy30t32dy4lo3~x2	4
s6/dy19g23ly3db15r11w5~x2	4
s6/dy19g23y3db15r11w5~x2	4
s6/dy1db3dy1g3dy4r1~x2	4
s6/dy21g28db24g72w16g20	4
s6/dy2db12k6dp10k1w2~x2	4
s6/dy2dg44k10r1db16r1~x2	4
s6/dy2dg44k10r1db16r2~x2	4
s6/dy2g12k10r1db16r2~x2	4
s6/dy2g12k10r1t16r2~x4	4
s6/dy2ly14k14ly1dr14ly2~x2	4
s6/dy30ly5lb10k10w2k2~x2	4
s6/dy30ly5t10k10w2k2~x2~dy1602083	4
s6/dy34db27r3db27dy34w3~x2	4
s6/dy3db40k35g5w2r3~x2	4
s6/dy45lb2r4y1dp2n2~x4	4
s6/dy4dt20dy3k20o24dt3~x2	4
s6/dy4r2dg40g39dg3r4~x2	4
s6/dy5g22dp15dpi11dp5g2~x2~dp1105325-dpi1607327	4
s6/dy6dp2dy29dp29dy2dp6~x2	4
s6/dy6g2dy29g29dy2g6~x2	4
s6/dy6k5ly4k48dr36w6	4
s6/dy6n2dy29n29dy2n6~x2	4
s6/dy7k2dy12k10dg12k3~x2	4
s6/dy7k2dy12k10g12k3~x2	4
s6/dy83k35w3g35k3y10	4
s6/dy8g50db4lb2w5y2~x2	4
s6/dy9lb3dy6lb3dy20y2~x2	4
s6/g10k1db13k3lb9lo3~x2	4
s6/g10r4g46r69k2w6	4
s6/g11dy4w1db10dr1db2~x4	4
s6/g11w11k3y3dg36lo7~x2	4
s6/g11w1g11k9dg6dp3~x4	4
s6/g12k10y9db11ly3g9~x2	4
s6/g12k2g2dg9g4k2~x4~g2408144-dg1605139	4
s6/g14db2g2k8dp9k2~x2	4
s6/g15b2w2b11n28b4~x2~g2003152-n2002277	4
s6/g15k10r30dp2r20w1~x2	4
s6/g15ly1dy2db5k4dg5~x6~ly3307090-dy1603076	4
s6/g15y1dy2db5k4dg5~x6	4
s6/g15y2k30g32r3w2~x2	4
s6/g16db59ly4db59g16dbi9~x2~db1106275-dbi1406275	4
s6/g16lb2g1k12db12k1~x2	4
s6/g18lb2g4k14db12k3~x2	4
s6/g18lb2g4k14dp12k3~x2	4
s6/g18ly2g18k4g2k15~x2	4
s6/g18y1dp5y1dg18r1~x4	4
s6/g18y2g18k4g2k15~x2	4
s6/g1db6k6g6r1g1~x6	4
s6/g1r1db16r16db1w1~x2	4
s6/g1r9lo9y9g6w1~x4	4
s6/g20dg11n6dr2dp3n1~x2	4
s6/g20dr10ly2db100w1y10	4
s6/g20dr10y2db100w1lg10~g2208144-lg3105139	4
s6/g20k2g20dp25w2lb3~x2	4
s6/g21k21r1db20r20k2~x2	4
s6/g21w2g4k17db14k3	4
s6/g21w2g4k17dp14k3~x2	4
s6/g21w2g4k17dr14k3	4
s6/g21w2g4k17dr14k3~x2	4
s6/g21y2g4k16dp14k3~x2	4
s6/g22k3g3dg16g6k4~x2~g2203152-dg1806142	4
s6/g23r23w9r23g23w9~x2	4
s6/g23r3g7r3g23dp7~x2	4
s6/g24k2db3k2db8r2~x2	4
s6/g25r9lb3y7w3dp11	4
s6/g25r9lb3y7w3dp11~x3	4
s6/g26db10k3db2dy2db10~x4	4
s6/g26db3g12k10dp15w2~x2	4
s6/g27db12k12r9k1ly2~x2	4
s6/g27db12k12r9k1y2~x2	4
s6/g2dg7db3w2g14b2~x4	4
s6/g2lo1g5k4do5dr1~x4	4
s6/g2y1lo1r1dp1db1~x36	4
s6/g30db8g5lb4g5r1~x4	4
s6/g30k12g6k6db2k5~x2	4
s6/g30t8g5lb4g5r2~x4~t2405244-lb3203246	4
s6/g32k6g4k8r1k2~x2	4
s6/g32k6g4k8r1k2~x4	4
s6/g32lb6g12lb28dr2db1~x2	4
s6/g32r12g6r6k2w3~x2	4
s6/g34db27r3db27g34w3~x2	4
s6/g35k3dbi26k4db4w3~x2~dbi1406275-db1106275	4
s6/g36lb4g8k29r24w7~x2	4
s6/g36r18g4r6k1w2~x2	4
s6/g3b3g19b18r19b3~x2	4
s6/g3db12w1dg12r12dg2~x2	4
s6/g3db1g8db7k3dy1~x2	4
s6/g3db1g8db7k3y1~x2	4
s6/g3db8g3k4g15r2~x2	4
s6/g3dbi8r11db3k2dp2~x4~dbi1406275-db1404245	4
s6/g3dp3w1dp3g3r1~x4	4
s6/g3dr22lb5g10k10g2~x2	4
s6/g3k15dr8g2n8k2~x4	4
s6/g3k15r8g2n8k2~x4	4
s6/g3k24ly1r18db18w1~x2	4
s6/g3k24y1r18db18w1~x2	4
s6/g3k3ly2dr28dy28r1~x2	4
s6/g3k8g8lb3k18g2~x4	4
s6/g3lb1db7lb1g3k1~x8~db1406275	4
s6/g3lo3k10lo26k3lo3~x2	4
s6/g3ly3g20ly20g20ly3~x2	4
s6/g3r22lb5g10k10g2~x2	4
s6/g3r2db22r22db2w3~x2	4
s6/g42y2b16db7do16r5~x2	4
s6/g45db14k3db2dy2db5~x2	4
s6/g46o20g9o20g46lg5~x2	4
s6/g49db16dy3db2dy2db6~x2	4
s6/g49db16o3db2o2db6~x2	4
s6/g4db12r3db12g32w4	4
s6/g4db12r3db12g32w4~x2	4
s6/g4db36lg6g16db16g3~x2	4
s6/g4db36lg6g16db16g3~x2~db1204274	4
s6/g4dg18dgi6dg6dgi24k3~x2~dgi1605139	4
s6/g4dg18dgi6dg6dgi24ly3~x2~dgi1605139	4
s6/g4dr28db6g10k10g3~x2	4
s6/g4dr52k20dy9g2ly1~x2	4
s6/g4dy25g6db12g12db3~x2	4
s6/g4dy25g6lb12g12lb3~x2	4
s6/g4k2g28k8dg21g3~x2	4
s6/g4lb31g7dr14g11dr3~x2	4
s6/g4o25g6lb12g12lb3~x2	4
s6/g4r16k5r50g4w1~x4	4
s6/g4r52k20dy9g2y1~x2	4
s6/g4w1g10k10db10r2	4
s6/g4w28db14y2lb17g4~x2	4
s6/g4w28dp8dy2db17g4~x2	4
s6/g4w28dp8y2db17g4~x2	4
s6/g4y2g24w12db26r1~x2	4
s6/g50db20k3db2dy2db5~x2	4
s6/g50db20k3db2o2db5~x2	4
s6/g52lb7g9k35db35k7	4
s6/g53w1r20k1w2r7~x2	4
s6/g55k17r9k11y2db4~x2	4
s6/g55k17r9k11y2k4~x2	4
s6/g55y4db15w3dr3w5~x2	4
s6/g55y4db15w3r3w5~x2	4
s6/g5w1r5k5db43r1~x2	4
s6/g5w2r27g27r5w2~x2	4
s6/g68r24g8dy18g3dy18~x2	4
s6/g6b1g7w1b7r1~x4	4
s6/g6b1g7w1b7r1~x4~w4000000-r2109032	4
s6/g6ly3g26dg10dt30w3~x2	4
s6/g6n16db49lb14db2w6~x2~n1702249-db1106275	4
s6/g6r1g24r28g1r4~x2	4
s6/g6w2g29w29g2w6~x2	4
s6/g70k26g12k14db3k16~x2	4
s6/g70k26g12k14t3k16~x2	4
s6/g72k8g4dy16g7n2~x2	4
s6/g7k1g7lb1k6lb1~x2	4
s6/g7k1g7lb1k6lb1~x4	4
s6/g7w4k21n16db16r5~x2	4
s6/g8lb1g1k6db6k1~x4	4
s6/g8ly1g8ly12r1ly1~x4	4
s6/g8r3g4k6g9dp2~x2	4
s6/g8r3g4k6g9dp2~x4	4
s6/g8w2g1k12db12k1~x2	4
s6/g8w3n6db11n30db5~x2	4
s6/g8y1g8y12r1y1~x4	4
s6/g9lb1g6k7db7k1~x4	4
s6/g9r2g9r14k1w2~x2	4
s6/g9r2g9r14k1w2~x4	4
s6/g9w1g6k7db7k1~x2	4
s6/k10dg25k10g15y1g5~x2	4
s6/k10dp5k30dp5k10dp9~x4	4
s6/k10lb2w5lb4k50t2~x2	4
s6/k10lo4dg34db34k1y3~x2	4
s6/k10y9db11g12ly3g9~x2	4
s6/k11db2r1~x8	4
s6/k11db3o5k2g15dp11~x2	4
s6/k120b4k12dt36dg3k6	4
s6/k13n2k13n31k1n1~x4	4
s6/k14db14k14db40k3db2~x2	4
s6/k14g80k80g9dp82g14	4
s6/k14w3g42k36db40lb10	4
s6/k15n7k6n11k50n4~x2	4
s6/k16dg32k8n4dr11n2~x2	4
s6/k16r16k19r5k6r2~x4~r1807016	4
s6/k16w3lr4dp35b12~x2~lr3100000-dp1502305	4
s6/k16w4y2g31n4dp4~x4~n2203265-dp1502305	4
s6/k17dr6k2lb6k17lo2~x2	4
s6/k17dr6k2lb6k17ly2~x2	4
s6/k17dr6k2w6k17ly2~x2	4
s6/k17g48y4r10db12g4	4
s6/k1db7k4lb1k4b1~x4	4
s6/k1dg6k6db6k1db1~x4~dg1605139-db1004274	4
s6/k1g3k3db3k1db1~x4	4
s6/k1g6k1g6r16db1~x2	4
s6/k1g8w1k8db8r1~x4	4
s6/k1g8w1k8db8r1~x4~db1004274	4
s6/k1lb1r1db1g1db1~x24	4
s6/k1lb1r1db1g1db1~x25	4
s6/k1ly2k3db12k18w1~x2	4
s6/k1r4k1r4k13r1~x4	4
s6/k1r7k1r7db16g1~x2	4
s6/k1r7k1r7db16g1~x4	4
s6/k1y1db8g10lb7w1~x2	4
s6/k1y2k3n12k18w1~x2~k0704259-n1902277	4
s6/k1y3db3do28db36y1~x2	4
s6/k20lb2k6g16dp4k9~x2	4
s6/k21lb2k5lb9k13g2~x4	4
s6/k21w2k5w9k13g2~x4	4
s6/k23r3k1r12~x4	4
s6/k23t6k6r5w35r10~x2	4
s6/k24n11k5n5k1n2~x4	4
s6/k26n10dt19dr6dy2db9~x2~dt1502222-db1704245	4
s6/k2dg10y2k9dp8dg2~x2	4
s6/k2dg7db2dg7db16r1~x6~k0700000-db0805267	4
s6/k2dg7db2dg7db16r1~x6~k0700000-dg1504158-db0805267	4
s6/k2dr1db17dr17b1y2~x4	4
s6/k2dr1dbi17dr17db1y2~x4~dbi1404245-db1204274	4
s6/k2g10lb2k9dp8g2~x2	4
s6/k2g11y1k8db9r2~x4	4
s6/k2g11y1k8t9r2~x4	4
s6/k2g12k12r1db12g2~x2	4
s6/k2g12k12r1db12w2	4
s6/k2g12k12r1db12w2~x2	4
s6/k2g13k11lb4w9k2~x2	4
s6/k2g17k16dr2db17lr2~x2	4
s6/k2g17k16r2db17w2~x2	4
s6/k2g7lb1k6r4g2~x4	4
s6/k2g8db2k9dp7k2~x2	4
s6/k2g9lb1k6b4g2~x2	4
s6/k2g9t1k6ti4g2~x2~t2304245-ti2607245	4
s6/k2lb1dp6g6r1g1~x4	4
s6/k2ly6k2ly11k9r1~x2	4
s6/k2n6k2n6k12r1~x4	4
s6/k2r12k2r12k33r2~x2	4
s6/k2r16g6r3g8lb1~x2	4
s6/k2r16g6r3g8w1	4
s6/k2r16g6r3g8w1~x2	4
s6/k2r16g6r3g8w1~x4	4
s6/k2r16k8ly1k8r2~x4	4
s6/k2r16k8y1k8r2	4
s6/k2r16k8y1k8r2~x2	4
s6/k2r20k8g18r3w2~x2	4
s6/k2r6k2r6k12y1~x2	4
s6/k2r6k2r6k12y1~x4	4
s6/k2w1g5dr1lb18dr2~x2	4
s6/k2w1g5dr1lb18r2~x2	4
s6/k2w1k12g5db11r1~x2	4
s6/k2w1k9w9k1w2~x3	4
s6/k2w1k9w9k1w2~x6	4
s6/k2w1n8dr1lb28dr2~x2	4
s6/k2w28r13w2r13w2~x2	4
s6/k2y1g6k6db6w1~x4	4
s6/k2y6k2y11k9r1~x2	4
s6/k30t40dy3t5w2t6~x2	4
s6/k31r2k10db1k1w1~x4	4
s6/k31r4k47r47k4r31~x2	4
s6/k33ly4w3db33r2g2~x2	4
s6/k33y4w3db33r2g2~x2	4
s6/k36y5k1y1n5k12~x2	4
s6/k3b16k4b3k12w2~x3	4
s6/k3db12r2k12g12k3~x2	4
s6/k3db14r2k14g14k3~x2	4
s6/k3db30k8w8k2r3~x2	4
s6/k3dg11k3b11k18o3~x2	4
s6/k3dg44db27y6r10w3~x2	4
s6/k3dp9k11lb2g9k3~x2	4
s6/k3dr22g5dg10do10dg2~x2	4
s6/k3g10k10r3db8w3~x2	4
s6/k3g13k10dr13k2dr3~x2	4
s6/k3g13k10r13k2r3~x2	4
s6/k3g14k14g2db14g3	4
s6/k3g14k14g2db14g3~x2	4
s6/k3g14k14g2db14r3	4
s6/k3g14k14g2db14r3~x2	4
s6/k3g14k14g2db15y2~x2	4
s6/k3g14k14g2t14r3~x2	4
s6/k3g17w2k18dp17g3~x2	4
s6/k3g17y2k18dp17g3~x2	4
s6/k3g22db3g3db19r3~x2	4
s6/k3g25o3k15r24g3~x2	4
s6/k3g2m3db30dp32w3~x2	4
s6/k3g36db28r2db2y3~x2	4
s6/k3g44db27ly6r10w3~x2	4
s6/k3g8k8r2db8w2~x2	4
s6/k3lb10db2g6db18g2~x2	4
s6/k3lb1g21k2dr3lb2~x2	4
s6/k3lb2g13w2lb24dr3~x4	4
s6/k3ly18g6dr17k31g3~x2	4
s6/k3ly3db20dg25lb18w3~x2	4
s6/k3n23k3n3k20lb3~x2	4
s6/k3n23k3n3k20lg3~x2	4
s6/k3n25k3n3k21n3~x2	4
s6/k3n28k3r22k8w3~x2	4
s6/k3n31k3n3k27y3~x2	4
s6/k3o24lb16w11lo1g3~x2	4
s6/k3r11db3w1db3w1~x4	4
s6/k3r15k11y2k4r3~x2	4
s6/k3r1k16r16k1r3~x4	4
s6/k3r24lb16w11y1g3~x2	4
s6/k3t2g13w2t24dr3~x4~t2405244-g2408144	4
s6/k3t4g20k20g3ly3~x4	4
s6/k3w25g16w3db25w3~x2	4
s6/k3w2k18b18k2b3~x4	4
s6/k3w2k18t18k2t3~x4	4
s6/k3wi6t20dt2b19w3~x2~wi3600000-t2607245-dt1001120-b2409265	4
s6/k3y18g6r17k31g3~x2	4
s6/k3y3db20g25lb18w3~x2	4
s6/k40dg15k10o2k10lo2~x2	4
s6/k40dt4k12dt21dg17k4~x2~dg1804158	4
s6/k42n2k2n17db8y4~x2~k0800000-n1900000	4
s6/k42w5k5dg16k5db21~x2	4
s6/k43dg8k8db21dg10w2~x2	4
s6/k43dg8k8dt21dg10w2~x2	4
s6/k43dr10w3k3w15db3~x2	4
s6/k44g8k4dg13k4w3~x2~g2203152-dg1806142	4
s6/k49dr1o4db5g5ly5~x2	4
s6/k4db32r30db2w5k2~x2	4
s6/k4dg16k14ly3t16r4~x2	4
s6/k4dg23k23dg2db23dg4~x2	4
s6/k4dg5k2o21b8k2~x2	4
s6/k4dr2k12db12k1lo2~x2	4
s6/k4dy3k30lg33r1lg4~x2	4
s6/k4g14k14g2w14t3~x2	4
s6/k4g16k13db16lb3db3~x2	4
s6/k4g16k14y3db16r4~x2	4
s6/k4g19k16w2db15g4~x2	4
s6/k4g21w3g21db21r4	4
s6/k4g21w3g21db21r4~x2	4
s6/k4g23k23g2t23g4~x2	4
s6/k4g23k23g2w23t4~x2	4
s6/k4g25k24r3db24g4~x2	4
s6/k4g5k2g5dr17db2~x2	4
s6/k4lb28r6w12r12w3~x2	4
s6/k4lb2k28t30k1t3~x2	4
s6/k4lo19k19lo2dp22w4~x2	4
s6/k4ly18db44k3ly10k4	4
s6/k4ly32k16r3k16ly4~x2	4
s6/k4n4db32r4b17w2~x2~db1404245-b2603265	4
s6/k4n4k1n4k4n1~x4	4
s6/k4o19k19o2dp22w4~x2	4
s6/k4r26k4w2k13y4~x2	4
s6/k4r33k24w3k4r3~x2	4
s6/k4r4k20r1k20w4~x6	4
s6/k4r5k2lo21g8k2~x2	4
s6/k4r5k2y21g8k2~x2	4
s6/k4t24k2dg13t2k3~x4~t2405244-dg1806142	4
s6/k4w1g10k10db10r2	4
s6/k4w1g10k10db10r2~x2	4
s6/k4w1g10k10db10r2~x4	4
s6/k4w1g13k11db11lb3~x4	4
s6/k4w1k28r30dp1r3~x2	4
s6/k4w2g13k13b12k2~x2	4
s6/k4w2g18k13db12k2~x2	4
s6/k4w2k28db30k1db3~x2	4
s6/k4w2k28r30b1r3~x2	4
s6/k4w2k28r30db1r3~x2	4
s6/k4w2k28r30dr1r3~x2	4
s6/k4w2k28r30k1r3~x2	4
s6/k4y18db44k3y10k4	4
s6/k4y1k18db18lb1db4~x4	4
s6/k4y1k20t20k1t4~x4	4
s6/k50g6db6r6n6w3~x2	4
s6/k53n22k10n10k2n4~x2	4
s6/k54n11g13ly1t13w1~x2	4
s6/k54n11g13y1db13w1~x2	4
s6/k5dg25k10g15y1g5~x2	4
s6/k5g23k18db21k33db3~x2	4
s6/k5g32db32r3db3y3~x2	4
s6/k5lo1k1lo1~x20	4
s6/k5ly5w1ly5k5r1~x10	4
s6/k5ly5w1ly5k5r1~x10~ly2503076	4
s6/k5n5k9db5k5db5~x2	4
s6/k5n5k9dp5k5dp5~x2	4
s6/k5r2dy7ly18dy2w2~x4	4
s6/k5w2g18k17db16k3	4
s6/k5w2g18k17dr16k3	4
s6/k5w2g18k17dr16k3~x2	4
s6/k5w4r15g70k4w5~x2	4
s6/k5y2dy7ly18dy2w2~x4	4
s6/k60dr3k5dr3lb18n3~x2	4
s6/k62r9w7lb6y3g6~x2	4
s6/k6db17k6db17k27w3~x2	4
s6/k6g11w2db22r2k4~x2	4
s6/k6g15w2db22b2k4~x2	4
s6/k6g15w2db22r2k4~x2	4
s6/k6lb1dr18db6dg18k2~x2	4
s6/k6r1k24r28k1r4~x2	4
s6/k6r20w2dr9w3lb2~x2	4
s6/k6r2g17r16k1lb2~x2	4
s6/k6r3g30ly10db30w3~x2	4
s6/k6r3k28r28k3r6~x2	4
s6/k6w49db50dp6dbi8ly4~db1204274-dbi1406275	4
s6/k6w49db50dp6t8y4~db1404245-t2503227	4
s6/k6y1k6y9r1y2~x2	4
s6/k72g23k7g8r1w3~x2	4
s6/k75r10g7y3db2w5~x2	4
s6/k78r10g7y3db2w5~x2	4
s6/k7r2k33db33k2db7~x2	4
s6/k7w2dg2o31dr35ly2~x2	4
s6/k7w2g2dr31r35y2~x2	4
s6/k7w6k1w6~x4	4
s6/k80r6g3r12k2w2~x2	4
s6/k83g4r4g10k1w3~x2	4
s6/k88b17k8g28k8r6~x2	4
s6/k88dg17k8g28k8r6~dg1405139-g1903114	4
s6/k88g17k8dg28k8r6~x2~g2408144-dg1806142	4
s6/k8dr49k8lb3k20lo3~x2	4
s6/k8r12w8g15db30y5~x2	4
s6/k8r1k8r11y1r1~x4	4
s6/k8r2k13dy2dg48db6~x2	4
s6/k8r2k13y2dg48db6~x2	4
s6/k8y1k1r1k4db1~x12	4
s6/k99r5k4r3k2g1~x2	4
s6/k9g2db16r22dg10w6~x2~g2408144-db1406275-dg1806142	4
s6/k9g2db16r22dg10w6~x2~g2408144-dg1806142	4
s6/ki6db50k29b6k29db6~ki0604259	4
s6/lb10k2w5k4lb50t2~x2	4
s6/lb10n1lb1n10lb18n5~x2	4
s6/lb12g12k12g24dp75ly4	4
s6/lb12g16k12g24dp75y4	4
s6/lb12y2lb1k5lb4k2~x4	4
s6/lb1db11k11g11k2lb1~x2	4
s6/lb1dr6db1lb3k3lb1~x8	4
s6/lb1w6b1lb3k3lb1~x8	4
s6/lb20w2lb5k2db10r3~x2	4
s6/lb23w3k10r2db45y1~x2	4
s6/lb25w5r1w1r1w20~x4~w3701000-r2109032	4
s6/lb26n10db19dr6dy2t9~x2~db1404245-t2105244	4
s6/lb28db15r2db2w1db6~x2	4
s6/lb2db20n2dt15dr9lb2~x2	4
s6/lb2g13r2k6db23w1~x4	4
s6/lb2r12db2lb6k6lb1	4
s6/lb2r12db2lb6k6lb1~x2	4
s6/lb2r12db2lb6k6lb1~x4	4
s6/lb2r12k2lb6k6lb1~x2	4
s6/lb3db17do16dt2dg17lo2~x2	4
s6/lb3dr30k18db6g30k2~x2	4
s6/lb3dy26g4lb13k13lb2~x2	4
s6/lb3g12k14lb11k3lb3~x2	4
s6/lb3g12k14lb11r3lb3~x2	4
s6/lb3g6k6lb4r1lb1~x2	4
s6/lb3g8k9db7r2db2~x2	4
s6/lb3k16g16k16db3lb3~x2	4
s6/lb3k2g2k1db10w1~x8	4
s6/lb3k3lb3k3n15dr1~x4	4
s6/lb3n11db8n10lb6dp1~x2~lb3203246-n2203265-db1204274	4
s6/lb3o26g4lb13k13lb2~x2	4
s6/lb40k14dp22y1dp1y3~x2	4
s6/lb48n28w4n28lb48y3~x2	4
s6/lb4dy28g6lb12k12lb3~x2	4
s6/lb4ly15lb4ly15lb4w2~x2	4
s6/lb4o28g6lb12k12lb3~x2	4
s6/lb4r28k6lb12k12lb3~x2	4
s6/lb50do4lb12do23y4do4~x2	4
s6/lb52y2n24dr3dy26n4~x2	4
s6/lb53k2w53k2r4lo7~x2	4
s6/lb5k1w11k1r42k1~x2	4
s6/lb5k22db4k4db26k4~x2	4
s6/lb60db19w3db2r2db7~x2	4
s6/lb62k13ly17dy13w40db20~x2	4
s6/lb67k13dy17dyi13w40t20~x2~lb3200000-dy1503038-dyi1503076-t2503227	4
s6/lb7k7lb7g20lb2g2~x4	4
s6/lb8n4db30dt30r3dt4~x2	4
s6/lb9db2lb39dbi33ly2dbi5~x2~db1106275-dbi1404245	4
s6/lbi3lb2db3r3k3ly1~x8~lbi3203246-lb3103284	4
s6/lg3db1b16db16b2lb2~x4	4
s6/lg50r4lg12y23r4g4~x2	4
s6/lg50r4lg12y23r4g4~x2~g2408144	4
s6/lo13g8k5lb3w2r1~x4	4
s6/lo13g8k5lb3w2r1~x4~lb3203246	4
s6/lo13t8r5k3w2g1~x4	4
s6/lo13t8r5k3w2g1~x4~r2109032	4
s6/lo24k5lo4k2lo3k2~x2	4
s6/lo26k10lo3g3lo3k3~x6	4
s6/lo3dy33db24dy2db2dy2~x2	4
s6/lo3dy33db24dy2db2dy2~x2~db1406275	4
s6/lo4db23k4g16db23lb4	4
s6/lo4db24g3k21g23k1~x2	4
s6/lo4k6lo1k1lo16k2~x2	4
s6/lo8w3lo28w32dp3w4~x2	4
s6/lp4dy2dp4dy35t27r3~x2	4
s6/lr15do6lr1do3ly3lr1~x4	4
s6/lr3t14k12dg12k2ly3~x4~t2205244-k0700000	4
s6/lr4g24db10r3db12lo4~x2	4
s6/lr6o5k2y18r28w2~x2	4
s6/lr8w3db40k12w3lr3~x2	4
s6/lt13r2b13r2b70lt3~x2~lt3304230-b1511266	4
s6/ly11dg5ly10g4dg26ly4~x2~dg1806142-g2408144	4
s6/ly11r2ly11w6ly7w6~x2	4
s6/ly15r98do72m25do8lb15~r2208029-m2610337	4
s6/ly21g28db24g72w16g20	4
s6/ly23r22o52r8w6lyi18~ly2503076-lyi2705081	4
s6/ly30g3t2lb2t30lo4~x2~t2405244-lb3203246	4
s6/ly3k1g20k20db18lb3~x2	4
s6/ly3w17ly11w2ly11w2~x4	4
s6/ly4dg30g15db5t10ly4~x2	4
s6/ly4k28r2db22t8dy3~x2	4
s6/ly4t8dp4k53db54w2	4
s6/ly5db24k8dbi18ly6dy3~ly3307090-db1204274-dbi1406275-dy1603076	4
s6/ly5db30w3g15y8r4~x2	4
s6/ly5w15r40y4g2lb2~x2	4
s6/ly6do36k48r4k5lyi6~ly2503076-lyi2705081	4
s6/ly72db16w9db4w5db16~x2	4
s6/ly8k2db20lb4w1k2~x4	4
s6/ly9g18t9r1w1db1~x4	4
s6/m1g2n10r1db15w1~x4	4
s6/m4k3t18r3db34w3~x2~m2009341-r2108022	4
s6/n14r4n14lb15db13w3~x2~n1702277-db1007262	4
s6/n19w20dp18r2k7lb15~x2~n2203265-dp1502305	4
s6/n1ly6n6lb6n1lb1~x4	4
s6/n2dg2r9k9g2y2~x4~dg1204144-g2408144	4
s6/n2m2n17r17ly2r2~x4	4
s6/n2w2y7lb14n2w2~x2	4
s6/n2w2y7o14n2w2~x2~n1900000-o2500000	4
s6/n32w4n4k24dp29k4	4
s6/n3dg1n10dg4dy10n2~x4	4
s6/n3dg1n10dg4r10n2~x4	4
s6/n3r18k2dg18k24ri1~x2~r1706009-ri2109032	4
s6/n42db2n2db17lo8y4~x2~db1208266-lo2706076	4
s6/n46dp15k12ni8g8b8~x2~dp1403303-ni2104317	4
s6/n47w6r24w3db5ly3~x2	4
s6/n47w6r24w3db5y3~x2	4
s6/n4db1n6o1n14lb1~x8	4
s6/n4ly1k4g32k4dr2~x2	4
s6/n50k4n12k23lo4k4~x2	4
s6/n56w30n8r10n3r20	4
s6/n58k22n8k17r5k14~x2	4
s6/n5y1k5dg46k5r3~x2	4
s6/n6k16n6k16n45k4~x2	4
s6/n6k17n6k17n45k4~x2	4
s6/n6k6n21k16db36y4	4
s6/n6lb2n25lb25n2lb6~x2	4
s6/n6o2n29o29n2o6~x2	4
s6/n7w1r6db10dg10w1~x4	4
s6/n7w1r6db10g10w1~x4	4
s6/n9k16dg10k22dp67y4	4
s6/o11db1o3dbi1db9r1~x4~db0805267-dbi1604274	4
s6/o15r5o30db32o4y3~x2	4
s6/o20g40w5g40o20g9~x2	4
s6/o24k4lb10db3o3w2~x2	4
s6/o2g8dp4w2o13t2~x4	4
s6/o3k17dt11o2oi20w2~x2~dt1600000-oi2500000	4
s6/o3r19o18g19o3g3~x2	4
s6/o3w17o11w2o11w2~x4	4
s6/o4db19o3k20oi24db3~x2~o2102055-oi2104058	4
s6/o4dg9w2dg24db37r3~x2	4
s6/o4g40k21y2k21g2~x2~k0604259	4
s6/o4g9w2g24db37r3~x2	4
s6/o4k28t3k3t25k3~x2	4
s6/o52lyi2n24r3ly26n4~x2~o2500000-lyi3407090-n1900000-ly2503076	4
s6/o59n28ly5dg3w4ly5~x2	4
s6/o6do36k48r4k5y6	4
s6/o6g2o29g29o2g6~x2	4
s6/o72k16w9k4w5k16~x2	4
s6/o84k35lr3dg35k3ly10~o2205070-dg1806142	4
s6/oi4n6k4o8k49oi2~oi2500000-n1900000	4
s6/r100k15g48db5r7db16~x2	4
s6/r10dbi24r4k30g36db5~dbi1604274-db0805267	4
s6/r10dbi6g24db24r6y3~dbi1406275-db1004274	4
s6/r10dy60db13w24db24dy8	4
s6/r10g24k10r28lb3r6~x2	4
s6/r10k17lb10dp17g40y10~x2	4
s6/r10k18lb10db18g40y5	4
s6/r10k1r4g6~x2	4
s6/r10w2k10w10dy35k5~x2	4
s6/r10w2k10w10o35k5~x2	4
s6/r12db2r12db17w2r2~x2~r1807033	4
s6/r12db2r12db17w2r2~x4	4
s6/r12db2y2w2db4w3~x2	4
s6/r12dbi3g5db16y2g2~x2~dbi1406275-db1204274	4
s6/r12dbi3g5db16y2g2~x2~dbi1604274-db0805267	4
s6/r12g4k8dy3y62dr8~x2	4
s6/r12o3r7o52g4o4~x2	4
s6/r13dt13o5lo2dt13lo13~x2~o2606057-lo2906085	4
s6/r13n3r4n56b4n4~x2	4
s6/r13o3r4o56n4o4~x2~o2500000-n1900000	4
s6/r14k3r14g13db8g13~x2	4
s6/r14w5db20k10lb10db10~x2	4
s6/r14w5db20k10lb10db10~x2~db1404245	4
s6/r15dr98db72lb25db8w15	4
s6/r15dt8g25dt72n98lb15~dt0900000	4
s6/r15lb98db72ly25db8w15	4
s6/r15n9w4k12r15k5~x2	4
s6/r15t98db72y25db8w15~t2304245-db1404245	4
s6/r16db6r2dg6r2db1~x2	4
s6/r16db6r2g6r2db1~x2	4
s6/r16dg1r1dg1r4dg12~x2	4
s6/r16g1r1g1r4g12	4
s6/r16g1r1g1r4g12~x2	4
s6/r16g1r1g1r4g12~x4	4
s6/r18g9r2g3k1n1~x4	4
s6/r18g9r2g3k1w1~x4	4
s6/r19db6r14db101g7db7	4
s6/r19db6r7db101b6db7~x2	4
s6/r19g6r7g101k7g7	4
s6/r19k3r19k32g3k8~x2~r2109032	4
s6/r19k8r18k50w14k6	4
s6/r1db12g5db2g4lb1~x2	4
s6/r1db12k5ly3db5lb1~x4	4
s6/r1db12k5o3db5w1~x4	4
s6/r1db3dr1g3dr5lb1~x4	4
s6/r1db6r1dg6r12w1~x2	4
s6/r1db6r1g6r12w1	4
s6/r1db6r1g6r12w1~x2	4
s6/r1dy3g5ly5dt5lb1~x4	4
s6/r1g10r1db4r18g1~x4	4
s6/r1g14k14r2db14lb1~x2	4
s6/r1g15k8g1k8g1~x2	4
s6/r1g15k8g1k8g1~x4	4
s6/r1g16k8g3k4y1	4
s6/r1g16k8g3k4y1~x2	4
s6/r1g16k8g4k4y1~x2	4
s6/r1g1k1g9db9w1~x6	4
s6/r1g3r1g3r8y1~x8	4
s6/r1g6r1g6r15y1~x2	4
s6/r1g9db9k1db1w1~x6	4
s6/r1g9lb9k1lb1w1~x6	4
s6/r1k6g6ly1g6ly1~x6	4
s6/r1lb12k1w2k5r1~x4	4
s6/r1lr10y2lr16db40lr1~x2	4
s6/r1n12k6ly1do10r1~x4	4
s6/r1n12k7do10r1~x4	4
s6/r1o4g3o1db3o1~x2	4
s6/r1ri7r4g7r1g1~x4~r1707016-ri2008029	4
s6/r1t10k2w4k4y1~x6	4
s6/r1t1k17t17k1w1~x4	4
s6/r1t7k4t1dg7t1~x2	4
s6/r1t7k4t1dg7t1~x4	4
s6/r1t8k3t1k3t1~x8	4
s6/r1w12g6r8lb3y1~x4	4
s6/r1w14k6w1k3y1~x4	4
s6/r20w1k1b6y1g18~x2	4
s6/r20w1k1o6dy1g18~x2	4
s6/r22db5r2g11r3db1	4
s6/r22db5r2g11r3db1~x2	4
s6/r24db6r3g12r4db1	4
s6/r24db6r3g12r4db1~x2	4
s6/r24g5r3g9r3db1~x4	4
s6/r25db7r3g13lb1k2~x4	4
s6/r25k7r3g13lb1k2~x4	4
s6/r25k7r3g13y1k2~x4	4
s6/r26lb3r4k16db16k4~x2	4
s6/r28g16k4w1db6r28~x2	4
s6/r28g16k4w1lb6r28	4
s6/r28g16k4w1lb6r28~x2	4
s6/r28k4w2k13~x2	4
s6/r28ri1db18ly2g1db18~x2~r1807033-ri2109032	4
s6/r29dg2r2dg2r6ly21~x4	4
s6/r29g2r2g2r6y21~x4	4
s6/r2b3n12k11dg11y2~x2~n2003284-dg1304144	4
s6/r2db10r2g10r25w2~x2	4
s6/r2db12r2dg12r24w1~x2	4
s6/r2db12r2g12r24w1~x2	4
s6/r2db13dr3db3dr16lb2~x4	4
s6/r2db16r1k10g12o2~x2	4
s6/r2db23k14g16k2w2~x2	4
s6/r2db32g14db5g16w2~x2~g2106142	4
s6/r2db38k20w1dg20r2	4
s6/r2db3t12k11g11y2~x2	4
s6/r2db61k13w2n20ly2~x2	4
s6/r2db8k8w1g8k1	4
s6/r2db8k8w1g8k1~x2	4
s6/r2dg6r2dg6r16ly1~x4	4
s6/r2dy8db2lb4k4lb1~x6	4
s6/r2g12k12g1db12g1~x2	4
s6/r2g12k12g1db12g2	4
s6/r2g12k12g1db12g2~x2	4
s6/r2g12k12g1k12g2~x2	4
s6/r2g12ly3g8ly14g2~x2	4
s6/r2g20r2db8r36g1~x2	4
s6/r2g2r16g15r2g2~x2	4
s6/r2g2r1g12r3k1~x4	4
s6/r2g6r2g6r16y1~x2	4
s6/r2k1db2k1g2k1~x28	4
s6/r2k1db6k2g6b2~x4	4
s6/r2k1db6k2g6o2~x4	4
s6/r2k28n5w12n14r2~x2	4
s6/r2lb21r2db6y1r1~x4	4
s6/r2ly1r5k4g5w1~x4	4
s6/r2ly20k5w10k10w2~x2	4
s6/r2ly8db2y4k4y1~x6	4
s6/r2n20k5w10k10r2~x2	4
s6/r2o8db2lb4k4lb1~x6	4
s6/r2t13dr3t3dr16lb2~x4	4
s6/r2w12lb1k12b12k1~x2	4
s6/r2w12lb1k12lo12k1~x2	4
s6/r2w12y1k12o12k1~x2	4
s6/r2w1r9w9r1w2~x6	4
s6/r2w30k15y2k15r2~x2	4
s6/r2w6k12db36n12y1~x2	4
s6/r30g12k5w2lb6r30	4
s6/r30g12k5w2lb6r30~x2	4
s6/r30k8g30t4r3t2~x2	4
s6/r31g19lg27b1w1lo1~x2	4
s6/r31g19t27dt1w1y1~x2~t2302222-dt1503227	4
s6/r32db6k6g6w18k3	4
s6/r32lb5g17r4g5w2~x2	4
s6/r34w4db7y10db7r18~x2	4
s6/r34w4lb7ly10lb7r18~x2	4
s6/r35g16r5g5w2k3~x2	4
s6/r36g18r4g6k1w2	4
s6/r36g18r4g6k1w2~x2	4
s6/r36lb3r5k21db24k3~x2~db1406275	4
s6/r36t8w1k5g20r18~x4	4
s6/r3db12r4g18r6k2~x2	4
s6/r3db15dbi8g5k2w1~x2~db1004274-dbi1406275	4
s6/r3db15r3g8r20k2~x2	4
s6/r3db24k7dbi11g11y2~x2~db1404245-dbi1406275	4
s6/r3db2r1db18g1db2~x4	4
s6/r3db3r20k20db20g3~x2	4
s6/r3dg1g32dg32g1w3~x2	4
s6/r3dg1g32dg32g1y3~x2	4
s6/r3dg2g32dg32g2w3~x2	4
s6/r3dg2g32dg32g2y3~x2~dg1806142-g2408144	4
s6/r3g13db13dy2dg34w3~x2	4
s6/r3g13db13y2dg34w3~x2	4
s6/r3g30k12g6k16y2~x2	4
s6/r3k1w5k4db11r1~x4	4
s6/r3k2g15k10db20y2~x2	4
s6/r3k2g20k10t20y2~x2	4
s6/r3k4lb2g64k6y3~x2	4
s6/r3n27k6lo13k14r3~x2	4
s6/r3t25k16t3g25t3~x2	4
s6/r3t25k16t3g25t3~x2~g2405163	4
s6/r3w1r20k8w8g2~x4	4
s6/r3w33dp8dg18r9g3~x2	4
s6/r3w3db36g36k2r2~x2	4
s6/r3w8db4dg14r4db2~x4	4
s6/r3w8db4g14r4db2~x2	4
s6/r3y2g12dp12db14w3~x2	4
s6/r40db15k2dp1db15k6~x2	4
s6/r40lb11w2k12g36r32~x2	4
s6/r40t8r6g24lb1k4~x2	4
s6/r40w2db2w2r1y20~x2	4
s6/r41g19r7g8k1w3~x2	4
s6/r42k2w2k18w2k5~x2	4
s6/r48db16y5g17w8k3~x2	4
s6/r48db2r3g28r4db2~x2	4
s6/r48t16ly5g17w8dy3~x2	4
s6/r4db24k12g14k4lb3~x2	4
s6/r4db24w2g13db2k3~x4	4
s6/r4dg11k11dg2db11g3~x4~dg1803171-g1904130	4
s6/r4dp12dg2dp2dg46w1~x2	4
s6/r4dp12g2dp2g46w1~x2	4
s6/r4g11k11g2db11dg3~x4	4
s6/r4g11k11g2db11dy3~x4	4
s6/r4g12k12g2db12g3~x2	4
s6/r4g2r1g20k1g1~x4	4
s6/r4g2r2k5db22w2~x4	4
s6/r4k15lb4dt15dg24y4~x2	4
s6/r4k2dg28r38k1ly4~x2	4
s6/r4k2lb10k10y28k3~x2	4
s6/r4lb28k6w12k12y3~x2	4
s6/r4ly1r3g1ly8g2~x4	4
s6/r4ly30k6w13k13w3~x2	4
s6/r4n25k6w12k11y3~x2	4
s6/r4n41k5w14k18r4~x2	4
s6/r4o30k6w13k13w3~x2	4
s6/r4t19g10n10dy15y2~x2	4
s6/r4t3lb11db8t2r4	4
s6/r4t3n12db8t2r4~t2102222-db1004274	4
s6/r4w2ri2dr34w37k2~x2~r2607041-ri2806019	4
s6/r52k32g22r16y3r16	4
s6/r52y2db16y2db3w5~x2	4
s6/r57dg21r8dg8k1w3~x2	4
s6/r5db10r5dg5r25y1~x4	4
s6/r5db15g3db15y3db3~x2	4
s6/r5db25w5db3g25db3~x2	4
s6/r5db35k25db8ly10r5~x2	4
s6/r5db40w1db13dg8k4~x2	4
s6/r5db40w1db13g8k4~x2	4
s6/r5db58lb4n6y4k4~x2~db1406275-n2203265	4
s6/r5db58lb4t6y4k4~x2~lb3103284-t2503227	4
s6/r5g18y2k14lb5k4~x2	4
s6/r5g2ri2k2lo7r2~x4~r1807033-ri2806019	4
s6/r5g3lb3db5r16y3~x2	4
s6/r5ki40w1ki13g8k4~x2~ki0604259	4
s6/r5t25w5t3dg25t3~x2	4
s6/r5t3g24db24r4y2~x2~t2405244-db1406275	4
s6/r5w2r28k12g16r3~x2	4
s6/r60db20r8g45r8db2~x2	4
s6/r60dp20r8g45r8dp2	4
s6/r60dp20r8g45r8dp2~x2	4
s6/r60k2w3dg20r10dg20~x2	4
s6/r60k40y3o5lp3dg12~x2	4
s6/r60k40y3o5p3dg12~x2	4
s6/r63w4k4dp18ly4dg50~x2	4
s6/r65g16r4dp4r4w5~x2	4
s6/r68db18r9g34r9db3~x2	4
s6/r6db1y1w1db2w3~x4	4
s6/r6db32k18g28k1lb2~x2	4
s6/r6dt4w2g27dt37y2~x2	4
s6/r6g21k8r28g1r4~x2	4
s6/r6g21k8r28k1r4~x2	4
s6/r6g21k8r28k2r4~x2	4
s6/r6g5k5g5r6t1~x4~t2503227	4
s6/r6k14r6g14w27k4	4
s6/r6k9r12w2k2w4~x2	4
s6/r6w2r29w29r2w6~x2	4
s6/r6w3r37k16w16g4~x2	4
s6/r70db20r10g40r10db3	4
s6/r70k1db12k1g12k1~x2	4
s6/r72k8r4g16r7n2~x2	4
s6/r7db20r4k18g20dp5~x2	4
s6/r80db30k3dp2db30k12	4
s6/r80dp19r8g36r10dp2~x2	4
s6/r8b1g4b1g1lb2~x2	4
s6/r8dg12lr5k11dg42k3~x2	4
s6/r8dg20k20db20k3r8~x2	4
s6/r8dr3r28w32dr3w4~x2	4
s6/r8dr3r28w32dr3w4~x2~r2108022	4
s6/r8k24db10k5db10k5~x2	4
s6/r8k8lo1k8r8db1~x4~db1406275	4
s6/r8k8y1k8r8w1~x4	4
s6/r8lo4y3g6lb6dp1~x5	4
s6/r8t32k24db24k3t3~x2	4
s6/r8w3r28w32k3w4~x2	4
s6/r96g42r16g17k4lb6	4
s6/r96g42r16g17k4n6	4
s6/r97k18w5dr26k18n14	4
s6/r9db6dbi13db21y18w4~x2~dbi1003265-y2400000	4
s6/r9t6db13t21n18w4~x2	4
s6/ri12g4k8dr3ly62r8~x2~ri2109032-r1807033	4
s6/ri15r98dp72n25dp8w15~ri2806019-r1706009-dp1105325-n2203265	4
s6/ri26dr5dp12ly1y1r3~x2~ri2806019-ly3104101-y2505139-r2208029	4
s6/ri2db13r3db3r16lb2~x4~ri2008029-r1506028	4
s6/ri4ly2db4ly35lb27r3~x2~ri2806019-r2109032	4
s6/ri5r2ri30k28w2k4~x2~ri2109032-r1807008	4
s6/ri8r1g4r1g1lb2~x2~ri2209032-r2208029	4
s6/rii2r2ri2r2dr6r1~x8~rii2806019-r2109032-ri2307033	4
s6/t11db7t3db70lb4db6~x2	4
s6/t11db7t3db70lb4db6~x2~db1004274	4
s6/t11k1t3k5dp9lo1~x2	4
s6/t12db35lb4w3k11dr5~x2	4
s6/t12k4g6ly1~x8	4
s6/t136db45w7db4r4db16	4
s6/t18k2t4k6dp12lo1~x2	4
s6/t19w20dt18r2k7lb15~x2~t2503227-lb3203246	4
s6/t23db18w5db2r14db18~x2	4
s6/t23w3k10r2db45dy1~x2	4
s6/t26k10db19dr6dy2dbi9~x2~db1404245-dbi1704245	4
s6/t2g13t11y4w9t2~x2	4
s6/t3k2t8db8g8db2~x2	4
s6/t48g2t7k24g26t4~x2	4
s6/t52db28w3db2w2db10~x2	4
s6/t52g21t6g16k4g16~x2	4
s6/t52k28lr5k3lr2k10~x2	4
s6/t52y23g6dg5w1r1~x2~g2408144-dg1806142	4
s6/t53w27r5k19ly1g11~x2	4
s6/t5dy2dg4n3w1t5~x8	4
s6/t6dp5k2g18r28w2~x2	4
s6/t6k6t18k18g22k5~x2	4
s6/t6r6w1r6t6y1~x8~r2607041	4
s6/t86dy2t18r3k1w2~x2	4
s6/t9db2t39dbi33ly2dbi5~x2~t2503227-db1106275-dbi1404245	4
s6/w11lb20ly3lb8ly3lb10~x2	4
s6/w11r32g12r5g12r5~x2	4
s6/w11r40g13r5g12r5~x2	4
s6/w12db48k13n22k3y6	4
s6/w12g12w1g12w12ly1~x4	4
s6/w12k3g50w3k13dy6~x2	4
s6/w12k3g50w3k13ly6~x2	4
s6/w15dg98db72dr25db8ly15	4
s6/w15lg98db72lb25db8ly15	4
s6/w15ly98dy72r25dy8lg15~w3600000-lg2704216	4
s6/w15y2db5lr3n40db10~lr2800000-n2402249	4
s6/w15y2db5n3lb40db10	4
s6/w162k10dg10b9y6dg3	4
s6/w18k1db4g4dp10lo2~x4	4
s6/w1db15r1n10g2lp1~x4	4
s6/w1db9k9g9k2w1~x4	4
s6/w1dp1lb7n4lb1w1~x4	4
s6/w1dp1o7n4o1w1~x4~o2500000-n1900000	4
s6/w1lg2ly4lg1ly4lg1~x4~w3502083-lg3101240-ly2503076	4
s6/w1o1n4o7lp1w1~x4~o2500000-n1900000	4
s6/w20b20w3b3~x2	4
s6/w20db20w3db3~x2	4
s6/w23db6w6r5k35r10~x2	4
s6/w23lb6w6r5k35r10~x2	4
s6/w2db12b1k12b12k1~x2	4
s6/w2db12lo1k12lo12k1~x2	4
s6/w2db15r3g3r3db1~x8	4
s6/w2db20r3k10g20lo2~x2	4
s6/w2db45g9r1n9dr1~x2	4
s6/w2dbi15n2db20r9w2~x2~dbi1604274-db0805267	4
s6/w2dg20b3k10dy20ly2~x2	4
s6/w2dp10k10g9k3w2~x2	4
s6/w2dp20dr3k10g20lo2~x2	4
s6/w2dp2db25r3y3g1~x4	4
s6/w2dr12g6dr1n6dr1~x4	4
s6/w2dr45y3db8dg8w2~x2	4
s6/w2dr45y3dg8db8w2~x2	4
s6/w2k11y11db3k1r1~x2	4
s6/w2k11y11lb3k1r1~x2	4
s6/w2k1o10k6t12ly2~x2	4
s6/w2r12db2w6k6w1	4
s6/w2r4w2r4w9k1~x2	4
s6/w36db12w1r12g16y2~x2	4
s6/w36lb12w1r12g16y2~x2	4
s6/w3b12db1g15o3w1~x4~b2409265-db1406275	4
s6/w3b22r3k22g22y2~x2	4
s6/w3db23r44db26g4y2~x2	4
s6/w3dbi17dy16db2dg17y2~x2~dbi1406275-db1204274	4
s6/w3dbi17o16db2dg17y2~x2~dbi1604274-db0805267	4
s6/w3dg18db22r19dg1r2~x2	4
s6/w3g15db18r15g1r2~x2	4
s6/w3g15db18r30db1r2~x2	4
s6/w3g15db18r30g1r2~x2	4
s6/w43k5r3g5ly27dp5~x2	4
s6/w43k5r3g5y27o5~x2	4
s6/w44dg18w6dg11db1r4~x2	4
s6/w47g20w6g8k1r3~x2	4
s6/w4db25b25db2b5w2~x2	4
s6/w4db25lb25db2lb5w2~x2	4
s6/w4db4g22k20db20w3	4
s6/w4db54k53dp4lb8ly4	4
s6/w4dr7ly5t13dr18g3~x2	4
s6/w4g28db18r4db18y3~x2	4
s6/w4k24dy5k10dy12r1~x2	4
s6/w4k26lb26k2lb5w2~x2	4
s6/w4lb28db7y2g16lb4~x2	4
s6/w4lb28dp7y2dg16lb4~x2	4
s6/w4r7y5db13dr18g3~x2	4
s6/w52g22w6g8k1r3~x2	4
s6/w52r22w6r8k1db3~x2	4
s6/w52r22w6r8k1ri3~x2~r1506019-ri2806019	4
s6/w54k7r7lo6ly4r1~x2~ly3307090	4
s6/w5db16w5db16w33dr3~x2	4
s6/w5db16w5db16w33r3~x2	4
s6/w5db32g12db2w30k4~x2	4
s6/w5dr34k22dr4lb24dr4~x2	4
s6/w5k20w2r5w20r2~x2	4
s6/w5k26dy26lb7k3r3~x2	4
s6/w5k26ly26lb7k3r3~x2	4
s6/w5k26y26lb7k3r3~x2	4
s6/w5k4w32k32w5k4~x2	4
s6/w5lb2w25lb25w2lb5~x2	4
s6/w5lb34k24lb4dr24lb4~x2	4
s6/w5n20k8r5dp36ly5~x2	4
s6/w6dy36k48r4k5ly6~dy1603076-ly3307090	4
s6/w6g15db18r30g2r4~x2	4
s6/w6k29n29dp7k3r3~x2	4
s6/w6k29o29dp7k3r3~x2~o2500000	4
s6/w6lb2w29lb29w2lb6~x2	4
s6/w6r13dt80w4dt2w4	4
s6/w7db16w20db3w3y3~x2	4
s6/w8db16w2db2w1db1~x4	4
s6/w8dr14w8dr14w35k4~x2	4
s6/w8k16g32db3ly5w5~x2	4
s6/w8k16w2db2w1k1~x4	4
s6/w8lb30g5w3db8r5	4
s6/w93n6w13db35w12n6	4
s6/wi26w2wi3dt41dr2dt3~x2~wi4000000-dr1004029	4
s6/y10g30dg25g30k2g3~x2	4
s6/y11dg5y10g4dg26y4~x2	4
s6/y12w5y6w5y12r2~x2	4
s6/y15db8r25db72dg98w15	4
s6/y15g98n72r25n8lb15	4
s6/y15k10n30o11w3y5~x2	4
s6/y1b15w5b1w5b1~x4	4
s6/y1db36do28db3y3ly1~x2	4
s6/y1db3y1g3y8w1~x4	4
s6/y1db6k1dy5db6w1~x4	4
s6/y1db6k1dy5db6w1~x4~db1406275-dy1603076	4
s6/y1do10k8dr8do1ly1~x4	4
s6/y1dr1dp2r1db1b1~x10~db1108266-b1511266	4
s6/y1g6k5g1db5g1~x2	4
s6/y1k1g9k9db8w1~x4	4
s6/y1k5g12k12db12w1~x4	4
s6/y1lb1t1lb5g5w1~x8~lb3200000-t2503227	4
s6/y21g26db62w2dg2w2	4
s6/y2b9r2db6y1r1~x4~b1911266-db1108266	4
s6/y2db1r16db16r1g2~x2	4
s6/y2db66dr16w2dr1w1~x2	4
s6/y2dt1t29r29dt1g2~x2~dt1703227-t2004245	4
s6/y2g23k21r2t22g2~x2	4
s6/y2k4y2k2y5r1~x2	4
s6/y2k6g33k33dp33w2~x2	4
s6/y2k9w3k9db35w2~x2	4
s6/y2r5y2r5db49w2~x2	4
s6/y3b40db27b3db3b3	4
s6/y3dg6k6y4r1y1~x2	4
s6/y3dy6g10k18r22w3~x2	4
s6/y3k1g20k20db18lb3~x2	4
s6/y3k2g12k12db14w3	4
s6/y3k2g12k12db14w3~x2	4
s6/y40r8y4w2y4ly5~x2~y2203076-ly3307090	4
s6/y42b15r28y12b6r20	4
s6/y4dg30g15db5lb10y4~x2	4
s6/y4k1dg16k16r1w3~x2	4
s6/y4k28r2db22b8db3~x2	4
s6/y4lb8dp4k53db54w4	4
s6/y5db15lb5db5lb40y3~x2	4
s6/y5db24k8dbi18y6o3~db0805267-dbi1604274	4
s6/y5g16k16db16k2db2~x2	4
s6/y5k2g4lb18r25w5~x2	4
s6/y5n22o15lp11o5n2~x2~o2404317-lp3004317	4
s6/y6k2n11k7db24w6~x2	4
s6/y6k5o4k48r36w6	4
s6/y6k5r4k48o36w6	4
s6/y70k30w3g30k3y10	4
s6/y7dg7db2dg7y7w1~x2~dg1806142-db1406275-w4000000	4
s6/y83k35w3g35k3ly10~y2405105-ly3307090	4
s6/y8k2db20t4w1k2~x4~db1404245-t2503227	4
s6/y8k3db40k15y3~x2	4
s6/y8k3y4k2r30y6~x2	4
s6/y8w3db40k12w3y3~x2	4
s6/y8w3y28w32dp3w4~x2	4
s6/y9g18b9r1w1db1~x4	4
s6/y9g9lo1g9y9g1~x4	4
s60/dr12db1dr2db1dr12w1db1dr1db1lb1db1dr1db1w1dr12db1dr2db1dr12w2db1dr1db1dr1w2dr3w1dr3w2dr1db1dr1db1w2dr6k2dr7r4dr7k2dr6w1db1dr1db1lb1db1dr1db1w1dr12db1dr2db1dr12w2db1dr1db1w2~x2~db1106275	4
s60/k6r1k1r1k1r6w1r2g3r2k1g5k1r2w1r2k1g5k1r2g3r2w1r6k1r1k1r1k6g1k6r1k1r1k1r6w1r2g3r2k1g5k1r2w1r2k1g5k1r2g3r2w1r6k1r1k1r1k6db1~x4	4
s60/r5k2g30k2y5k2db31k2w5k2db31k6g2k2g2k2g86k2g2k2g2k6db31k2w5k2db31k6g25k2r5	4
s62/db8b1db1k37b1db14dg2db2b1db1k37db1b1w2db18b1dg3b1db18b1dg3b1db18w2b1db1k37db1b1db3dg2db13b1k37db1b1db8dg2db10b1k1db1k1w2b1k33db1dg2k1db1b1db18dg2db18b1db1k1dg2db1k37b1w2~x2	4
s62/dbi8t1dbi1db37t1dbi14g2dbi2t1dbi1db37dbi1t1w2dbi18t1g3t1dbi18t1g3t1dbi18w2t1dbi1db37dbi1t1dbi3g2dbi13t1db37dbi1t1dbi8g2dbi10t1db1dbi1db1w2t1db33dbi1g2db1dbi1t1dbi18g2dbi18t1dbi1db1g2dbi1db37t1w2~x2~db-h889fa5b41bfbc535	4
s62/r6w2r3w2r20w2lb6w2dp10w2dp10w2lb6w2dg10g4w2g4dg10lr2r14w2r14lr2dg3w2dg2y2dg2w2lb4w2lb4w2dg2y2dg2w2dg3w2r14w2r14w2dp10lb2w2y4w2g4w2y4w2lb2dp10w2r20w2lb6w2r14w1~x2~dg1806142-g2408144	4
s62/r6w2r3w2r20w2lb6w2dp10w2dp10w2lb6w2dg10g4w2g4dg10w2r14w2r14w2dg3w2dg2y2dg2w2lb4w2lb4w2dg2y2dg2w2dg3w2r14w2r14w2dp10lb2w2y2w2dg2w2y2w2lb2dp10w2r20w2lb6w2r14w1~x2	4
s62/r6w2r3w2r20w2lb6w2dp10w2dp10w2lb6w2dg10g4w2g4dg10w2r14w2r14w2dg3w2dg2y2dg2w2lb4w2lb4w2dg2y2dg2w2dg3w2r14w2r14w2dp10lb2w2y4w2g4w2y4w2lb2dp10w2r20w2lb6w2r14w1	4
s62/r6w2r3w2r20w2lb6w2dp10w2dp10w2lb6w2g10b4w2b4g10dg2r14w2r14dg2g3w2g2y2g2w2lb4w2lb4w2g2y2g2w2g3w2r14w2r14w2dp10lb2w2y4w2b4w2y4w2lb2dp10w2r20w2lb6w2r14w1~x2	4
s62/t3w1t1w1dg22w1t1w1t3k11dg22r1dg1r2dg1r1dg22k11t16w1t4w1t16w1t4w1t16k11dg22r1dg1r2~x2~dg1806142	4
s63/o10y4k2y2k2y2k2y4r1y2r1y4k4y3r7y3r7y1k1y1b7y1k1y1r7y1k1y1r7y3r7y3k4y4k2y2k2y4k4y6k2y6k2y6k2y6k2y6k2y6k10y4o1w2o1y2o1w2o1y4k6y1w2~x2	4
s64/dg8r2dg8r12dg2r3dg2r12w1r3ly1dp12r3dp12ly1r3w1r12dp1r1dp2r1dp1r12dp1r1dp2r1dp1r12dg8r2dg8~x2	4
s64/n35w2n2w2n2w2n2w2n2w2n14w38k4n4w4n4k4w4k4n4w4n4k4w16k36n19w2n4w4n3w4n2w13~x2	4
s65/r3k3r3k3y8g5y8k3r5w3r5k5y3g5w3g5y3db3r3k3r13w1db1w1r13w1db1w1r13k3r3db3y8g5y3g5y8k13w1db3w1k13r5w3r5w3r5k3y3g13k3g13k3g13y3k3r5w3r5w3r5k3y3g5w3~x2	4
s66/db4k1db2k1db1k2db1k6g1k2g2k2g2k1g3k1g28r2g6r6w2r33k1r3k1r2k2r2k2r1k6g8k1dy2~x2	4
s66/dbi3db4w1db4dbi3w1dbi26w1dbi5r3w1r3dbi5w1dbi26w1dbi3db4w1db4dbi3w1dg8dgi5g5w1dbi4db3w1g4w1db3dbi4w1g5dgi5dg8w1dbi3db4w1db4dbi3w1dbi26w1dbi5r3w1r3dbi5w1dbi26w1dbi3db4w1db4dbi3w1r14ri6w1ri10r14w1~x2~dbi-h99281661840d39d8	4
s66/g3dy1db2k3dy1g4dg5db8dy1k2dg3dy1dg3k2dy1db22dy1db4r4dy1r4db4dy1db22dy1k2dg3dy1dg3k2dy1r14lb6w1~x2~g2408144-dg1806142	4
s66/r30ri4y6ly4ri4r16lr2ri4lr2ly4db18y6lyi3lr2ly4lr2lyi3y6db18ly4lr2ri4r12y2r12ri3lr2g10lr2g2lyi4g2lr2y8lr4y8lr2g2lyi4g2lr2g10lr2ri4r12y2r12ri4lr2g10ly4lr4ly4g10lr2y6lr2db12lr2db12lr2y6lr2ri4r12lr2~x2~r21-hbb064559cb0cff7b	4
s66/r30ri4y6ly4ri4r16w2ri4w2ly4db18y6lyi3w2ly4w2lyi3y6db18ly4w2ri4r12y2r12ri3w2g10w2g2lyi4g2w2y8w4y8w2g2lyi4g2w2g10w2ri4r12y2r12ri4w2g10ly4w4ly4g10w2y6w2db12w2db12w2y6w2ri4r12w2~x2~r2108022-ri2406019-y260-h17d5b042af7a72e9	4
s66/r8lb2k15lb2t5lb2dg20g2dg4g2dg20g3ly3r2lb2r2ly3g3dg20lb2r32lb2dg20lb2t5lb2g4k15lb2t20lb2r8lb2r8lb2t20lb2k15g4lb2t5lb2dg20lb2r32lb2dg20g3ly3r2lb2r2ly3g3dg20g2dg4g2dg20lb2t5lb2k15lb2r8lb2~lb3200000-t2503-hc89951fb8ca95beb	4
s66/w3ly3k3r5w3r5w3r5k3ly3k6ly3k3r5w3r5w3r5k13w1db3w1k13ly19db3r3k3r13w1db1w1r13w1db1w1r13k3r3db3ly3w3ly3k5r5w3r5k3ly16k3r5w3r5k5ly3w3ly3db3r3k3r13w1db1w1r13w1db1~x2~db1406275	4
s67/y1ly1y1ly1r4y1ly1y1ly1y1ly1y1ly1y1ly1y1ly1y1ly1y1ly1y1ly1y1ly1y1ly1y1ly1y1ly1do28g28db4g28do28y1ly1y1ly1y1ly1y1ly1w4y1ly1y1ly1w4y1ly1y1ly1y1ly1y1ly1y1ly1y1ly1y1ly1y1ly1y1~x2	4
s69/ly102ri6g6ri6lr6ri6dg6ri6dg6dr1ri1dr1ri1dr1ri1dr1ri1dr1ri1dr1ri1dr1ri1dr1ri1dr1ri1dr1ri1dr1ri1dr1ri1dr1ri1dr1ri1dr1ri1dr1ri1dr1ri1dr1ri1dr1ri1dr1ri1dr1ri1dr1ri1dr1ri1dr1ri1dr1ri1dr1ri1dr1ri1dr1ri1dr1r-h18ef43c67468082a	4
s7/b13w13b30w13b11w2b8~x2	4
s7/b16r1g16w1dy1w8dr3~x2	4
s7/b1lr4dr1lr1lo1lr4b1~x12	4
s7/b1lr4dr1lr1ly1lr4b1~x12	4
s7/b26w28b14y3k1y2k1~x2	4
s7/b2g6y1k6db6k1db1~x2	4
s7/b32do6o5do6dg19o3dg5~x2	4
s7/b34w3dg4g23w24k3dg4~x2	4
s7/b6dg14r9db7r9dg54ly6~dg1304144-db1003265-ly3608101	4
s7/b6k2g12dg8b5k2g3~x4	4
s7/db10dg5g5k1y2k1dbi10~x2~db1204274-dbi1406275	4
s7/db11w1r12db6r1db6w1~x2	4
s7/db11w1r12db6r1db6w1~x4	4
s7/db120g9r7y12g33y33db26	4
s7/db12k4g4dp1g4k1w1~x4	4
s7/db12k4g4r1g4k1lo1~x4	4
s7/db12k4g4r1g4k1y1~x4	4
s7/db12lb1dr3lb1dr3lb1db6~x4	4
s7/db12lb1r3lb1r3lb1db6~x4	4
s7/db12w4db1w4r8w2r1~x4	4
s7/db13g8r5db3g2r1y1~x4	4
s7/db13k3db20dy70db20dy30w3~x2	4
s7/db13k3db20o70db20o30w3~x2	4
s7/db14g18k3g18dr20k14lo3~x2	4
s7/db14k5dp5k5db14dg32dr4~x2	4
s7/db14k5dp5k5db14dg32dr4~x2~db1404245-dp1507327	4
s7/db14r6db52lb4db4lb51y8	4
s7/db15w2g2k18db21k3g15~x2	4
s7/db16g14w2g14k13db12k4~x2	4
s7/db16g4db3g3y2g24r2~x2	4
s7/db16lb4db1lb2db24w1y4~x2	4
s7/db18k10g6r4g6k1w2~x2	4
s7/db18k1db2k18y2g16k16	4
s7/db18k1db2k18y2g16k16~x2	4
s7/db1dg4dr1dg1lo1dg4db1~x12	4
s7/db1dg4r1dg1ly1dg4db1~x12	4
s7/db1g12db4lb1db4g4db1~x4	4
s7/db1g4r1g1y1g4db1~x12	4
s7/db1g7db7dbi2w6db1w1~x4~db0906265-dbi1208266	4
s7/db1k1db6k6g6k1w1~x2	4
s7/db1k4dr1k1lo1k4db1~x12	4
s7/db1k4r1k1y1k4db1~x6	4
s7/db1k6db6k6g6k1w1	4
s7/db1k6db6k6g6k1w1~x2	4
s7/db1k6db6k6g6k1w1~x6	4
s7/db1r3g11r2db5g11y1~x2	4
s7/db1r5g18r4db9r10w1~x4	4
s7/db1w4r1w1y1w4db1~x12	4
s7/db1y6db8r1db8g6y1~x4	4
s7/db1y6db8r1db8g6y1~x4~g2408144	4
s7/db1y7w1b7g7dr7w1~x2	4
s7/db20dy1db1dy1dg8k1w3~x2	4
s7/db20k6dy4db3k16g20w2~x2	4
s7/db20r2g9w6y4k2g8~x2	4
s7/db24dr8dg8r2g8k1ly2~x2~dg1806142-g2408144	4
s7/db24g3db3g3lo2g18dr2~x2	4
s7/db24k3db5k23y2k11g22~x2	4
s7/db24k4r3k4g24k4b4~x2	4
s7/db24k4r3k4g24k4lo4~x2	4
s7/db24k8g8dp2g8k1w2~x2	4
s7/db24k8g8r2g8k1w2	4
s7/db24k8g8r2g8k1w2~x2	4
s7/db24k8g8r2g8k1y2	4
s7/db24k8g8r2g8k1y2~x2	4
s7/db24r27g20y6g20r2lb3~x2	4
s7/db25r10db25w8o6g8y5~x2	4
s7/db26dg6db2dg17dy4w1dy4~x4	4
s7/db26g4db3g3y2g24r2~x2	4
s7/db26k1db2k18y2g16k16~x2	4
s7/db26w28db14y3k1y2k1~x2	4
s7/db27g5ly8k20ly3g15r3~x2	4
s7/db27g5y8k20y3g15r3~x2	4
s7/db27r5db27r3db3r30db23~x2	4
s7/db2b2r1b16w1db20r2~x2	4
s7/db2b2r1b16w1db20r2~x2~db1406275	4
s7/db2dg4r1dg4k4db4ly1~x8	4
s7/db2dy3db16k18g18k2r2~x2	4
s7/db2g4y1db1r2g4r2~x12	4
s7/db2k4kii36g1ki34db4w2~x2~kii0803152-ki0604259	4
s7/db2lb11dp19db1dp19dpi4lo2~x2~dp1105325-dpi1607327	4
s7/db2lb4w1lb4db6lb2db2~x4	4
s7/db2lo10lb1o8g7dr10lb2~x2	4
s7/db2n1ly1dg6w3ly4n1	4
s7/db2r1db16k5g2w11g1~x4	4
s7/db2r2db21k11g21r2g2~x2	4
s7/db2r2db28k11r27w2r2~x2	4
s7/db2y1db18g7r7db1g1~x2	4
s7/db30b10n10db5r3y3g3~x2	4
s7/db30dp9g6dp9r4db17w5~x2	4
s7/db30r5g30r22db30r5g4	4
s7/db30t10lb10db5r3y3g3~x2	4
s7/db35k10db4w2db3r2y2~x2	4
s7/db35r2k16y2b25w2b6~x2	4
s7/db35r2k16y2lb25w2lb6~x2	4
s7/db36dy5dr12r9dp5w12dy7~x2	4
s7/db36k10g3r3g6k1y2~x2	4
s7/db36k8g3dr3g6k1lo2~x2	4
s7/db36lo5db8lb3db8lb10db3~x2	4
s7/db36ly5dr12r9dp5w12ly7~x2	4
s7/db3b2db21k12dg24r1ly3~x2~db0806265-k0700000	4
s7/db3dr19db13dr5g21dr8db3~x2	4
s7/db3g13lb1r3lb1db10ly1~x2	4
s7/db3g13lb1r3lb1db10y1~x2	4
s7/db3g4db20g24k2lr3r1~x2	4
s7/db3g6db2y3db42k6w3~x2	4
s7/db3lb24k11db20w2db5y3~x2	4
s7/db3n1w1n25w1n1dp3~x2	4
s7/db3r1db10k8g10r1g3~x4	4
s7/db3r1db35r1db16lb1db2~x4	4
s7/db3r25db17r5g22r9db3~x2	4
s7/db3r2db18k6dg18y2g3~x2	4
s7/db3r2db18k6dg18y2g3~x2~dg1806142-g2203152	4
s7/db3r2db21k11g21r2g3	4
s7/db3r2db21k11g21r2g3~x2	4
s7/db3r2db22k11g22r2g3~x2	4
s7/db3r2db22k11g24b2g3~x2	4
s7/db3r2db22k11g24o2g3~x2	4
s7/db3t2w2t30w30r2w3~x2	4
s7/db3y2db30y19ly14y2ly3~x2	4
s7/db40dbi8ly3dbi6k3dbi6r4~x2~db1004274-dbi1406275	4
s7/db40dr3k10lo2lb15w2lb4~x2	4
s7/db40g8k1y2k1g8db5~x4	4
s7/db44k9w3k24ly15k6w7~x2	4
s7/db48k6db10k46y4k22g43	4
s7/db49y12r12y12dg32w8db3	4
s7/db4dbi4dg16g16db4dbi4y1~x4~db0804274-dbi1605267	4
s7/db4dbi4dg16g16db4dbi4y1~x4~db0805267-dbi1604274	4
s7/db4dg2r17dr9dg10db30n2~x2	4
s7/db4do2db2w2do9o27r4~x3	4
s7/db4dr2db40k11g2w16dr2~x2	4
s7/db4g2r18dr10g10db29b4~x2~db1003265-b1813263	4
s7/db4g3db2g19lb24g1lb2~x2	4
s7/db4g6w1g6k6db6k2~x2	4
s7/db4g6w1g6k6db6k2~x4	4
s7/db4k2db10k10g10k2dr3~x2	4
s7/db4k2db16w1k8g24r4	4
s7/db4k2db16w1k8g24r4~x2	4
s7/db4k3db16k14g14r3g3~x2	4
s7/db4k4db16k14dg14dr3dg3~x2	4
s7/db4lb4db8n8db12lb12y1~x2	4
s7/db4lr3db4lr3o3n11o3~x2	4
s7/db4n19lr2k19n2lr25lb2~x2~lr2800000-lb3300000	4
s7/db4r1db18k20g18r1g4~x2	4
s7/db4r1db18r18db1r1w1~x2	4
s7/db4r2db39k11g2w16r2~x2	4
s7/db4r2db39k11g2w16r2~x2~r2109032	4
s7/db4w1n12lr12o4lb1w2~x4~n1900000-lr2800000	4
s7/db4w3t6db40t8db12g3~x2	4
s7/db50dg26k9dg4w2r2dg10~x2	4
s7/db50g25ly3lb8r1w1r1~x2	4
s7/db50g25y3n8r1w1r1~x2	4
s7/db50g26k9g4lb2dr2g10~x2	4
s7/db50g4k22g23r1g1r2~x2	4
s7/db50r26k9r4w2lo2r10~x2	4
s7/db51dg5r15dg37db17r6dg5~x2	4
s7/db51g5r15g37db17r6g7~x2	4
s7/db56k4w1db6k20w2k20~x2	4
s7/db5dg3db32k16g32dg3g5	4
s7/db5dg8k1y2k1dg8db4~x4	4
s7/db5dp3db32k16g32o3g5	4
s7/db5dp3db32k16g32o3g5~x2	4
s7/db5dr3db32k16g32o3g5~x2	4
s7/db5k10db48k72w12dg48r5	4
s7/db5k2db14k14db2k2r2~x2	4
s7/db5lb4db22k15g22r4g4~x2	4
s7/db5r17dg16k10db10r17db5~x2	4
s7/db5w3db33k3db3k36db3~x2	4
s7/db5w3db33k3db3k36db3~x2~w3600000	4
s7/db60w1y4k4w1lp8w2~x2	4
s7/db60w2r10dg6w4r15y10~x2	4
s7/db62k22w3k2w2k3r1~x2	4
s7/db64r3k3r3dp61dg5dp6~x2	4
s7/db64r8db1w8db4b15w4~x2	4
s7/db67w1ly6r5dg25db3k5~x2	4
s7/db68k42w32r5w32dg4w6	4
s7/db6dg41dbi20r15dg41r15dbi6~db1106275-dbi1204274	4
s7/db6dg41dbi20r15dg41r15dbi6~db1106275-dbi1404245	4
s7/db6dp3db56k24g6r6g6	4
s7/db6k1db6k8r1g8k2	4
s7/db6k1db6k8r1g8k2~x2	4
s7/db6k1db6k8r1g8r2	4
s7/db6k1db6k8r1g8r2~x2	4
s7/db6k2db18k18g18k3r2~x2	4
s7/db6lb2db2lb3db16t26dr2~x2	4
s7/db6r15g41r15db20g41lb6	4
s7/db6r3g1r3g12r3g1~x2	4
s7/db6r3g1r3g12r3g1~x4	4
s7/db6r3g2r3g12r3g2~x2	4
s7/db6t47db22g47dp4g4n4	4
s7/db6t47db22g47dp4g4n4~db1003265-t2105244	4
s7/db6w10g10r2dy3r1db3~x2	4
s7/db6w10g10r2y3r1db3~x2	4
s7/db6w3db21k16dp6k3dp6~x2	4
s7/db7b12k3b12dy12g25t3~x2	4
s7/db7r3db26lb2db2lb26y4~x2	4
s7/db7w1r7db4r2db4w2~x2	4
s7/db7w3db2w6db16lb26dr4~x2	4
s7/db80k5g12k2y2g2k10~x2	4
s7/db80r21k2y4k2r16db10~x2	4
s7/db8dbi10db22dg7g10dg22dp3~x2~db1404245-dbi1406275	4
s7/db8g11k3g11dr12ki10y2~x2~ki0604259	4
s7/db8g2db10g12k1lr1r1~x4	4
s7/db8g8db1g8k8db8y2~x2	4
s7/db8lo2db8dg7db57k3lb1~x2	4
s7/db8r2db18r1db2w10db4~x2	4
s7/db8r3db1r3g14r3db1~x4	4
s7/db8w33k15dg17lb3dg17lb3~x2	4
s7/db8w33k15g17lb3g17lb3~x2	4
s7/db8y2db8g7db57k3lb1~x2	4
s7/db8y4w2bi25dy25b2r5~x2~db1108266-bi1813263-b1511266	4
s7/db9r24g24k24db24y2db9	4
s7/db9r3db1r3g9r3db1~x2	4
s7/db9r3y1r3g9r3y1~x2	4
s7/db9r6g2r6g18r6g2	4
s7/db9r6g2r6g18r6g2~x2	4
s7/dbi16k16db16w3db16k2lb3~x2~dbi1406275-db1106275	4
s7/dbi3k13dbi13db13w2db13w3~x2~dbi1406275-db1106275	4
s7/dbi49g3k22r2t33db3t7~x2~dbi1406275-db1106275	4
s7/dbi4y1r28db25k10dbi5k3~x2~dbi1605267-db1003265	4
s7/dbi5w3r12g37k12db21w2~x2~dbi1406275-db1204274	4
s7/dbi6db3dbi6db20k20db8w4~x2~dbi1406275-db1204274	4
s7/dbi8g11k3g11dr12db10y2~x2~dbi1406275-db1404245	4
s7/dbi8r11g5db3y3w5k3~x2~dbi1406275-db1004274	4
s7/dbi8y4w2db25dy25dbii2r5~x2~dbi1404245-db1106275-dbii1406275	4
s7/dg10ly1dg1ly1lr2dg1ly1~x4	4
s7/dg11g4dg6dy11g1k1dy4~x4	4
s7/dg11t4dg6dy11t1k1dy4~x4	4
s7/dg12g6dg6r15k1r1k2~x2	4
s7/dg12g6r1g10dp8y2w2~x4	4
s7/dg12lb8db4ly2dr1ly1db6~x4	4
s7/dg15k8db15k8dg23ki8w3~x2~db1003265-ki0503265	4
s7/dg1dy7dg7n2dy1ly15w1~x4	4
s7/dg1y1dg1w1dg10r20y1~x4	4
s7/dg20r3n3r15w19dg3lb2~x2	4
s7/dg21k14dg9b21k3b12dp3~x2	4
s7/dg22w3k2y3k19r18b4~x2	4
s7/dg27dr2dg4o15db26k2db6~x2~dg1703114	4
s7/dg28dr4dp27dr27dg28dr5dp2~x2	4
s7/dg28r4dp25r22dg27r4dp2~x2	4
s7/dg28r4k25r22dg27r4k2~x2	4
s7/dg2dr12db11ly6dy6dr12dg2~x2	4
s7/dg2ly1dg6dr4r6k1r2~x4	4
s7/dg2r1dg8r5g5r1g2~x4~dg1405139-g2104115	4
s7/dg2r1dg8r5g5r1g2~x4~dg1504144-g1903114	4
s7/dg2r21db60r48db2r3dg2~x2	4
s7/dg30db4dg2k20db18r1db4~x2	4
s7/dg30db6r2db2dy2db15w2~x2	4
s7/dg3b22do10o5dg21r6b3~x2	4
s7/dg3db12lb1k12dg13r2dg2~x2	4
s7/dg3dy2g12y11lb1dg1ly3~x2	4
s7/dg3dy2gi12g12w1dg1y3~x2~dg1806142-gi2408144-g1903114	4
s7/dg3g3r22k5db22dy2w2~x2~dg1806142-g2408144	4
s7/dg3n12y2k10o10y3o2~x2	4
s7/dg3w1dg12r6dg3k3dg2~x4~dg1806142	4
s7/dg3w1dg12r6dg3k3g2~x4	4
s7/dg40k3w1k5r1k2ri10~x2~dg1605139-r2109032-ri2806019	4
s7/dg40k3w1k5r1k2ri10~x2~r2109032-ri2806019	4
s7/dg42y1k23dr7w1db4y3~x2	4
s7/dg4g3dg24w15ly21dgi3ly4~x2~g2408144-dgi1806142	4
s7/dg4o2dg13w2o13dg2o4~x2	4
s7/dg4r1dg18k20db18r1db4~x2~dg1806142-r2109032-db1406275	4
s7/dg4r4dg13r13dg4r36lo4~x2	4
s7/dg4r5db4ly4do2n4r4~x5~r2109032	4
s7/dg4ri5y4db4do2n4r4~x10~ri2806019-r2108022	4
s7/dg4t28dg11w2dg2g14y2~x2	4
s7/dg54db14y7r14k7db14r6~x2	4
s7/dg5db1g5dp1dg5b1dg5~x4~db1108266-b2208266	4
s7/dg5db1g5dp1dg5dbi1dg5~x2~db1004274-dbi1406275	4
s7/dg5lp3dg32k16db32r3db5~x2	4
s7/dg6r2db1r3db16g20w2~x2	4
s7/dg6r2db1r3db16n20w2~x2	4
s7/dg7dbi3dg7db22dbi22w3dbi5~x2~dbi1406275-db1404245	4
s7/dg7dp3w1g2dg1k2dp1~x8	4
s7/dg7dp3w1g2dg1lp2dp1~x8	4
s7/dg7dp3w1g2dg1o2dp1~x8	4
s7/dg8b6dg48w31o42g6o8	4
s7/dgi3dg12o6dgii3dp15oi2dp2~x2~dgi1302166-dgii1602166-oi2402083	4
s7/do4o1do5w4k1w1lr1~x4	4
s7/do5k2do28k10do26k4do4~x2	4
s7/do5lo4do26ly26do4ly3w5~x2	4
s7/do6dg6dy1dg6do5t6do1~x4	4
s7/do8w8k16dg32db3y5w5~x2	4
s7/dp11db2lb4db21k16g19y4~x2	4
s7/dp13w2dp8k5ly10dp75ly3~x2	4
s7/dp13w2dp8k5y10dp75y3~x2	4
s7/dp18g24k3db6dp2db5dp18~x2	4
s7/dp18k7g5r4g7k1dy2~x2	4
s7/dp18k7g5r4g7k1y2~x2	4
s7/dp18ly1k15r15k24db4w1~x2	4
s7/dp1r5g15r3dp9r10w1~x4	4
s7/dp22ly10dp6lb18dp50db71k6	4
s7/dp26dpi15r7t2ti7db17r4~x2~dp1105325-dpi1607327-t2405244-ti2503227	4
s7/dp29y4db4y4do4y4r4~x4	4
s7/dp2dg1dp1w1dp1y1dp2~x24	4
s7/dp2dg8dr1lo1db4dbi16lb1~x4~dp1508310-dbi1607286	4
s7/dp2g6r1dy1db3lb10w1~x2	4
s7/dp2g6r1y1db3b10w1~x2	4
s7/dp2g8r1dy1db6lb15w1~x4	4
s7/dp2o1dp10db1n10k1n2~x4	4
s7/dp2r2dp16k17dg16k2y2~x2	4
s7/dp2r2dp16k17dg16k2y2~x2~r2109032	4
s7/dp2r4g12r3dp6r10w2~x2	4
s7/dp2y1dp1w1dp1g1dp2~x24	4
s7/dp2y1dp1w1dp1g1dp2~x6	4
s7/dp30db30n4db4n4db5r6~x2	4
s7/dp32g16r14k4r6dp7k2~x2	4
s7/dp38k12ri15r4ri15k2w4~x2~ri2906009-r2007025	4
s7/dp3k1dp8k6g8k1w2~x2	4
s7/dp3n1w1n25w1n1t3~x4	4
s7/dp3n42k2g17n9dp3w2~x2	4
s7/dp3ni24n10ni2g11ni8lb3~x2~ni1900000-n1700000	4
s7/dp3r14g2dp10r2g14dp3~x2	4
s7/dp40k8ly8dp4ly1dp4lr8~x4	4
s7/dp4db2lb8db25k8g13y4~x2	4
s7/dp4g23k22p3db22dp1w2~x2	4
s7/dp50k8g4k1g4k1g14	4
s7/dp5db8dt13dg21db34dt55do3	4
s7/dp5lb2k30n26y2n2db4~x2	4
s7/dp6dy2dp1dg25db16k2db4~x2	4
s7/dp6dy2dp1g25db16k2db4~x2~dp1105325	4
s7/dp6k3dp21k23w3g24r3~x2	4
s7/dp6ly2dp1dg25db16k2db4~x2	4
s7/dp6r2dp1dg25db16k2db4~x2	4
s7/dp6r2dp1g25db16k2db4~x2~dp1105325	4
s7/dp6y2dp1g25db16k2db4~x2~dp1105325	4
s7/dp72k40g23r4g23k2w4~x2	4
s7/dp8db2dp24db5w26k2w8~x2	4
s7/dp8g31r4dy4db17lb64w4	4
s7/dp8g31r4y4db17b64w4	4
s7/dp8r3y1r3dg14r3y1~x4	4
s7/dp8r3y1r3g14r3y1~x4	4
s7/dp9b4dp1b4dg15r4dp1~x2	4
s7/dp9k7g5r4g7k1y1~x2	4
s7/dp9lr4dp1lr4g15r4dp1~x4~lr2805035-r2108022	4
s7/dp9r4dp1r4g15ri4dp1~x2~r2208029-ri2209032	4
s7/dr10db15g2db2w1db1w1~x4	4
s7/dr10k1dr3g7k7g5lo3~x4	4
s7/dr10y3dr24lb3dr16k3dr8~x2	4
s7/dr11dg1dr3ly7dg7dy5y3~x4	4
s7/dr11dg1dr3y7dg7dy5ly3~x4	4
s7/dr12lo6k88db45k6db6y6	4
s7/dr12lo6k88db45k6db6y6~db1406275	4
s7/dr15k1lo2db3dr2k1lo15~x6	4
s7/dr16y2dy7y2t24k2g2~x2	4
s7/dr18db12w2db12dg8dr3dg10~x2	4
s7/dr18g1k5g1k1g1dr9~x2	4
s7/dr1dg4dr1lr1dr4dg1dr1~x4	4
s7/dr1dg4g1dg3dr4db15w1~x4	4
s7/dr1g4ly1g3dr4db15w1~x4	4
s7/dr1n5dt3db11dt3n5lo1~x8	4
s7/dr1r12dg1n9dy1db12lb1~x4	4
s7/dr2b16r1dr2r12y1lb1~x2	4
s7/dr2db4dr6db2w6k1ly2~x2	4
s7/dr2k4dr2k4dr6k1lo1~x4	4
s7/dr2lb1db8lb8y8lb1y1~x2	4
s7/dr30dg18lr3dg18dr20lb3g3~x2~lr2800000-lb3203246	4
s7/dr32r2g2db30dr1db2ly1~x2	4
s7/dr36w3lo4g24w24k3lo6~x2	4
s7/dr38k12ri15r4ri15k2w4~x2~ri2806019-r2108022	4
s7/dr3g20k20g20lo2g2lo2~x2	4
s7/dr3g22db16g14dr2g6lo2~x2	4
s7/dr3lo3dr6lo18dr1lo2dr2~x4~dr1004029-lo2905070	4
s7/dr3r2db2r30w30db2w3~x2	4
s7/dr4db15w2n15g30dr2g4~x2	4
s7/dr4db2lb7db20k7g10y4~x2	4
s7/dr4dg16k16db4dg3db12lo2~x2	4
s7/dr4dg27o2db25ly5dg3o3~x2	4
s7/dr4lb16k3db44dr1w3y2~x2	4
s7/dr5b20k13db42k13b20y5~x2	4
s7/dr5dg27o2b25y7dg3dr3~x2	4
s7/dr5dg8do13o21y34lr55dg3	4
s7/dr5do8dp13db21dg34dgi55dr3~dgi1603171	4
s7/dr5g6dy1g6dr5db6dr1~x2	4
s7/dr5g6gi2g6dr5db6dr2~x2~dr1305000-gi2104115	4
s7/dr5g6ly2g6dr5db6dr2~x2~g1906142-ly2604115	4
s7/dr5k3dr9dg56lb4dg2w3	4
s7/dr5w36dp14dr9g28dr8dp2~x2	4
s7/dr68db9lb10db13lo1db1lo2~x2	4
s7/dr6ly3dr20r20dr3r3lb6~x2	4
s7/dt12w2dt13dg3g2r24g3~x2	4
s7/dt16g4dt3g3lo2g24dr2~x2	4
s7/dt27k5dp2n1dp1w1dp5~x4~dt0900000-n1900000	4
s7/dt40dg3dp4dt28ly2lr2dt7~x2	4
s7/dt4dr1dt4dr1dg14n1dg1~x4	4
s7/dt4k2dt4k45n2k3n2~x2	4
s7/dt4t28dt11w2dt2g14y2~x2	4
s7/dt51g5r15g37dt17r6g7~x2	4
s7/dt6n4dt2db25k30g2k2~x2	4
s7/dy10r5dy62dg40dy5g44r10	4
s7/dy15k1r2db3dy2k1r15~x4	4
s7/dy17g5db2w12db2y4g7~x4~g2203152-db1106275	4
s7/dy17n5db2w12db2y4g7~x2	4
s7/dy1k4w2k11w17r2w1~x4	4
s7/dy1w2lb16dy8r16dy2w1~x2	4
s7/dy2dr4dg11k30r2db16w1~x2	4
s7/dy2k27g9k2db29k1g2~x2~k0503265-db1003265	4
s7/dy3k2dy32dr3dy3k5w3~x2	4
s7/dy3k36g14b2k2g14r3~x2	4
s7/dy3r10g7db10r15k1w2~x2	4
s7/dy3y18lo12k18lo2k2lo3~x2	4
s7/dy40dp5dy6dg26dgi13dgii9dg3~x2~dgi1505139-dgii1704144	4
s7/dy45k5dy28k5o5w2do6~x2	4
s7/dy48dp11g16y16dy11r3dy11~x2	4
s7/dy4g13k8db25lb8db2dp4~x2	4
s7/dy4t17k11r17t27k2w3~x2	4
s7/dy5ly20r3dg13dy13db3b3~x2	4
s7/dy5ly20r3dg13dy13dp3b3~x2	4
s7/dy5r3dy31dg20dy3g22r5~x2	4
s7/dy6r3dy34k16y3dt22r4~x2	4
s7/dy6t16lb3y3o3g3w2~x4~t2405244-lb3200000-y2104086-o2605070	4
s7/dy7ly12g30lo12o14r11ly2~x2	4
s7/dy7r3dy9g15db19dy14r4~x2	4
s7/dy8n29dy8ly3dy8n8ly3~x2~dy1603076-ly3307090	4
s7/dy8n29dy8y3dy8n8y3~x2	4
s7/dy9g9y2g9dy9t9dy3~x2	4
s7/g10b4g1b4g15r4g1~x4	4
s7/g10db2g2db6lb5db1lb2~x2	4
s7/g10db42r5dg42g42y5g10	4
s7/g10dp42r5dg42g42ly5g6~g2408144-dg1806142	4
s7/g10r3g30n10w2db15r4~x2	4
s7/g12k1r1k12o9k45g9~x2	4
s7/g12k1r1k1lb2k1y4~x2	4
s7/g12k1r1k1t2k1ly4~x8~r2806019-ly3106095	4
s7/g12k4g12w1t6w1y4~x4	4
s7/g12lb6g6r15k1r1k2~x2	4
s7/g12lb6g6r15k1r1k2~x4	4
s7/g12r11dp12ri3dp8g8dp8~x2~r2109032-ri2307033	4
s7/g13k1r1k1t2k1ly4~x8	4
s7/g14y7g14dg50g64w6g7	4
s7/g15r3lb15r8g15ly2db4~x2	4
s7/g16dp4g8dp13k3w26dp10~x2	4
s7/g16lb3g3k10db12dr2db3~x2	4
s7/g16lb3g3k10db12dr2k3~x2	4
s7/g16lo3g14dr16g2dr2g3~x2	4
s7/g17y2k14r2db9r2db10~x2	4
s7/g18k2b2k2lb3k2y6~x4	4
s7/g18w55n19g20w2g20k5	4
s7/g19r3lb19r11g19y2db4~x2	4
s7/g1b8g8r1g8b8w1~x2	4
s7/g1b8g8r1g8b8w1~x4	4
s7/g1dr7g7n2dr1dg15lb1~x4	4
s7/g1dy8g8r1g8dy8w1~x2	4
s7/g1dy8g8r1g8dy8w1~x4	4
s7/g1o8g8r1g8o8w1~x4	4
s7/g1r8g8ri1g8r8w1~x2~r1906028-ri2109032	4
s7/g20dg14db9y2db9k1w2~x4	4
s7/g20dp2g3dp2g14k18g4~x2	4
s7/g20w2g9w2y5w7g10~x2	4
s7/g21db21y3r21n3dp5n3~x2	4
s7/g21k14g9db21k3db12dp3~x2	4
s7/g21k6lb3g11k17db17k3~x2	4
s7/g21lb21ly3r21n3dp5n3~x2	4
s7/g22dp22g3dp11w3dp4w3~x2	4
s7/g22w3k2y3k19r18db4~x2	4
s7/g23db3k8db4g4db56dy8	4
s7/g23db3k8db4g4db56ly8	4
s7/g24db6lb3k6db12k15g4~x2	4
s7/g24k4g24k24lb7r24lb7~x2	4
s7/g24r4g3k14g5r2g10~x2	4
s7/g24r9g4dg19y2dg6g7~x2	4
s7/g25b4db24b21g25b3db4~x2	4
s7/g25dr4db24dr21g25dr4db2~x2	4
s7/g25r4db24r21g25r3db4~x2	4
s7/g25r4db25r13g25y2lb6~x2	4
s7/g27dr2g4r15db26k2db6~x2	4
s7/g28r4dp25r22g27r4dp2~x2	4
s7/g28r4dp27r27g28r5dp2~x2	4
s7/g28r7dr7g14dr7r48k4~x2	4
s7/g2db14lg6n1g1n6r1~x4~db0906265-lg2704216	4
s7/g2db15n5g2db2g7w2~x4	4
s7/g2k1g12dr4g3db9lb2~x4	4
s7/g30db4g2k20db18r1db4~x2	4
s7/g30dp5db32k32g36lg2y5~g2208144-lg3105139	4
s7/g30k2w3k1w4lb6w2~x4	4
s7/g31dg7y3dg14g8db18dp5~x2	4
s7/g32dy7g7dy16db32y3dy8~x2	4
s7/g32dy7g7dy16db32y3dy8~x2~db1406275	4
s7/g32o7g7o16db32y3o8~x2	4
s7/g32w2g9y2g12ly21r1~x2	4
s7/g36dg24t18ly4t18k2w5~x2	4
s7/g36dg5db17w2g14n3dp2~x2	4
s7/g3db12b1k12g13r2g2~x2	4
s7/g3db12w1k12g13r2g2~x2	4
s7/g3db12w1k12g13r2g2~x4	4
s7/g3dg12dpi6gi3dp15ly2dp2~x2~g2203152-dpi1607327-gi2405139-dp1105325	4
s7/g3dr16g4k6g28dr2g3~x2	4
s7/g3dy2g18dy21lo2g3lo2~x2	4
s7/g3dy32g4lb3g18dp18lo3~x2	4
s7/g3dy4g2dy22n5r16ly3~x2~dy1603076-ly3307090	4
s7/g3lo16w4k6g28lo1g3~x4	4
s7/g3r16g4k6g28r1g3~x2	4
s7/g3r16w4k6g28r1g3~x2	4
s7/g3r1g12w4lb15ly1lb3~x4	4
s7/g3r20g16k22lo6k3g2~x2	4
s7/g3r2dp2r30w30g2w3~x2	4
s7/g3r2g27dg3w30dg2w3~x2	4
s7/g3w1g12r6g3k3g2~x4	4
s7/g41r6g12db8k2y5w8~x2	4
s7/g46k18g6k13r4k4w4~x2	4
s7/g4dy7o9dy9db20w2db2~x2	4
s7/g4n12lo2k10y10lo3y2~x2	4
s7/g4y1k1lb4g1y1k1~x12	4
s7/g4y7lo9y9db20w2db2~x2	4
s7/g55dbi7dr24g12db4dy3db4~x2~dbi1406275-db1404245	4
s7/g55dg6g7dg17y1dg2y2~x2	4
s7/g55dp7r24g12db4y3db4~x2	4
s7/g5db15lb11w2lb1w1dg4~x4	4
s7/g5db15lbi11lb2lbi1lb1g4~x4~lbi3200000-lb3103284	4
s7/g5dg5dgi5db5dbi5dg10w2~x8~g2408144-dgi1806142-db1204274-dbi1406275	4
s7/g5k2g28k10dy26db4g4~x2	4
s7/g5k2g28k10o26db4g4~x2	4
s7/g5t14b10w2b1w1g4~x4~t2205244-b2409265	4
s7/g5y5g5y35dr44r3dr3~x2	4
s7/g5y5g5y35dr44r3dr3~x2~g2408144	4
s7/g60r7w10dg16g15w3g15~x2	4
s7/g6lo2g32k8w6lo20g5~x2	4
s7/g6r2dp2g4dp2r12k1~x2	4
s7/g6r2dr2g4dr2r12k1~x2~r1908029	4
s7/g6r2g13k6w2k16r3~x2	4
s7/g6ri2r2g4r2ri12k1~x2~ri2008029-r1707016	4
s7/g6ri2r2g4r2ri12k1~x2~ri2209032-r1707016	4
s7/g8dg60w1k33g9y4g4~x2	4
s7/g8k2lb1g4k6db6k1~x2	4
s7/g8k2w1g4k6db6k1~x2	4
s7/g8lb1g1k6dp6k1dp3~x4	4
s7/g8r3g30k8w3k36w8~x2	4
s7/g8w4g50k12g4k15ly5~x2	4
s7/g9lb2g1k6db6r1db1~x2	4
s7/g9ri4g1ri4g15r4g1~x4~ri2806019-r2109032	4
s7/gi5dg5g5db5dbi5dg10w2~x8~gi2408144-g2007139-db0705267-dbi1406275	4
s7/k10db30g3db3g3db3r6~x2	4
s7/k10db4k34dt2k2dt30w3~x2~db1106275-dt1401240	4
s7/k10dp4db25w1g13db13r3~x2	4
s7/k10lb30g3lb3g3lb3r6~x2	4
s7/k10r3y4db12g4r4w2~x4	4
s7/k10r5k5g55db2y1w1~x2	4
s7/k10y2k10w2k2y13w3~x2	4
s7/k11dr11w11dr11r30k3w3~x2	4
s7/k11g12k2g12k12dp12w3~x2	4
s7/k11g12w2g12k12dp12r3~x2	4
s7/k11w1k1w1k4n8r1~x8	4
s7/k12g12k2g12k12db12lb3~x2	4
s7/k12g12w2g12k12dp12r3~x2	4
s7/k12g8y1dg13lb1db31k8~x2	4
s7/k13dy28lo13dy28k18w18k13~x2	4
s7/k13dy28y13dy28k18w18k13~x2	4
s7/k13g12lb2g12k13dp12k2~x2	4
s7/k14dg7k2g8k4y2k1~x4	4
s7/k14dp2k4lb3k12dp8k1~x2	4
s7/k14r2k4lb3k12r8k1~x2	4
s7/k14r6k2r6dg25r6k2~x2	4
s7/k14w4k8y45w3k1y2~x2	4
s7/k15n3w10n7dp40w3dp6~x2	4
s7/k15r4k1r4dg15r4k1~x4	4
s7/k15r8y2db25k5db13k5~x2	4
s7/k16db16k3g2~x4	4
s7/k16g15k4lb12k22w2k6~x2	4
s7/k16t2k8r3lr3r3k8~x2	4
s7/k16w15k4db12k22r2k6~x2	4
s7/k16w30lb36k10lb10k83lb6	4
s7/k16y16r16g3db7w7k7~x2	4
s7/k17n4k13n4k3n45k3~x2	4
s7/k19w8k19b16y4b16w2~x2	4
s7/k1db12k12b1k12db12w1~x4	4
s7/k1db12k12g1k12db12g1~x4	4
s7/k1db18lb5db1lb3db18k1~x4	4
s7/k1db6b1ki6b6k1w1~x6~ki0604259	4
s7/k1dbi6lb1db6lb6k1w1~x6~dbi1406275-db1404245	4
s7/k1dg5k5t5k1t1k1~x4	4
s7/k1dg8w1k8w1db8r1~x4	4
s7/k1do4dg1k1dg1k1do1~x14	4
s7/k1dy4dg1k1dg1k1dy1~x10	4
s7/k1g5k5db5k1db1k1~x4	4
s7/k1n2k7n11k18y2k1~x2	4
s7/k1r18g12r2g12r18w1~x2	4
s7/k1r1k18g12db18g1db1~x2	4
s7/k1r1k1db7k1g1k1~x8	4
s7/k1r1w1k1w1k1db1~x14	4
s7/k1r1w1k1w1k1db1~x16	4
s7/k1r1w1k1w1k1db1~x8	4
s7/k1r8g1r1w8r1k1~x6	4
s7/k1w1k18db20w1r1lo1~x4	4
s7/k1w1k18db20w1r1y1~x4	4
s7/k1w3db2w4db8w1db1~x6	4
s7/k20r6ly3db24g3r8w4~x2	4
s7/k20w4r4dg20w5dg2g2~x2~dg1806142-g2408144	4
s7/k20y4db13w4g30w4r13~x2	4
s7/k22g21k5g12lb12n3w4~x2	4
s7/k23r27db3r5w3k14y6~x2	4
s7/k24g3r3k24r2k2r2	4
s7/k24w1r6k21ly2k24g1~x2	4
s7/k24w1r6k21y2k24g1~x2	4
s7/k25dy5k5dg25k25db3k10~x2	4
s7/k25y5k5g25k25t3k10~x2	4
s7/k2b16w2ki16w15k2w2~x2~ki0604259	4
s7/k2db9k2db9k13w1k2~x4	4
s7/k2dbi2g16db2y1db13w2~x2~dbi1406275-db1204274	4
s7/k2dbi2g16db2y1db13w2~x2~dbi1604274-db0805267	4
s7/k2dbi2r16db2y1db13w2~x2~dbi1406275-db1204274	4
s7/k2dbi2r16db2y1db13w2~x2~dbi1604274-db0805267	4
s7/k2dg19g2dg2g19dg2k2~x2	4
s7/k2dr1k6dr6k1dr1k1~x4	4
s7/k2dy30g4w2g14dr13y2~x2	4
s7/k2g10k9db9r1k1db2~x2	4
s7/k2g12t24lb50w1r2~x2~t2405244-lb3203246	4
s7/k2g6do4lb1r18do5ly1~x4	4
s7/k2lb10r5w2db2w2r2~x6	4
s7/k2lb16w2db16w15k2w2~x2	4
s7/k2lb25k2t8k2g28y2~x2	4
s7/k2lb5k1lb1k10r1k1~x4	4
s7/k2o15dy15dg15r2dg3ly2~x2~dy1603076-ly3307090	4
s7/k2o30g4w2g14dr13y2~x2	4
s7/k2r12db6r3g12r4db1~x2	4
s7/k2r1dg15k15db15y1k2~x2	4
s7/k2r1g15k15db15y1k2~x2	4
s7/k2r1k2r14w1r1w1~x8	4
s7/k2r1ly1y8k15y2dp1~x4~ly3307090-y2602166	4
s7/k2r1y1g8k15g2dp1~x2	4
s7/k2r4w1r10g12r2w2~x4	4
s7/k2r7k6g12y1g1k2~x4	4
s7/k2y1dg12y12dr12k1r2~x4	4
s7/k30w2n4y10w9k3n5~x2	4
s7/k32t2k6t2k13n30w2~x2	4
s7/k36w3k10w3dg28dr6k18~x2	4
s7/k37r20k2r4~x2	4
s7/k39n3k3n3k14n28r3~x2	4
s7/k3db10y5db29k10r6k2~x2	4
s7/k3db24lb3ki25lb22k3lb3~x2~db1605267-ki0503265	4
s7/k3db24lb3ki25lb22k3lb3~x2~ki0604259	4
s7/k3db3r1db3k3g3y1~x8	4
s7/k3dg2k3dg18r2db2dy1~x4~dg1806142-r1606028-db1004274	4
s7/k3dy3ly6k12dyi1n2dy2~x4~dy1303057-dyi1803076	4
s7/k3dy3ly6k12ly1n2dy2~x4	4
s7/k3g2k3g18dr2db2ly1~x4	4
s7/k3g2k3g18r2db2ly1~x4~g2106142-r1606028-db1004274	4
s7/k3g3k3g21dg21k3g1~x2	4
s7/k3g4k1g4k3db4k1~x2	4
s7/k3ki3r1ki3k3b3y1~x8~ki0604259	4
s7/k3lb10dy5lb29k10r6k2~x2	4
s7/k3ly2k36db16k5db2w3~x2	4
s7/k3r12do8ly2g36do10lb2~x2	4
s7/k3r1k30r28db1r1w3~x2	4
s7/k3r1k30r28k1r1w3~x2	4
s7/k3r2k30r28k2r2w3~x2	4
s7/k3r3dy2r20k16lb24w2~x2	4
s7/k3r3k3lb16k3g3k3	4
s7/k3r3k3lb16k3g3k3~x2	4
s7/k3r3k3w16k3g3k3	4
s7/k3y1w9y1db9k3lb1~x4	4
s7/k3y3r3y28n28lb2n2~x2~y2201120-n1900000	4
s7/k40dg15k10o2k10lo2k10~x2	4
s7/k40dg15k10r2k10y2k10~x2	4
s7/k40dp5k6y26n13k9dy3~x2	4
s7/k46dg6k6dg6k42dg47k12	4
s7/k4b9k13g6b3g9w4~x2	4
s7/k4db16k12g12r1g2k2~x2	4
s7/k4db16k12g24r1g2k2~x2	4
s7/k4db2k15w10b15db2b4~x2	4
s7/k4db2k15w10lb15db2lb4~x2~k0503265-db1605267	4
s7/k4dr2k22dr22k3dr4lb2~x2	4
s7/k4dr40k1dr3k1w3k4~x2	4
s7/k4dt4dy1dt4dr4db4lr1~x8	4
s7/k4dy2r2dy2k2dy15ly2~x4	4
s7/k4dy9k13g6dy3g9w4~x2	4
s7/k4g16db11dr16g25ly2gi3~x2~g1904144-gi2404202	4
s7/k4g16db11r16g25y2lb3~x2	4
s7/k4g4k1g4k4db4y1~x2	4
s7/k4g4w1g4k4db4k1~x2	4
s7/k4g4w1g4k4db4k1~x4	4
s7/k4g4y1g4k4db4k1~x2	4
s7/k4lo9k13g6lo3g9w4~x2	4
s7/k4ly2k13ly1y21ly2y4~x2~ly3307090-y2400000	4
s7/k4ly4lb32ly1k32ly4k2~x4	4
s7/k4n4lo1n4r4db4w1~x8~r2406019	4
s7/k4o2r2o2k2o15y2~x4	4
s7/k4o4w35o1k36o4k2~x2	4
s7/k4r40k1r3k1w3k4~x2	4
s7/k4r5k4db28k4g5k4	4
s7/k4r5k4db28k4g5k4~x2	4
s7/k4r5k4dp28k4g5k4~x2	4
s7/k4r5k4dr28k4g5k4	4
s7/k4r5k4dr28k4g5k4~x2	4
s7/k4t21dy10y4k20r6t3~x2	4
s7/k4w19k11dg15k3dg16y3~x2	4
s7/k4w1lb2w1k16db36lb4~x2	4
s7/k4w1lb2w1k16t36lb4~x2~lb3203246-t2405244	4
s7/k4y1g2y1g35db32lb4~x2	4
s7/k4y4w35y1k36y4k2~x2	4
s7/k51r21ly4r12g8db4r5~x2	4
s7/k51r21y4r12g8db4r5~x2	4
s7/k53dy4k7dy2k4r30w3~x2	4
s7/k5db15k5lb1k35dp1k2~x4	4
s7/k5g2k5g2db8g25w4~x2	4
s7/k5g30y3t15k15t7w3~x2	4
s7/k5ly25k10r3k10ly25w5~x2	4
s7/k5r1k41dg8k8y1k5~x2	4
s7/k5r3k27ki37r5g2y2~x2~ki0604259	4
s7/k60w2r10dg6w4r15y10~x2	4
s7/k62db15dp15o20lr5db5k15~x2	4
s7/k62db15t15dy20ly5db5k15~x2	4
s7/k64g12n6k15dy1g5lb1~x2	4
s7/k6b2db12g8r5k2g3~x4	4
s7/k6db1k6g4k10g20r2~x2	4
s7/k6dbi3dg28w1db28dbi2w3~x2~dbi1604274-db0805267	4
s7/k6g6r1g6k6db6k1~x2	4
s7/k6g6w1g6k6dp6b1~x4	4
s7/k6g6w1g6k6dp6k1~x4	4
s7/k6g6y1g6k6dp6k1~x4	4
s7/k6lb2db12g8r5k2g3~x4	4
s7/k6lb3k8db7lo2db7lb1~x4	4
s7/k6y2k16lb6k3db18k2~x2	4
s7/k72r3k11lb9k11r3k37	4
s7/k75lb6k5lb18k2lb2k3~x2	4
s7/k7db11k3db11dy11g22db3~x2~db1605267	4
s7/k7db4g31db3y2db27lb4~x2	4
s7/k7dbi4r31db3lo2db27lb4~x2~dbi1406275-db1204274	4
s7/k7g22k22db6r2db15r2~x2	4
s7/k7g6w1g6k7db7k1~x4	4
s7/k7r22t9dp20lb2g28y7~x2~t2503227-lb3200000	4
s7/k7w3k7w45r3w3r3~x2	4
s7/k8dr26k22db110w4k5w4	4
s7/k8dr26k22dt110w4k5w4	4
s7/k8dr4k36db48dr6dg3lo2~x2	4
s7/k8g8k1g8k8b8w2~x2	4
s7/k8g8k1g8k8lb8w2~x2	4
s7/k8lb3k32t14w3k25lb3~x2	4
s7/k8ly2dp6ly2k36db84w7	4
s7/k8r4k36db48r6g3lo2~x2	4
s7/k8y3k120y3k40lb2k4~x2	4
s7/k9b4k1b4g15r4k1~x2	4
s7/k9g9ly2g9k9db9k3~x2	4
s7/k9g9w2g9k9db9k3~x2	4
s7/k9g9y2g9k9db9k3	4
s7/k9g9y2g9k9db9k3~x2	4
s7/k9lr4k1lr4dg15r4k1~x4~lr2805035-r2109032	4
s7/k9r9k25lr30k5lr5r7	4
s7/k9w2dr50g42dr16g17k4	4
s7/k9w38k22g31k5g31y5	4
s7/ki3o6ki32k36dg36k4r3~ki0604259	4
s7/ki40db8o3db6k3db6r4~x2~ki0503265-db1003265	4
s7/lb11dy5k1dy2r1dy2lb11~x12	4
s7/lb11y5k1y2r1y2lb11~x12	4
s7/lb12lo75k22w12k22w16lb8	4
s7/lb13dr1g13w1k1w7k3~x2	4
s7/lb13g2lb12k8r1dt35ly1~x2	4
s7/lb13g2lb12k8r1dt35ly1~x2~g2408144	4
s7/lb17k12w9r2w9g1w2~x4	4
s7/lb18t18db10w3dy15y3ly8~x2~t2503227-db0705267	4
s7/lb19lo12r4ly8n4dg6g16~x2~dg1806142-g2203152	4
s7/lb19lo12r4y8n4g6lg16~x2~g2203152-lg3105139	4
s7/lb25r10lb25w8b6g8y5~x2	4
s7/lb26w2y1w3y2w3y4~x2	4
s7/lb2g6y1k6db6k1db1~x2	4
s7/lb2k2dg8g8r1g1w1~x4~dg1806142-g2304202	4
s7/lb31k18dg13r3dg13k1y3~x2	4
s7/lb33r8db12g12lb8db2lb8~x2	4
s7/lb34db24w18dr3w18dg2w3~x2~dg1806142	4
s7/lb34db24w18r3w18g2w3~x2	4
s7/lb37k12ly17r3ly17k1y3~x2	4
s7/lb3k19db24r2db2y2db2~x2	4
s7/lb47g6t13dy20g6t6g28~x2	4
s7/lb4dg26dgi8lb8dgi8g3lb2~x2~dgi1806142-g2408144	4
s7/lb4dg26g8lb8g8b3lb2~x2	4
s7/lb4dg26g8lb8g8gi3lb2~x2~dg1806142-g2203152-gi2408144	4
s7/lb4dp3b1g9w1r8k1~x4	4
s7/lb4g14y2k14db14k2db3~x2	4
s7/lb4ly2lb21k11w2n21r2~x2	4
s7/lb4y1r28db24k5lb5k3~x4	4
s7/lb58ly2db24g2r1dr5w1~x2	4
s7/lb5db30k25lb5db30dp2lb5~x2	4
s7/lb5db30k25lb5db30dp3lb5~x2	4
s7/lb5dy6w2g7w2t44w2~x2	4
s7/lb5k26y4lb24dp8k3r4~x2	4
s7/lb60g9r7ly12g33ly33lb26	4
s7/lb6db17dp4db2k11g33y4~x2	4
s7/lb6db17dp4db2k11g3lo4~x2	4
s7/lb6k8lb6g12db29w3db4~x2	4
s7/lb6r1lb17db3lb3db8lb1~x2	4
s7/lb7dbi11k3dbi11dy11g22db3~x2~dbi1605267-db1108266	4
s7/lb8dbi11w3dbi11db12g10dr2~x2~dbi1404245-db1106275	4
s7/lb8w16g18r2y4r1lb4~x2	4
s7/lb8w28ly3g3lb8k9lb4~x2	4
s7/lbi2g6dr1g1dr14k1lb1~x4~lbi3200000-lb3103284	4
s7/lbi4dg13g6dr16lb2dr2g2~x2~lbi3200000-lb3103284	4
s7/lbi4k13g6dr16lb2dr2g2~x2~lbi3200000-lb3103284	4
s7/lg22w1dg6r6dg6y3g12~x2	4
s7/lg22w1gi6r6gi6y3g12~x2~gi2504202-g2203152	4
s7/lg2r20g2dt15k2lg19lb2~x2	4
s7/lo10w4dg30k22dg27n4lb2~x2	4
s7/lo17do5w1lo5w7do47lo7~x2	4
s7/lo1db14r28g14r1g14lo1~x2	4
s7/lo2dg7k6r11k1r1lo2~x4	4
s7/lo2dg7k6r11k1r1lo2~x4~r1908029	4
s7/lo2w1db6w1ly2k17ly1~x2	4
s7/lo4dr2t32k10dp4lb21dp2~x2	4
s7/lp10dp9n59dp9k59dp9lp5	4
s7/lp33dr7db9dp7g12r3k29~x2	4
s7/lp5g9r2dy2db6lb14w3~x4	4
s7/lp6w2lp1db6n30lb1r3~x2	4
s7/lr30lp4lr3dp2r2dp24w2~x2	4
s7/ly10k2g5k2dg46lyi2k2~x2~ly2503076-lyi2705081	4
s7/ly10k2g5k2dg46y2k2~x2~g1903133	4
s7/ly11r6k10ly10k10dy10r4~x2	4
s7/ly12dg4ly24k9ly8dg36dr4	4
s7/ly1dg11k6dg3ly1dg1ly1~x4	4
s7/ly30w4ly20g20k20lo3k6~x2	4
s7/ly30w4ly20g20k20lo3k6~x2~ly2503076	4
s7/ly36do15ly9r31lyi5do4r16~x2~ly2503076-lyi2705081	4
s7/ly3db22k3db3k11r20ly3~x2	4
s7/ly3g24dt11g3k10g3w2~x2	4
s7/ly3k8lo3gi4g4dt22y2~x2~ly2706114-gi2408144-g2304202-dt1102249	4
s7/ly3k9lb1k1dr6k2ly3~x4	4
s7/ly3k9lb1k9ly3~x4	4
s7/ly3r3dy2r20k16lb24w2~x2	4
s7/ly3r3lb4w2db11dg13k2~x2~r2109032-db1406275-dg1806142	4
s7/ly3r3lb4w2db11g13k2~x2	4
s7/ly4dy2ly21db11w2n20r3~x2	4
s7/ly4g18t4r8t8ri21w1~x2~r1807033-ri2109032	4
s7/ly4g22r3k17r3db37w3~x2	4
s7/ly4k2t20k10g15k2r3~x2	4
s7/ly4r2ly21dt11w2o21lyi4~x2~ly3106095-lyi3407090	4
s7/ly4y2ly21do11w2k20r3~x2	4
s7/ly6k6y30k8lb18k6ly3~x2~ly3307090-y2602166	4
s7/ly8r3t2db1w6g12db2~x2	4
s7/ly9k32g6w20ly3w9k5~x2	4
s7/m3dg8m3db8m20w2m2~x4	4
s7/n13k3n3k3n3k35r3~x2	4
s7/n140k3w16k3do16k3do16	4
s7/n16dr3lb15dr18w15n3lb3~x2	4
s7/n18w2k1w4dg13n40r2~x2	4
s7/n18w2k1w4g13n40r2~x2	4
s7/n19k2w2k2b5k2b5~x4	4
s7/n1k21n5k3n5k9r1~x4	4
s7/n27k5dp2o1dp1w1dp5~x4~n1900000-o2500000	4
s7/n27lr3n14k3n13k3ly23~x2	4
s7/n2dr10n10o3dr2lb24w2~x2~n1900000-o2500000	4
s7/n2k20r2g3r4g35r1~x2	4
s7/n2r9db8dr4db8g2y2~x8	4
s7/n2w1ly17n14w15n2w2~x2	4
s7/n30dp15w4g12w9n8w3~x2~n2203265-dp1502305	4
s7/n34k7n12k39n3k4lg3~x2	4
s7/n34k7n12k40n3k4lb3~x2	4
s7/n37ly2r6ly2n8db49n3~x2	4
s7/n3db1n11w1k5t14ly3~x4	4
s7/n3db2w1db50y1db2r3~x2~n2203265-db1003265	4
s7/n3k31w6k7n3k12w2~x2	4
s7/n3k31w6k8n3k12w2~x2	4
s7/n3t2w10t2n6t26k2~x2	4
s7/n4db1dr15db42dr6db4dy1~x2	4
s7/n50lb50y1db27g18do9y4~x2	4
s7/n50o50ly1db27dg18do9ly4~x2~n1900000-o2500000	4
s7/n5db4y1db4k4dr4w1~x4	4
s7/n5db4y1db4k4dy4w1~x4	4
s7/n5db4y1db4k4o4w1~x4	4
s7/n5g4lr1g4dy4dg4y1~x4~g1903114-dg1405139	4
s7/n5g4w1g4o4dg4y1~x4	4
s7/n5k6w2g7w2db44w2~x2	4
s7/n5r3n35k28n4k11n2~x2	4
s7/n6dp4n2w2n24k25ly4~x2	4
s7/n6dp4n2w2n25k26y4~x2	4
s7/n8k3n17k13n6k3n4~x2	4
s7/o10n3db1lb8db1lo2g5~x4	4
s7/o11oi3o20oi20r3oi8r3~x2~o2102055-oi2104058	4
s7/o17n5db2w12db2y4g7~x2	4
s7/o19k2w4k2n5k2n5~x2~o2500000-n1900000	4
s7/o1dy1o1dy1o4dy3ly1~x12	4
s7/o1g1o5g8lg1g1lg1~x4	4
s7/o32w2o9lyi2o12ly21r1~x2~lyi3407090-ly2503076	4
s7/o3dp8g20k20db17k3lb3~x2	4
s7/o45k5o28k5oi5w2do6~x2~o2005046-oi2007033	4
s7/o4y2o21do11w2k20r3~x2	4
s7/o4y2o21dy11w2k20r3~x2	4
s7/o5dr8dp13dgi21dg34g55o3~dgi1104144	4
s7/o6k2dg12ly8o5k2dg3~x4	4
s7/o72do30o18b62y10do7b32	4
s7/o7r3o9g15db19o14r4~x2	4
s7/p26o15r7lt2lg7db17r4~x2~p2006332-o2305325-lt3603227-lg2702249	4
s7/p5g9r2dy2db6lb14w3~x4	4
s7/p8w4p50k12p4k15r5~x2	4
s7/r107k9r5db41r5g51r14	4
s7/r107k9r5dp41r5g51r14	4
s7/r10b44o5dg40o62r5o10	4
s7/r10db4r6db30k10db5w2~x2	4
s7/r10db6k8g10r6g3r6~x2	4
s7/r10k15g2k2w1k1w1~x4	4
s7/r11db3dbi8w3y3g5k5~x4~db1004274-dbi1406275	4
s7/r11k33lb14dp32w2dg42y10	4
s7/r12db68w7k39g75r6g6	4
s7/r12k3w14db10k2db24r2~x2~r2109032	4
s7/r12ly3w14db10ly2db24r2~x2	4
s7/r12t18k1r4k1g6k2~x2	4
s7/r12w4r3ly18r3lyi4g2~x2~ly2503076-lyi3106095	4
s7/r12y3w14db10y2db24r2~x2	4
s7/r155lb16k34db48r18y6r9	4
s7/r15k1y2db3r2k1y15~x3	4
s7/r15k1y2db3r2k1y15~x6	4
s7/r15n3w10n7dp40w3dp6~x2	4
s7/r16y2dy7y2lb24k2g2~x2	4
s7/r18g1k5g1k1g1r9~x2	4
s7/r19lb5t2w12t2y4g8~x2	4
s7/r19lb5t2w12t2y4g8~x2~g2203152	4
s7/r1b14r1b1r14b1w1~x2	4
s7/r1b8k4g6k4b8y1~x6~g2003152	4
s7/r1do7db7k7g7do7r1~x4	4
s7/r1do7g7db7g7db7r1~x4	4
s7/r1do7g7k7t7do7r1~x4	4
s7/r1dy7db7k7g7dy7r1~x4	4
s7/r1dy7g7db7g7db7r1~x8	4
s7/r1dy7g7k7t7dy7r1~x4	4
s7/r1g14r1g1r14g1w1~x2	4
s7/r1g4w1g4y1dr8lb1~x6	4
s7/r1g8k8r1k8lb8r1~x4	4
s7/r1k1db10k1dp4k9y1~x4	4
s7/r1k1g7k5db10k1y1~x2	4
s7/r1lb5k8o18lb1k1lb1~x4	4
s7/r1n5k5db1k1db6y1~x8	4
s7/r1w1dp4w1r4k1w1~x8	4
s7/r1w1g1w1db1w1g1~x8	4
s7/r20dg29db10dg16r6dg10k19~x2	4
s7/r20g29db10g16r6g10k19~x2	4
s7/r20k14w2k14g9r3g11~x2	4
s7/r20k5dg5r5w5lr3dg3~x4	4
s7/r20k5dg5r5w5n3dg3~x4	4
s7/r20k5g5r5w5n3g3~x4	4
s7/r21g3r21g16y3w2y3~x2	4
s7/r22lb8k9g14r10lb2r10~x2	4
s7/r23k1g9r3db1lb1r1~x4	4
s7/r24w2y3g16k16w2y3	4
s7/r24w2y3g16k16w2y3~x2	4
s7/r24w3y4dg18dp18dy3lb4~x2~dg1104144-dy1703114	4
s7/r27db4k4db4k4lb6y1~x4	4
s7/r27g4k4g4k4db6lo1~x4	4
s7/r28db12r3dg20lb2dg2r7~x2	4
s7/r28g4k4g4k4lb6y1~x2	4
s7/r28k2p36k2w4k2p7~x2	4
s7/r2b1db8b8o8b1o1~x2	4
s7/r2db14k6g1w12g1w2~x4	4
s7/r2db16w1k16g30r1g2~x2	4
s7/r2db1r16db4r1g10r1~x4	4
s7/r2db36lb36w3lb36db36y2~x2	4
s7/r2db4lb18n2lb2n41w2~x2	4
s7/r2db8g8k8y1g8r2	4
s7/r2dbi11r3dbi11lb12db10w2~x2~dbi1406275-db1204274	4
s7/r2dbi11r3dbi11lb12db10w2~x2~dbi1604274-db0805267	4
s7/r2dg19g2dg2g19dg2y2~x2	4
s7/r2dr1r10dr2g10lr1g2~x4	4
s7/r2dr1r10dr2g10w1g2~x2	4
s7/r2dr1r10dr2w10db1w2~x4	4
s7/r2g16ri1r2ri12y1lb1~x2~r1706009-ri2109032	4
s7/r2g24k2g12y6k1r2~x2	4
s7/r2g4db8r9g9k2r2~x2	4
s7/r2g4db8r9g9k2r2~x4	4
s7/r2g8w1k8db8k1db1~x2	4
s7/r2g8w1k8db8k1db1~x4	4
s7/r2g8w1k8t8k1t1~x6	4
s7/r2k1db8k8g8k1lb2~x2	4
s7/r2k1db8k8g8k1lb2~x4	4
s7/r2k1db8k8g8k1w2	4
s7/r2k1db8k8g8k1y2~x2	4
s7/r2k1g15k7dy15k1y2~x2	4
s7/r2k1r2k14w1k1w1~x8	4
s7/r2k6y1dg12y1db6lb2~x4	4
s7/r2k6y1dg12y1db6lr2~x4~db1305279-lr3200000	4
s7/r2k8lo1k8g8lb8r2~x4	4
s7/r2k8y1k8g8db8r2~x2	4
s7/r2k8y1k8g8db8r2~x4	4
s7/r2k9g12db8r1db1w1~x4	4
s7/r2lb1r1lb11g16dg1w1~x2	4
s7/r2ly1t8r1g7ly1r2~x6	4
s7/r2ly2db9dy1dg9r1w1~x2	4
s7/r2n18k2n3k20dy30w2~x2	4
s7/r2t2r2t21lg11k17lb2~x2~t2503227-lb3203246	4
s7/r2t4lb18n2lb2n41w2~x2	4
s7/r2w10k15ly36w2k2w2~x2	4
s7/r2w1lb50db24g12k1y1~x2	4
s7/r2w1lb50t24g12k1ly1~x2~lb3203246-t2405244	4
s7/r2w2y27g14y2db14y2~x2	4
s7/r2w8k14dy25w2k2w2~x2	4
s7/r2w8k14o25w2k2w2~x2	4
s7/r2y18k2y3k20dy30w2~x2~y2300000	4
s7/r2y1db8r1g7y1r2~x6	4
s7/r30db12k3g12y2g3w2~x2	4
s7/r30db12k6g12y2g3w2~x2	4
s7/r30g3db5g21r3g21db2~x2	4
s7/r33k20dg12r8k2r8~x2	4
s7/r33k8do12g12r8do2r8~x2	4
s7/r33k8dy12g12r8dy2r8~x2	4
s7/r34w3dg4g23w24k3dg4~x2	4
s7/r35g52db18g17r12g17k18	4
s7/r36db9k12dg17r10k3r10~x2	4
s7/r36db9k12g17r10k3r10~x2	4
s7/r3b1r12o3dg12w1dg2~x4	4
s7/r3db12k12dg12t2dg12w3~x2	4
s7/r3db15w13dy6db2dy2r2~x2	4
s7/r3db15w13o6db2o2r2~x2	4
s7/r3db1r1db11g10r2db2~x4	4
s7/r3db20t20g2lr4lb17w3~x2~t2405244-lr2800000-lb3401240	4
s7/r3db25k6lb20y2lb2w3~x2	4
s7/r3db2ly1db50w1db2lb3~x2	4
s7/r3db6y2db15dg12b39w3~x2	4
s7/r3db6y2db15g12dg39w3~x2	4
s7/r3dg10r3dg14db16dg3dy2~x2	4
s7/r3dg20k2n11k2db20lr2~x2	4
s7/r3dg20y2dg20n20b20r3~x2	4
s7/r3dg9g15db10k2db18w3~x2~dg1806142-g1903114	4
s7/r3dp8g20k20db17k3lg3~x2	4
s7/r3dt20db20g2lr4lri17w3~x2~lr3001120-lri3001240	4
s7/r3dy26r3dy3lb2dy3r3~x2	4
s7/r3g10r3g14db16g3dy2~x2	4
s7/r3g10r3g14db16g3y2	4
s7/r3g10r3g14db16g3y2~x2	4
s7/r3g14k2b2g14k36y3~x2	4
s7/r3g16r4k6r28g1r3~x2	4
s7/r3g16r4k6r28g2lo3~x2	4
s7/r3g16w2k16db16k2db2~x2	4
s7/r3g20k2n11k2db20lr2~x2	4
s7/r3g22db16g14r2g6y1~x2	4
s7/r3g24k28g19y3g3y3~x2	4
s7/r3g2db27k19g27dp2y3~x2	4
s7/r3g3db4g17k13dt26w3~x2	4
s7/r3k11dg29k28g19ly2db1~x2~dg1806142-g2408144	4
s7/r3k11dg29k28g19y2db1~x2~dg1504144-g2408144	4
s7/r3k12g4db12r1k2r1~x4	4
s7/r3k20w2do11o21ly2o2~x2~o2204058-ly3307090	4
s7/r3k2db25k28g25k2r3~x2	4
s7/r3k2g15k10db20k2y2	4
s7/r3k2g15k10db20k2y2~x2	4
s7/r3k2g15k10db21k1y2	4
s7/r3lb2dg20k3db8g2lb2~x2~dg1806142-g2408144	4
s7/r3lb4db11r11db11o3r3~x2	4
s7/r3lb4k11r11g11do3r3~x4	4
s7/r3lb8k9g16r12n12lo3~x2	4
s7/r3ly2dp26k13y2k8w3~x2~ly3307090-y2502222	4
s7/r3ly2r18db8w1o18r2~x2	4
s7/r3n20k2n20o20lb20r3~x2~n1900000-o2500000	4
s7/r3n20y2n20o20lb20r3~x2~n1900000-o2500000	4
s7/r3n2r25o12k25w2lb2~x2~n1900000-o2500000	4
s7/r3w2db27k19w27dp2y3~x2	4
s7/r3w2dy10dg37k12db21w2~x2~dy1703114-dg1304144	4
s7/r3w2o7n25k8o15dg2~x2~o2500000-n1900000	4
s7/r3w2y7n25k8y15dg2~x2~y2400000-n1700000	4
s7/r40db8lo8r4lo1r4lr8~x4	4
s7/r46k3y6db8r6k3y46	4
s7/r48w3k3g2y6g2r6~x4	4
s7/r4db18dr4g19w25r10w4~x2	4
s7/r4db18r4g19w25r10w4~x2	4
s7/r4db36ri35dg2ri2dg8w4~x2~r2309032-ri2510029	4
s7/r4dp1r1dp12k6db16w1~x2	4
s7/r4g14k3b3g12db36w4~x2	4
s7/r4g14k3lp3g12db36w4~x2	4
s7/r4g14k3o3g12db36w4~x2	4
s7/r4g14r5k6r24g2r4~x2	4
s7/r4g16k16db4g3db12y2~x2	4
s7/r4g3dy8w3dy4g18y3~x2	4
s7/r4g3o8w3o4g18y3~x2	4
s7/r4g4lo4g12r22lo1g4~x4	4
s7/r4g5r2k6r18k2r4~x2	4
s7/r4k21w2k20db21k2db2~x2	4
s7/r4k2r24k6db6g16r3~x2	4
s7/r4k4db24k24g24k2r3~x2	4
s7/r4k4dt24k24g24k2r3~x2	4
s7/r4k8r4k8db12k1w2~x2	4
s7/r4k8r4k8r12k1y1~x2	4
s7/r4k8r4k8r12k1y2~x2	4
s7/r4k8r4k8r12k1y2~x4	4
s7/r4k9dg9db40r2db2w2~x2	4
s7/r4lb16k3db44r1w3ly2~x2	4
s7/r4lb1g6dg25k8db15lb2~x2~g1903114-dg1806142	4
s7/r4lb1g6dg25k8db15lb2~x2~g1903114-dg1806142-db1406275	4
s7/r4lb38k4lb6k41g62ly4	4
s7/r4lr1g6gi25k8db15lr2~x2~gi2004173	4
s7/r4ly3g4ly4t4ly4g4~x2	4
s7/r50db14w6db9ly3db4r4~x2	4
s7/r50db14w6db9y3db4r4~x2	4
s7/r52db16k16g22r16y3r16	4
s7/r52dr26w5dr3w2dr6r2~x2	4
s7/r58y3r6g16r12g16r6	4
s7/r5db8k5db24k24dg24y5~x2	4
s7/r5dg19w3k19db19k3db2~x2	4
s7/r5dg3y6w3y5k55w5~x2~dg1806142	4
s7/r5g20r5g20db24g6y4	4
s7/r5g3y6w3y5k55w5~x2	4
s7/r5k12y2dg25y2db12lb5~x2	4
s7/r5k16lb7dp16w1g21y5~x2	4
s7/r5k3lb22k17lb22k3y5~x2	4
s7/r5k3r9dg56db4dg2w3	4
s7/r5lb2b16k13dy13k2w3~x2	4
s7/r5lb2k30n26y2n2db4~x2	4
s7/r5o20db13dbi42db13o20lo5~db1404245-dbi1406275	4
s7/r5w36dp14r9g28r8dp2~x2	4
s7/r64k30g30t18w4t2w3	4
s7/r64k30y30db18w4db2w3	4
s7/r68db9lb10db13y1db1y2~x2	4
s7/r6b2g20k3db8dg2b4~x2	4
s7/r6db27lb2g2lb2g30w4~x2	4
s7/r6db2r2db21g20r4g4~x2	4
s7/r6g16r4db12r16lb1r2~x2	4
s7/r6g16r4db12r16w1r2~x2	4
s7/r6g1r6db1g3k3g3~x4	4
s7/r6g4do14w4do7g30lo4~x2	4
s7/r6g4dy14w4dy7g30y4~x2	4
s7/r6k3r29k23w4k7y3~x2	4
s7/r6lb2r30g12r3g12r3~x2	4
s7/r6w2r30g12r3g12r3	4
s7/r6w2r30g12r3g12r3~x2	4
s7/r6w3n6lb10r38w2n4	4
s7/r6w3n6o10r38w2n4~n1900000-o2500000	4
s7/r6w3r17db3r3db25r3~x2	4
s7/r6w3r17k3r3k25r3~x2	4
s7/r72g16k8y4db8w3k50~x2	4
s7/r75g12r3k2r2k2r36~x2	4
s7/r7k4db28k24lb24k4db4~x2	4
s7/r7k4t28k24ti24k4t4~x2~t2405244-ti2503227	4
s7/r80dr8r4dy4lb4dy45n8	4
s7/r8db3k4g6r4k1r4~x2	4
s7/r8db3k4g6r4k1r4~x4	4
s7/r8db45w1n4k11g6r4~x2	4
s7/r8dp2r24db5w26dy2w8~x2	4
s7/r8dp2r24db5w26o2w8~x2	4
s7/r8dp2r24dp5w25dy2w8~x2	4
s7/r8dp2r24dp5w25o2w8~x2	4
s7/r8k18r6k18t27k2w3~x2	4
s7/r8lb3k4g6r4k1r4~x2	4
s7/r8lb45w1n4k11g6r4~x2	4
s7/r8ly6k11ly6k11ly30r3~x2	4
s7/r8w2dr30dg12dr3dg12dr3~x2	4
s7/r8w2dr30g12dr3g12dr3~x2	4
s7/r8w4r50k12r4k15g5~x2	4
s7/r8w4r50k12r4k15o5~x2	4
s7/r8y2b7y2db24k2g1~x2	4
s7/r8y2r15g10r4g10r4~x2	4
s7/r96db16dg34g48r18k6r9	4
s7/r9k4r9k25dy3dp18k4~x2	4
s7/r9k4r9k25y3dp18k4~x2	4
s7/r9w25k7w45lb60dg4ly5	4
s7/r9w27k7w45lb60dg4lo5	4
s7/ri2r1ri10r2g10w1g2~x2~ri2008029-r1506028	4
s7/ri4db18r4g19w25ri10w4~x2~ri2008029-r1506028	4
s7/ri4db36r35g2r2g8w4~x2~ri2607041-r2109032	4
s7/ri8r2ri24r5w25dy2w8~x2~ri2109032-r1807008	4
s7/t10k3t10k14r2g14k4~x2	4
s7/t10k3t10k14r2g14r5~x2	4
s7/t11k4g4o1g4k1r1~x4	4
s7/t13g2t12k8r1dt35ly1~x2~g2408144	4
s7/t1k4r1k1ly1k4t1~x12	4
s7/t1k50r1k2n4db7w1~x2	4
s7/t24k8g8r2g8k1w2~x2	4
s7/t2db3k1db3n3g4r1~x8	4
s7/t2lb4w1lb4t6lb2t2~x4~t2004245-lb3203246	4
s7/t30db15w4dg12w9t8w3~x2	4
s7/t3db2k2db28w30db2w3~x2	4
s7/t3k1g4k1t4g9k2~x4	4
s7/t5dy28w5k20ly5t47ly4~x2	4
s7/t62db22w3db2w2db3r1~x2	4
s7/t62db22w3db2w2db3r1~x2~db1204274-w3600000	4
s7/t64k3g14k4t4k12lo4~x2	4
s7/t6db3t6db20k20db8w4~x2~t1904245-db1004274	4
s7/t6k3n10db2k2dt45lr2~x2~t2503227-db1004274-dt1102249-lr2800000	4
s7/t6k3t37y41w3y6w3~x2	4
s7/t6k8t8g12db29w3db4~x2	4
s7/t6n2t25n4w25k2w6~x2~t2405244-n1802249	4
s7/t8k25g13m5ly5dr5m8~x2	4
s7/w10k52db52dg24y10dg5r5	4
s7/w13g13lb13k10w7y1r1~x4	4
s7/w168r2w2lyi2w2ly3dg26~x2~lyi2705081-ly2503076	4
s7/w1lb4t4db3w3t20lb1~x4	4
s7/w1lb4t4db3w3t20lb1~x4~t2205244-db1406275	4
s7/w1lg11k6lg3w1lg1w1~x4	4
s7/w20dbi14dp14w4db2lb2dp7~x2~dbi1405255-db0906265	4
s7/w20dbi14t14w4db2lb2t7~x2~dbi1406275-db1404245	4
s7/w20g2w20k8r20g3r2~x2	4
s7/w24g2w8db5y4db5y4~x2	4
s7/w24k16w1k16w3k8w2~x2	4
s7/w28lb19dbi19w4db2b2dbi7~x2~dbi1604274-db0805267	4
s7/w28lb19dbi19w4db2lp2dbi7~x2~dbi1406275-db1204274	4
s7/w2db1w20db20k1db1lb2~x4	4
s7/w2db4r2db90w2db4r1~x2	4
s7/w2db4r2db90w2db4r1~x2~r2109032	4
s7/w2dp1w20dp20k1dp1lb2~x4	4
s7/w2dp5r34k5n9k12dp1~x2	4
s7/w2dy44db8dy2db2dy3r1~x2	4
s7/w2k1dr28k3r28k1w2~x2	4
s7/w2k1g16k12r12k1w2~x2	4
s7/w2k1w2r10k4r2w1~x8	4
s7/w2k1w6k6w2k1w1~x2	4
s7/w2k2r1db20k15dg30ly1~x2	4
s7/w2ly44db8ly2db2ly3r1~x2	4
s7/w2r2db16k14g15r2ly2~x2	4
s7/w30k1r7dg7r8w1r2~x4	4
s7/w30o4w3dp2r2dp24wi2~x2~w3901060-wi4000000	4
s7/w39db9k10g11r7k3r7~x2	4
s7/w3dg22b11db3b11g4b2~x2	4
s7/w3dg24r13g4ly11r8db2~x2~dg1806142-g2304202	4
s7/w3dr10k38n11dr6k2w3~x2	4
s7/w3dr3db16g32lb3k3lo2~x2	4
s7/w3dr3db16g32t3k3lo2~x2~db0906265-t2503227	4
s7/w3lb2b4lb14g2t14lo2~x4~lb3300000-t2405244	4
s7/w3r10k38n11r6k2w3~x2	4
s7/w3r1w30k20w3k9ly1~x2~w3600000	4
s7/w3r1w30k20w3k9y1	4
s7/w3r1w30k20w3k9y1~x2	4
s7/w3r2db31dg30y2dg2y1~x2	4
s7/w3r2dp31g30y2dp2y1~x2	4
s7/w3r4db13g37b3k3y2~x2	4
s7/w3r4db13g37lb3k3y2~x2	4
s7/w3t38db38w1ti3w1r2~x2~t2405244-ti2503227	4
s7/w40dp5w6ly26n13w9dy3~x2~ly3307090-dy1603076	4
s7/w4dg20g10r25b2r2g2~x2	4
s7/w4dg20g10r25lb2r2g2~x2	4
s7/w4dr2w25r21w3r8y3~x2	4
s7/w4k2w18k11db2g18ly2~x2	4
s7/w4k2w25dr21w3dr8y3~x2	4
s7/w4k2w25r21w3r8y3~x2	4
s7/w4k2w26lb23w3lb8dp3~x2	4
s7/w4k30r1k1r3w12y3~x2	4
s7/w4k4w21k12w4k12ly4	4
s7/w4r2w25ri21w3ri8y3~x2~r1506028-ri2008029	4
s7/w50gi15db10r2db10g8y3~x2~gi2304202-db1204274	4
s7/w5dp2w34dp34k2dp2lb4~x2	4
s7/w5dp3w26r20w3r8y3~x2	4
s7/w5dr3w26g20w3g8y3~x2	4
s7/w5g2w34g34k2g2y4~x2	4
s7/w5k26ly2g24db8k4r3~x2	4
s7/w5k26ly4lb24dp8k3r4~x2	4
s7/w5k26y2dg24db7k3r3~x2	4
s7/w5k26y2dg24ki7k3r3~x2~ki0604259	4
s7/w5k2w30r24w3r8db3~x2	4
s7/w5k3w26db21w3db8y3~x2	4
s7/w5k3w31dp26w4dp10lb4~x2	4
s7/w5k3y6k5w3k30y2~x2	4
s7/w5r2w34r34k2r2db4~x2	4
s7/w5r2w34r34k2r2y4~x2	4
s7/w5r3w26db21w3db8y3~x2	4
s7/w5r3w26dt21w3dt8y3~x2	4
s7/w5r3w26g20w3g8y3~x2	4
s7/w5r3w26g21w3g8y3~x2	4
s7/w5r3w35k28w4k11w2~x2	4
s7/w60r1db10r22db3ri3g1~x2~r1807008-ri2109032	4
s7/w6db2w3db2g2db20r1~x2	4
s7/w6n27dp6o40lr44w8o4~o2505023-lr3003019	4
s7/w6t3w20k2w3k25w3~x2	4
s7/w80lb1r14lb9r24w2r4~x2	4
s7/w8b5lb10o24w30b2dg2~x2	4
s7/w8dr5dp10r24w30dr2db2~x2	4
s7/w8g5dp10lb24w30g2lp2~x2	4
s7/w8g5lb10dp24w30g2lp2~x2	4
s7/w8k2n12k11w1dr6n4~x2	4
s7/w8k2w26db5lb24db2lb8~x2	4
s7/w8lp5lb10o24w30lp2dg2~x2	4
s7/w8ly3w22n22dr3r2w4~x2	4
s7/w8r4k8ki20db6ki3db5~x2~k0700000-ki0803152	4
s7/y15r7k12y12k12dy12r7~x2	4
s7/y15r7k12y12k12o12r7~x2	4
s7/y17g7y6r43k5n6k13~x2	4
s7/y17w7y6g43k5n6k13~x2	4
s7/y19k2w2k2n5k2n5~x4~y2400000-n1700000	4
s7/y1b5g1n7dp2n1w1~x4	4
s7/y1db14r28dg14r1g14y1~x2	4
s7/y1db4o1g5dr2g1w1~x2~o1905046-dr1205000	4
s7/y1db5g1n7dp2n1w1~x4	4
s7/y1k3g15k14db16r2w1~x2	4
s7/y1k4y1k4y11dr1y1~x4	4
s7/y1r12g162r1g2r12w1~x2	4
s7/y1r3g7r3g7r3y1~x4	4
s7/y23o4dy6dg6y4n1y4~x4	4
s7/y2db17r2k16g17k2g2~x2	4
s7/y2db26g9db2dbi29db1g2~x2~db1204274-dbi1406275	4
s7/y2db3w6db15r24db3w2~x2	4
s7/y2do4dg11k30r2db16w1~x2	4
s7/y2dy4r4lb21w1lb1ri1~x4~r2109032-ri2307033	4
s7/y2g12db6r3g12r4db1	4
s7/y2g12db6r3g12r4db1~x2	4
s7/y2g1k1g20w20g1w2~x4	4
s7/y2g2db8dr4db8r9lb2~x4	4
s7/y2g7k6r12k1r1y2~x4	4
s7/y2k6g33k33db33r3w2~x2	4
s7/y2r1lb16k5dp2w11dp1~x4	4
s7/y2r4db4lb35g5r12w2~x2	4
s7/y2w21db16lb8db30w8db1~x2	4
s7/y30k4lg10k4r5lg5r15~x2~y2204115-lg3104115	4
s7/y3db22k3db3k11r20y3~x2	4
s7/y3db2k2db30w30dbi2w3~x2~db1208274-k0601240-dbi1406275	4
s7/y3db38g7dp4lb5r5w3~x2	4
s7/y3g1w1gi12gii12o2g3~x2~gi2104115-gii2508144	4
s7/y3k1db20k16g20k1w3~x2	4
s7/y3k1g12r7lb25k1w3~x2	4
s7/y3k1n24db10dbi24k1w3~x2~db1004274-dbi1406275	4
s7/y3k22g4dg18g31r3g3	4
s7/y3k9w3k20w30dp3w3~x2	4
s7/y3r10g7db10r15k1w2~x2	4
s7/y3r16n5dy22g2dy4w3~x2	4
s7/y3r3lo2r20k16lb24w2~x2	4
s7/y4b22g4n24dp6n4w3~x2	4
s7/y4b3y1b17db40b2db3~x2	4
s7/y4db4lb5dbi24y2db24w4~x2~db1204274-dbi1406275	4
s7/y4g18db4dr8db8r21w1~x2	4
s7/y4g22r3k17r3db37w3~x2	4
s7/y4k2t20k10g15k2r3~x2	4
s7/y4k4lb5t24y2k24w4~x2	4
s7/y4t3y1t17db40t2db3~x2	4
s7/y5k5g17k6n24k6y3~x2	4
s7/y5n3db6dy8w5r17k2	4
s7/y6bi16lb3r3o3b3w2~x4~bi2505279-lb3200000-r2008029-o2104058	4
s7/y6dg36w5t4w30t1w2~x2	4
s7/y6dg54r9dt7r9dg14g6~dg1806142-g2408144	4
s7/y6dy14db10dy58g3dy8w2	4
s7/y6g28r4k20r3db45k5~x2	4
s7/y6g3y3g22k23dp23k4~x2	4
s7/y6k6g30k8lb18k6y3~x2	4
s7/y6k8g7r6k2r18w6~x4	4
s7/y6t16lb3r3ly3g3w2~x4~t2607245-lb3200000	4
s7/y7ly12g30db12r14ri11ly2~x2~ly3608101-ri2308029	4
s7/y8k3b2db1w6g12db2~x2	4
s7/y8k4n39k37db36k6db7	4
s7/y9dg4y22k9y9dg36r4~x2	4
s7/y9k32g6w20y3w9k5~x2	4
s70/g52k4dy6db14dy1db1dy1db1dy1db1dy1db1dy1db1dy1db1dy8k24g12k4db20k1db1k1db1k1db1k1db1k1db1k1db1k8g8db16~x2	4
s70/k10g10k1db2k1g10k10w2db2w24db2w2db2w24db2w2k10g10k1db2k1g10k10db10k2r3k2db10k10w2db2w24db2w2db2w2db2w24db2w2k10db10k2r3k2db10k10g10k1db2k1g10k10w2db2w24db2w2db2w24db2w2k10g10k1db2k1g10k10db10~x2	4
s72/r5dg10lo1ly1lo1ly1lo1ly1lo1r9lo2ly1lo1r7lo1ly1lo1ly1lo1ly1lo1ly1lo1ly1lo1ly1lo1ly1lo1ly1lo1ly1lo1ly1lo1ly1lo1ly1lo1ly1lo1ly1lo1ly1lo1ly1lo1ly1lo1ly1lo1ly1lo1ly1lo1ly1lo1ly1lo1ly1lo1ly1lo1ly1lo1ly1lo1l-h499fa911f29f75e1	4
s75/g14k4g14y4k2r8w2r8w2r8k2y2g8w2g8y2k2r8w2r8w2r8k2y2g14k4g14k4g14y2k2r8w2r8w2r8k12w1db4w1k12y4g6y2g6y4dp2r4k2r14w1db2w1r14w1db2w1r14k2r4dp2y2g8w2g8y2k2r8w2r8w2r8k2y4g8~x2	4
s76/w3t2w14t3w3k5dg12k1w3k1dg12k12t2k2t2k2t12k2t2k2t2k12dg12k1w3dg12k5w3t3w14t2w3t2w14t3w3k5dg12k1w3k1dg12k12t12k1r3k1t12k12dg12k1w3k1dg12k5w3t3w14t2w3t2w14t3w3k5dg12w3k1dg12k14t2k2t12k2t2k2~x2	4
s78/dg16lb3dg9r12dg8g7dg8r12dg12r8dg12r26dg4r12dg4r26lb3r12y33r7y33r12lb3r26k2r2k5r2k2r26k2r2k5r2k2r26dg24r7dg24r7dg24r26k2r2k5r2k2r26k2r2k5r2k2r26lb3r12y33r7y33r12lb3r26dg4r12dg4r26dg12r8dg12r12dg8g7dg8r-hf3075e5a20df78da	4
s78/r4w1k2y2dp4y2g6y2k2r2k2r2k2r2k2y4g8y4k2r8w2r8w2r8k2y2g8w2g8y2dp2r4k2r14w1db2w1r14w1db2w1r14k2r4dp2y4g6y2g6y4k12w1db4w1k12r8w2r8w2r8k2y2g14k4g14k4g14y2k2r8w2r8w2r8k2y2g8w2~x2	4
s8/b10r24b4r3b24w2r6b6~x2	4
s8/b13ly3b13g23dy16do13b23r5~x2~ly3608101-dy1103057	4
s8/b14db1b1db1b3db6g12r2~x2	4
s8/b17lb2b3db16t28db2t3lo2~x2~lb3300000-t2204245	4
s8/b1r1k2r7k7r1k2w1~x6	4
s8/b20y3b20dg36b20o16b28r8~dg1104144-o1604043	4
s8/b24dp3b3dp3b3dp7dg20r3~x2	4
s8/b26g6k8g3k8g30w3g3~x2	4
s8/b29dg2b1dg1b1dg1db8y1~x4	4
s8/b2r11lb9b11y2g13r21w2~x2	4
s8/b2w4k2w1b4k1b1g1~x4	4
s8/b33k4b4k5b4k7db41r4~x2	4
s8/b36db5g5w2r4w2dr9w22~x2~g2004144-r2308029	4
s8/b36w4b4w4b16dg64r9b6~x2	4
s8/b3t2b30t1w18lb14t2lb3~x2	4
s8/b48dg6b3dg6b6dg4b2dg10~x2	4
s8/b4o2dg15y2k14w14k2w4~x2	4
s8/b4y2b16db15g16w3g3w4~x2	4
s8/b61y3db2w2b20w2b4y4~x2~b1813263-db1204274	4
s8/b72w12b2ly2b2r12b1w9~x2	4
s8/b8do2b13r4b12lb22b5y3~x2	4
s8/b8r11b28r4k17o1k7r2~x2	4
s8/b98db32k3w6db4w4db6b4	4
s8/db10k1db1k1db2k8g10w1~x2	4
s8/db10k1db1k1db2k8g10w1~x4	4
s8/db10k1db3k1db20k25g40k3~x2	4
s8/db10k6lb1g6k1~x2	4
s8/db10lb2k2db1k6lb1k45lo2~x2	4
s8/db10n3db10r3k21g20k15r3~x2	4
s8/db10r1db1r1db1k6y9t2~x2	4
s8/db10t10db60w9db7t36w6db6	4
s8/db10y2dg2w1dg18r1k45r2~x2	4
s8/db11dg10g6db7lb2db3dp10lb2~x2	4
s8/db11lb1k3w1lg4dr5y1db5~x4~db1003265-lg2704216	4
s8/db122r11w4r15y4db6y4db30	4
s8/db12k16g14k5g14k16db12g4~x2~db1406275	4
s8/db12k1db1k1db1k3g6k1~x2	4
s8/db12k4g12ly1g12k4db8r3~x2	4
s8/db12r2db2r2db2g10w12o3~x2	4
s8/db13k4y4k4r13~x4	4
s8/db14o3db14dy6db14w4db14y3~x2	4
s8/db15dp3db30k22dg18dp3dg3w3~x2	4
s8/db15k14lb1y2lb1k14db15k2~x4	4
s8/db15k2w2k2w2k16n22y2~x4	4
s8/db15w2g2ly15r3db21r3g15~x2	4
s8/db16dg8dbi8dg8db16r3dy3g3~x2~db1204274-dg1806142-dbi1406275-g2408144	4
s8/db16dg8t8dg8db16r3do3g3~x2~dg1806142-g1903114	4
s8/db16g8dbi8g8db16r3o3b3~x2~db0805267-dbi1604274	4
s8/db16r14g16dy3g16r14db16w3~x2	4
s8/db16r14g16y3g16r14db16w3~x2	4
s8/db16w1db1w1db8g16r1db2~x2	4
s8/db17o2db2o2db2k17dbi13k4~x2~db1404245-dbi1406275	4
s8/db17w2db2r2db2do12dg16y3~x4	4
s8/db18dp2db16k13g3k2g42lo3~x2	4
s8/db18k5r26k5g25k5db18y2~x2	4
s8/db18k5r26k5g25k5db18y2~x2~db1204274	4
s8/db18n4dr4g12lb3r2w2dp10~x2	4
s8/db18n4r4g12lb3ri2w2dp10~x2~r1807033-ri2109032	4
s8/db18r18dp2g12db1~x4	4
s8/db18r1db1r1db1k7db13w2~x4	4
s8/db18w1k3w1db9w1k45db4~x2	4
s8/db18w3db3w3dr3w3k5ly12~x2	4
s8/db1lb12b6w1dy3db14t18w1~x2	4
s8/db1lb12dp6w1y3db14dbi18w1~x2~db1004274-dbi1404245	4
s8/db1lb9w3y3db9y1g1r1~x4	4
s8/db1lyi1db13ly3y3ly3r1ly1~x4~lyi2705081-ly2503076	4
s8/db1r1db10t1db1t5db1w1~x6	4
s8/db1r1db10t1db1t5db1w1~x6~db1404245	4
s8/db1r1g6db6y1db6r1g1~x2	4
s8/db1r1k2r7k7r1k2w1~x6	4
s8/db1r1y1k15y15r1db1y1~x4	4
s8/db1r2w1db30r30k1r2w1~x2	4
s8/db20dr1w3dt1w2dt8g3w1~x4~db1804259-dt1302222	4
s8/db20dy2db2dy2db2dy6g15dy2~x2	4
s8/db20k3g18r12lb4r12db15y4~x2	4
s8/db20k5db18lo26k6~x2~db1406275	4
s8/db20m1w3dt1w2dt8g3w1~x4~db1804259-dt1302222	4
s8/db20w3db3w3db3w3k5y10~x2	4
s8/db20y1w1ly3g14n4y1dp4~x2	4
s8/db21n2lr1n2db1dr2db1y6~x4	4
s8/db22ly2db1ly2db10y2g11y6~x2~ly3307090-y2400000	4
s8/db22r3db2r3db2k17dg18o4~x2	4
s8/db22r3db2r3db2k17dy18g4~x2	4
s8/db22r3db2r3db2k17g18ly4~x2	4
s8/db22r3db2r3db2k17o18dg4~x2	4
s8/db22w5k9db20n14k9n11r1~x2	4
s8/db22y2db1y2db10r2g11r6~x2	4
s8/db23w1db1w1db8g22r1db3~x4	4
s8/db23w1r3w1db12y9g40dp3~x2	4
s8/db24dg4k2y1k2dg4dr25dg15~x2	4
s8/db24r4g24r4w20r10g3w4~x2	4
s8/db25k3db7k15t25k2t2w4~x2~db1406275	4
s8/db25lo1db6t1db6lb4ti3w1~x4~db1607278-ti2404245	4
s8/db26r2t16db23t16r2w2y1~x2~db1003265-t2304245	4
s8/db26w2db3dbi15lb26dbi2lb3y4~x2~db0805267-dbi1604274	4
s8/db26w2db3dbi15lb26dbi2lb3y4~x2~db1204274-dbi1406275	4
s8/db28dg2r5dg2r5k21dg23k2~x2~db1003265	4
s8/db28dr3w1dr3db4w2dp1w5~x4	4
s8/db28ly3lb1ly3db4lb2dp1lb5~x4	4
s8/db28o3lb1o3db4lb2dp1lb5~x4	4
s8/db28o3w1o3db4w2dp1w5~x4	4
s8/db28w36lb28w36lb85r3lb3r3	4
s8/db28w36lb28w36lb85r3lb3r3~db1404245	4
s8/db28y1db2k16g24k1g2r3~x2	4
s8/db28y3w1y3db4w2r1w5~x4	4
s8/db29dbi2db1dbi1db1dbi1lb8lo1~x4~db1106275-dbi1406275	4
s8/db29t12g29w2g29t12db29t2~x2~t2405244	4
s8/db2b2db15b1w10b15db2b2~x2	4
s8/db2dr1db10w1dy4g8ly1g2~x4	4
s8/db2g1db16r1k12g16r1g2~x2	4
s8/db2g2db11n2w8lb12ly2lb2~x2	4
s8/db2g2k1g30db20r2db2r2~x2	4
s8/db2g2ly1g30db20r2db2r2~x2	4
s8/db2g4lb11dp19db1dp19o4lo2~x2	4
s8/db2lb2db15lb1w10lb15db2lb2~x2	4
s8/db2lb2db7dr8lb10db2lb2db2~x2	4
s8/db2lb2w11lb5n5w2db1lb2~x2	4
s8/db2r1db10w1dy4g8y1g2~x4	4
s8/db2r1db10w1o4g8y1g2~x4	4
s8/db2w12k8g8r2g8k1lo2~x2	4
s8/db2w12k8g8r2g8k1y2~x2	4
s8/db2w2db8b8w10db2w1db1~x2	4
s8/db30dbi2k9w3db6w4k3dbi6~x2~db1108266-dbi1605267	4
s8/db30lb2k9w3db6w4k3lb6~x2	4
s8/db30r2db2r4db9k26w2k4~x2	4
s8/db30r2db4w1o11g4y2g22~x2	4
s8/db30r3db3y3db3g30db36w5~x2	4
s8/db30t2w2t2db4ti10w25db4~x2~t2405244-ti2503227	4
s8/db31y4g68w4db31r2k6r2~x2	4
s8/db32do3db3do3db3do10g24dr3~x2	4
s8/db32k12db12g6r6g18k2y3~x2	4
s8/db32k2db4k2db8ly29w2k2	4
s8/db32r3db3r4w3r5db4r7~x2	4
s8/db32w1db1y2db1r1db4dg16~x4	4
s8/db32w4db2w4db4w2db1w6~x2	4
s8/db33w7db5r2db5w2r13db3~x2	4
s8/db34dy9ly3dy9n30r3n11r5	4
s8/db34w5db5r5db5do26g33o6~x2	4
s8/db35g10lb10k10db23ly1db3r2~x2	4
s8/db35g10lb10k10db23y1db3r2~x2	4
s8/db38r6db6r9w5r12db8r16	4
s8/db39dy3k14dy3lb14y4w2do2~x2	4
s8/db39o3k14o3lb14y4w2do2~x2	4
s8/db3dbi1g5db3r9db1r1db2~x4~db0906265-dbi1208266	4
s8/db3dbi2db14dbi1lbi10lb16dbi2lb3~x2~db1106275-dbi1406275-lbi3200000-lb3103284	4
s8/db3dg10db5y1db10k1dr4w1~x4	4
s8/db3dr2db18dr1w10n18dr2n3~x2	4
s8/db3dy7g2y2g14dy2g2db3~x2	4
s8/db3g11w11r2g7db22y2db2~x2	4
s8/db3k12db3k17db40k2db2w1~x2	4
s8/db3k13db3k22db49k2db2lb1~x2	4
s8/db3k2db8k8g8dp1g1dp3~x2	4
s8/db3k2db8k8g8dp1g1dp3~x4	4
s8/db3lb3g30db25dp4r3y2dp1~x2	4
s8/db3lb3g30db25dp4r3y2dp1~x2~dp1507327-r2108022	4
s8/db3n10db3k3w10r4n28k2~x2~db1106275-n2002249	4
s8/db3o2db18o1w10n18o2n3~x2	4
s8/db3o7g2r2g14o2g2db3~x2	4
s8/db3r2db30r1w18o30r2o3~x2	4
s8/db3r2db8k8g8k3w2g3	4
s8/db3r3db36g17y2g21w2r3~x2	4
s8/db3r3g18db16w2db26r3g3~x2	4
s8/db3r64db3r3db62r3db3r3	4
s8/db3w2k2r62db2k2y2w2~x2	4
s8/db3w3db5k6y1~x4	4
s8/db41lb2w2lb2db5b12w31db4~x2	4
s8/db42dr2y16dr2db6dr2y8lo3~x2	4
s8/db42k6lo2k3lo2g10dr7k2~x2	4
s8/db42lb2lbi2lb2db5dbi12lbi32db4~x2~db1204274-lb3103284-lbi3200000-dbi1404245	4
s8/db42lb2w2lb2db5dbi12w32db4~x2~db0805267-dbi1405255	4
s8/db42r2lb2r2db5b12lb32db4~x2	4
s8/db44k23dr3db8lg34db5lg15~x2	4
s8/db44k3ly20dr3db8k34db5k15~x2~k0700000-ly2705081	4
s8/db44ly3k20dr3db8lg34db5lg15~x2	4
s8/db45w2lb23db10g2r1dr5wi1~x2~w3904115-wi4000000	4
s8/db46ly1dy3dg13ly1dr7g3ly1~x2	4
s8/db46ly1y3dg13ly1dr7g3ly1~x2	4
s8/db48ly25dy15dr7w5db7k10w10~x2	4
s8/db4dp4k4w1k4dp4db4dbi4~x10~db1106275-dbi1306265	4
s8/db4dr11db1g8dr2g4k1lo2~x4	4
s8/db4dy3db21dy2w14ly22dy3ly4~x2	4
s8/db4g5dp3g5db46dp42w4dp4	4
s8/db4k3db12k11dg13g1dg1g3~x2~dg1806142-g2408144	4
s8/db4k3db18k18g18db1g2w4~x2	4
s8/db4k9dgi20dp2dg20k5db6w2~x2~dgi1404144-dg1002166	4
s8/db4lb50g4dp4w2y2k3w2~x2	4
s8/db4lg2db10k12dg10lr3dg2lr4~x2~lg2909145-dg1405139	4
s8/db4r11db1g8r2g4k1y2~x4	4
s8/db4r14dp6r5db12g8db70m4~r2510029-m2406332	4
s8/db4r1w1r1db4k2lb6y1~x6	4
s8/db4r1y12r2y2r12y1db4~x4	4
s8/db4w1db2w18g3w1r9y4~x4	4
s8/db4w2db1w18dg18g18y3g4~x2	4
s8/db4w8db8w10k16g4r38lo1	4
s8/db4y1r12y2r2y12r1y4~x4	4
s8/db4y1w10r28db25k10lb5k3~x4	4
s8/db50y4db3y4db8k2dbi12w5~x2~db1003265-dbi1605267	4
s8/db57k1r12db1g12r14db1r2~x2	4
s8/db5dbi3db4dbi3db4k28db8r1~x2~db1004274-dbi1406275	4
s8/db5n15dy4n4dy24n4dy4db5	4
s8/db5n15o4n4o24n4o4db5	4
s8/db5r3g2r3dg12t34g2w2~x2	4
s8/db5r3g2r3dg12t34g2w2~x2~dg1804158	4
s8/db5t43db18w4t6dr5dy25ly5~x2	4
s8/db5w30lb9k9dp9g2dp2g5~x2	4
s8/db60g10db3lb6y2db9r2w2~x2	4
s8/db60lb5w4o12g42dp12lb5dp12	4
s8/db61dr6w2dr8lo2db3lo2db15~x2	4
s8/db61r6w2r8y2db3y2db15~x2	4
s8/db61w4db2w7b2g3y2db16~x2	4
s8/db62w4k2w7dp2g3y2db16~x2	4
s8/db64k11r2k4r2k4g32y4~x2	4
s8/db65k9db21y8db21w8db35r35	4
s8/db6dbi4k37g6dbi80n4k4ly4~db1106275-dbi1406275	4
s8/db6k1g3k1db3k1g10r3~x2	4
s8/db6k3g14k3r14k3db6y1~x4	4
s8/db6k3r14k3g14k3db6y1~x4	4
s8/db6k3r14k3g14k3db6y1~x4~db1406275	4
s8/db6r1db1r2w1r2db1r3~x4	4
s8/db6r1db2r1db2k18r8g2~x2	4
s8/db6r1db2r1db2k18r8g2~x4	4
s8/db6r3g26db26w4db26r5g5~x2	4
s8/db6w1ly6dy12r2~x4	4
s8/db6w2b2w3db24r1dbi35r2~x2~db0805267-dbi1604274	4
s8/db6y1db6k3r14k3g14k3~x4	4
s8/db6y2db22g7r2w11g11db3~x2	4
s8/db73g16db10r8db10k4db10w2	4
s8/db73g16db10r8db10k4db10w2~x2	4
s8/db74k2r15k2y4k2r16db10~x2	4
s8/db7k2db2k2db2k7dp7k2~x4	4
s8/db7r3g7r1g7r3db7lb1~x2	4
s8/db7w30k13g9r6g16k2y7~x2	4
s8/db80dr1db2dr1db6dr10db1dr7~x2	4
s8/db8dr2db33dt15g12lo2g2dr2~x2	4
s8/db8lb1dbi1lb1r12y6k12w2~x4~db1404245-dbi1406275	4
s8/db8r11db28r4k17o1k7r2~x2~db1704245	4
s8/db8r1k6r1dy8r1k45dy1~x2	4
s8/db8r1k6r1ly8r1k45ly1~x2	4
s8/db8r8dg17w3r35db10dg15w3~x2	4
s8/db8w22db5w4k24r6k2r6~x2	4
s8/db8w2db11w13db30w13r11db2~x2	4
s8/db8y1g12r10ly2r6ly2r4~x4	4
s8/db9dg5w1dg15k2dg1k44r1~x2	4
s8/db9lb27db2k4db2lb10db2w3~x2	4
s8/db9lb27db2ly4db2lb10db2w3~x2	4
s8/db9t2db2y1t7db2r1t4~x4	4
s8/dbi11db11b11lg11g11dg11w3r5~x2~dbi1605267-db1108266-b1511266	4
s8/dbi11db11dbii11g11dgi11dg11w3r5~x2~dbi1106275-db1004274-dbii1406275-g2408144-dgi1806142	4
s8/dbi11db5g4w3r3k16db28lb2~x2~dbi1605267-db1404245	4
s8/dbi2k2dp1db30lb1k12dg25ly1~x2~dbi1406275-db1004274	4
s8/dbi2w2dbi43t5db4k8db2w2~x2~dbi1404245-db1204274	4
s8/dbi2w2dbi43t5db4ly8db2w2~x2~dbi1404245-db1204274	4
s8/dbi3w2db2w3dbi24r1dbii36r1~x2~dbi1404245-db1106275-dbii1406275	4
s8/dbi42lb2w2lb2dbi5k12w32db4~x2~dbi1404245-db1106275	4
s8/dbi4dg2w2dg4db10r2db12y3~x2~dbi1406275-db1204274	4
s8/dbi4dg2w2dg4db10r2db12y3~x2~dbi1604274-db0805267	4
s8/dbi8w4db6dbi2db6n10db63w3~dbi1406275-db1404245	4
s8/dbii142dbi12db24w7db5w5db5r10~dbii1406275-dbi1404245-db1106275	4
s8/dg12dgi6r1dg6dgi4dp8dy2w2~x4~dg1403171-dgi1805151	4
s8/dg13ly2dg2ly2dg4o10g2o2~x4	4
s8/dg14dp11lb3k5lb3dp11dg14w2~x2~dg1605139-dp1607327	4
s8/dg14k1dg2k1dg2k10g14r2	4
s8/dg14lb2dg2lb2dg3lb6g12r2~x2~dg1806142-g2408144	4
s8/dg14r5dg14w5k2r5k2w9~x4	4
s8/dg18db2dg5r2dg5k21ki20k5~x2~db1605267-ki0503265	4
s8/dg18dr6dg75b6dg13ly35dg12b6	4
s8/dg18g6dy3w1dy3w1lb6db6~x2	4
s8/dg18g6dy3w1dy3w1lb6db6~x2~dg1806142-g2408144	4
s8/dg1ly1~x8~dg1405139	4
s8/dg20dr8lr2dr8dg5ly8dg2ly8~x2	4
s8/dg21dy10dg20k3dg10r3dg10w3~x2	4
s8/dg23db11t22r2t22db11dg23r2~x2~db1406275	4
s8/dg24b8do2b8do2b8o15g2~x2	4
s8/dg24k4dg6r4dg6k19dt22w5~x2	4
s8/dg24k5dg6r6dg6k20t20w2~x2	4
s8/dg24o2dg3k6o1ly2o1k4~x4	4
s8/dg26r2dg3dy2dg8w20db3w4~x2	4
s8/dg28r3k28db8lb1dg8r2k3~x2	4
s8/dg28r4dp25w5r22dg27r4dp2~x2	4
s8/dg2db26dg2db2dg9dr2dg9db2~x2	4
s8/dg2db26g2db2g9dr2g9db2~x2	4
s8/dg2do13dg11y5do1b21dg2o1~x2	4
s8/dg2do8dg8o3do1w12dg2do1~x2	4
s8/dg2do8dg8r3do1w12dg2g1~x2	4
s8/dg2dy2dg15dy1w1dg15dy2dg2~x2	4
s8/dg30dt2n7r14n7r7w1dt14~x2	4
s8/dg30ly3k20dr2k3b4dr24k3~x2	4
s8/dg36db3dg3db3dg6t34dr4t4~x2	4
s8/dg36k2dg2k2dg3k12lb10r20~x2	4
s8/dg3g1dg1g8k8db8k2db3~x2	4
s8/dg3k3db2k16db2k2db24lb2~x2	4
s8/dg3k6w2k6dg2k2dg16k2~x2	4
s8/dg3lo2dg30w18ly1dt30ly2dt3~x2	4
s8/dg3ly2dg14ly1w10n14ly2n3~x2	4
s8/dg3w5dg3db6dg5db1dg12r1~x2	4
s8/dg40dy2db3r4db3dy2dg40w3~x2	4
s8/dg40k20db10k4db7dg13k4db4~x2	4
s8/dg40r3dg4r3dg12db32lo4r3~x2	4
s8/dg42g2w2g2dg5dt12w32dg4~x2~dg1806142-g2408144	4
s8/dg47y2dg5y2dg4k15db19r2~x2	4
s8/dg48lo3k6w4dg3k15lo3dg4~x2	4
s8/dg48lo3k6w4dg3k15lo3dg4~x2~dg1605139	4
s8/dg48r4dg2r4dg6r2dg3r9~x2	4
s8/dg4do10dg10ly6do1lr26dg2do1~x4	4
s8/dg4g24dp4k6dg4dr3dg4dp3~x2	4
s8/dg4lb2db18r2k4r6lb1w1~x4	4
s8/dg4r3dg24k1w7k1g24ly3~x2~dg1806142-g2106142	4
s8/dg50r5dg8w10dg8db8dg8lo21~x2	4
s8/dg50r5dg8w10dg8db8dg8y21~x2	4
s8/dg5g2dbi2db15r2lg2dg5r2~x4~dbi1406275-db1204274	4
s8/dg5g2t2db15dr2lb2dg5dr2~x4~t2105244-db0705267	4
s8/dg5g32dp5k10dg8dr3dg8dp3~x2	4
s8/dg5g32dp5k10dg8dr3dg8dp3~x2~dg1603171-g2203152	4
s8/dg5k15dg5k15dg19r2dg10b4~x2	4
s8/dg5k1r2k4r36k23w4y2~x2	4
s8/dg5ly2dp40w1db15w1db1w1~x2	4
s8/dg5r3dg3ly2dg1lyi8dg24ly2~x2~ly2705081-lyi3104101	4
s8/dg62n3dg3n31k4g5lb5r3~x2~dg1806142-g2408144	4
s8/dg62r5w1r4g5y4k4w2~x2	4
s8/dg6dp3k3dp3k3dp3dg6k2~x2~dg1605139-dp1607327	4
s8/dg6dp6y1r6dg6r6y1dp6~x4~dg1605139-r2109032	4
s8/dg8db27dg11do2dg11db27dg8dr2~x2	4
s8/dg8db5k1db17r10db2r10n2~x2	4
s8/dg8do2dg13db4dg12n22dg5ly3~x2	4
s8/dg8dr2dg2dr3dg8db12dg2dy2~x2	4
s8/dg8ly3k60dg3k3dg3k3dg4~x2	4
s8/dg8o2dg12k6dg3db6o24k4~x2~dg1806142-o2208036	4
s8/dg9w2dg9k2ly14lyi4w2r2~x4~ly2503076-lyi2705081	4
s8/dgi42g2w2g2dgi5dg12w32dgi4~x2~dgi1806142-g2408144	4
s8/do10dr3do10g14k12db12do14dr4~x2	4
s8/do10o24dr3o3dr24dg3o6do6~x2	4
s8/do10r2do10g17k12db9do9r2~x2	4
s8/do24g2do5ly14g2ly5dy17do2~x2	4
s8/do24g2do5oi14g2oi5o17do2~x2~oi2104058-o2102055	4
s8/do2b2do15b1w10o15b2o2~x2	4
s8/do2lo2do15lo1w10ly15lo2ly2~x2	4
s8/do2lr2k6do3k2o14k1o1~x4	4
s8/do2r2do15r1w10dy15r2dy2~x2	4
s8/do2r2do15r1w10o15r2o2~x2	4
s8/do3o16do2dp12dg12do2dy16lb3~x2	4
s8/do4r3do21r2w14ly22r3ly4~x2	4
s8/do4y2do13y1w13lb13y2lb4~x2	4
s8/do4y2do13y1w8lb13y2lb4~x2	4
s8/do9dy9n9r1db1dy9db1r1~x4	4
s8/do9o9b9r1db1o9db1r1~x4	4
s8/dp10lb1dg2k2dg18r1n45k1~x2	4
s8/dp11dy2dp2dy2dp2dy11g14w2~x2	4
s8/dp11lb2k10g10y3~x2	4
s8/dp11lb90ly3lb11dp7ly11dp13lb11	4
s8/dp11o2dp2o2dp2o11g14w2~x2	4
s8/dp11y2k10g10lo2~x2~dp1607327	4
s8/dp120w10k4w11k3w5k3w19	4
s8/dp13r8w5dg24w5r10w5r10~x2	4
s8/dp13r8w5g24w5r10w5r10~x2	4
s8/dp15w2k3dp30k4n3dp15w6~x2	4
s8/dp19w2g12lb3k4~x2	4
s8/dp1g1dp1g7n7dp1n1r1~x6	4
s8/dp1r4dp1r1dp12k6db16w1~x2	4
s8/dp20db9dp20r2dp20db9dp20g2~x2	4
s8/dp21lg4dy5lg4dp5k21dg21y5~x2~lg3105139-dg1804158	4
s8/dp24do2g3o2g3k11do29w2~x2	4
s8/dp24g1w1g2r24	4
s8/dp24g2lo2g2lo5g8o20dy4~x2	4
s8/dp24g2o2g2o5g8lr20dy4~x2~o2605035-lr2903322	4
s8/dp2r1dg26r18dp26y1r1dp2~x2	4
s8/dp2r9g8r4y1r4db10w2~x4	4
s8/dp30n20dg8y3dg8n20dp30y2~x2	4
s8/dp30n20dg8y3dg8n20dp30y2~x2~dp1303322	4
s8/dp3k16r3dg17ki16k26dy1dp3~x2~k0504259-ki0700000	4
s8/dp3ki16r3dg17k16ki26y1dp3~x2~ki0604259	4
s8/dp3n3dp3n27w1t15k22r3~x2	4
s8/dp42db2w2db2dp5b12w32dp4~x2	4
s8/dp42db2w2db2dp5lb12w32dp4~x2	4
s8/dp42lb2w2lb2dp5t12w32dp4~x2~dp1607327-lb3103284-t2405244	4
s8/dp42lb2w2lb2dp5t12w32dp4~x2~lb3103284-t2405244	4
s8/dp4b2lb11ly9y16n16ly2b4~x2~ly3203095-y2303095	4
s8/dp4dg4g2w3dg27g30y1r3~x2~dg1806142-g1903114	4
s8/dp4g4dg2w3g27dg30y1r3~x2	4
s8/dp57r5dp2r8n2dp3y2dp14~x2	4
s8/dp5r3dp18g8k8dpi31k2dpi4~x2~dp1005325-dpi1505337	4
s8/dp5r8p16w25r4lb4n3lp3~x2~dp1507327-r1807008-p2312307-lp3104331	4
s8/dp8n44k32lp2o53lb8n8lb4~n1900000-o2500000	4
s8/dpi10k2dg10dp30dg30dgi55k4dr8~dpi1607327-dp1105325-dgi1605139	4
s8/dpi13dg16g4dp1g4dp34y1dp1~x2~dpi1607327-dp1105325	4
s8/dpi5k1g5dp15dg15dgi28k2r4~x2~dpi1607327-g1903114-dp1105325-dgi1806142	4
s8/dr100dg4dr8dg18dr3~x2	4
s8/dr10db4dr4db4dr23n19db19n4~x2	4
s8/dr12r4dr4r4dr4db11dg12lb4~x2	4
s8/dr13b2dr2b2dr4m10lr2m2~x4	4
s8/dr14w35k4w35dr14w8dr14w8~x2	4
s8/dr17db2dr2db13dr2db2g17db2~x2	4
s8/dr20lo4dr20g35do20dy16dr28r8~dr1305012-r1606028	4
s8/dr21r3dr3r3dr3db19g22b3~x2	4
s8/dr21r3dr3r3dr3db19g22lb3~x2	4
s8/dr25g10db30w4db30g10dr25w2~x2	4
s8/dr25lb2dr3ly2dr3lb11w13ly1~x2	4
s8/dr2db11k8dg8y2g8k1y2~x2~dg1806142-g2408144	4
s8/dr2db6g15t9db30t9g6lo2~x2	4
s8/dr2dg13dr2dg13k13db30k1y2~x2	4
s8/dr2k13db4k13dg6k17dg23w1~x2	4
s8/dr2ly24dr2ly3dr2g24k8dy2~x2	4
s8/dr2n2k2n28k8n9k1ly2~x2	4
s8/dr32k2dr4k2dr2k8dr30lb3~x2	4
s8/dr32lo4dr32o23dr4o23dr4o23~x2	4
s8/dr35w3dr8y2dg11~x2	4
s8/dr35w8k85n6k4n14k2dp4	4
s8/dr3dg2dr6dg20k15dg3db18w2~x2	4
s8/dr3dg2n2dg3k6b2ly10b2~x2	4
s8/dr3dy15g4db6w2dr30db6y3~x2	4
s8/dr3g1dr1g8k8db8k2db3~x2	4
s8/dr3g2dr3g18k14w2db16g3~x2	4
s8/dr3k2dr3g12dr3w1dr1g1~x4	4
s8/dr3lb2g18lo2g18dp34dr3dp3~x2	4
s8/dr3r3lb23r3dr3r23k2r3~x2	4
s8/dr42ri2w2ri2dr5r12w32dr4~x2~ri2806019-r2109032	4
s8/dr4dg10lo1lb1dt4lb1dt25dr2~x2	4
s8/dr4g46dr10db10dy33db5dy4ly3~x2	4
s8/dr4g4k1w2k1g18k32r4~x2	4
s8/dr4w2dr1w18dr18r18ri3r4~x2~r1807033-ri2109032	4
s8/dr4wi2w8dg2w8k3wi2db4~x2~wi3600000-w3502055	4
s8/dr4wi2w8dg2w8k3wi2db4~x4~wi3600000-w3502055	4
s8/dr5lo1dr5g9do5dy4dr7r2~x4~dr1305012-r1606028	4
s8/dr5y2dr35g6dr2g6db38w4~x2	4
s8/dr62ly7g7r3w3db13w3r5~x2	4
s8/dr64k10lo4r5lb2k2db3lo4~x2	4
s8/dr64k10lo4r5lb2k2db3lo4~x2~lb3300000	4
s8/dr64k8w3k8w3b4w3dr18~x2	4
s8/dr6dg2db12k2dg12dr9k2b2~x2	4
s8/dr6w20g12y3g8lb20k2lb3~x2	4
s8/dr75db6dr6w2dr6g2dr6lo2~x2	4
s8/dr80lo2dr6dy12ly1dy1ly2t2~x2	4
s8/dr80lo2dr6dy12ly1dy1ly2t2~x2~ly2705081	4
s8/dr8g2dr12k6dr3db3g24k2~x2	4
s8/dr90k3lb10k5r2k2lb2~x2	4
s8/dr90lr1k2lb10k5r2lr2lb2~x2	4
s8/dr9db4dr4db4dr24n19db19n4~x2	4
s8/dr9g3t19k3g19dr13k3ly3~x2	4
s8/dt14o1dt1o1dt6n14w1n1~x4	4
s8/dt21dp15dt5dp15dt5dp15dt21w2~x2~dp1607327	4
s8/dt2y3dt3y3dt10y2dt18y1~x4~dt1600000	4
s8/dt30dy2dt1w1dt10w1dt2dy2~x2	4
s8/dt30lb2k6db3r3~x4~db1406275	4
s8/dt42lb2lbi2lb2dt5db12lbi32dt4~x2~lb3103284-lbi3200000	4
s8/dt4k9g20dp2dg20k5dt6lb2~x2	4
s8/dt5db4dr1db14dt14dr1dt5lo3~x2	4
s8/dt5t5dt30w4dt4t18w3dt3~x2	4
s8/dt6r3dg26dt26w2dt27r5dg5~x2	4
s8/dt8y74k8dt42y11k2y16dt4~dt1000000-y2100000	4
s8/dy12dbi2dy2dbi30db3dbi2db13w4~x2~dbi1406275-db1204274	4
s8/dy15dbi2lb8db21w2dbi21db6w7~x2~dbi1406275-db1004274	4
s8/dy1r1dy2db11g5db1g8r1~x4	4
s8/dy1r1dy2db11g5db1g8r1~x4~g2408144	4
s8/dy24g2dy5r14g2r5lo17dy2~x2	4
s8/dy28g2dy4db18g23db2g3ly4~x2	4
s8/dy2b4y3dg28b28w2b4n2~x2	4
s8/dy2db2w1dbi6w1y2db17y1~x2~db0705267-dbi1106275	4
s8/dy2db6w2db9w9db2w6r2~x4	4
s8/dy2g12k10r1t16r2t16r1~x4	4
s8/dy2g1k1g26k11db6k1g2~x2	4
s8/dy2lb14k1dg11k2r2g2k1~x4~dg1806142-g2203152	4
s8/dy2r2k2t27k6g13k1lb2~x2	4
s8/dy31do3dy3do3dy3do22g26dr4~x2	4
s8/dy31ly6lb3db36dy8g60ly7n7~x2~db1004274-n2203265	4
s8/dy31w5dy2w5dy4w3dy2w7~x2	4
s8/dy31y6n3db31dy8dg60y7t7~x2	4
s8/dy35dg19r3g8r3dg8r3db3~x2	4
s8/dy3dbi6db2ly2db11dbi2db2dy3~x2~dbi1406275-db1204274	4
s8/dy3g22dg13k15w3k16g1r3~x2	4
s8/dy3g6dg2o2dg14g2dg2dy3~x2	4
s8/dy3k48dy5w3dy3dg2g5lb3~x2~dg1806142-g2304202	4
s8/dy3k7dy2w2ly12k2ly2dy3~x2	4
s8/dy48lo9dy6lo9dy12lo4dy2lo16~x2	4
s8/dy48y9dy6y9dy12y4dy2y16~x2	4
s8/dy4g3r2g36t30k3t3k3~x2	4
s8/dy4w1db42ri1w21db4w4r4~x2~ri2806019-r1807033	4
s8/dy4w1dg12k3db16r1db1r1~x2	4
s8/dy5dbi12db4ly4db22dbi3db4dy5~dbi1406275-db1204274	4
s8/dy5dr6k5dr6dy36db3dy2k1~x2	4
s8/dy62y7g7r3w3db13w3r5~x2	4
s8/dy6dr8k4w6g16k13lb19k5~x2	4
s8/dy6o2dy12k4dp14k1dy3ly2~x2	4
s8/dy6o2dy42db2dy5w16dy5db2~x2	4
s8/dy6y3t42w4dg18y2t12r3~x2	4
s8/dy8r1dy8g8k8db8dy8r2~x2	4
s8/dy96db8dy8w3dy8g3dy8r3~x2	4
s8/dy9db4dy4db4dy24n19db19n4~x2	4
s8/dyi13ly3dyi13g23dy16do13dyi23r5~x2~dyi1604058-dy1503057	4
s8/g10db1w1db1y1db6g8r1~x8	4
s8/g10ly3w2k2g8k22g43lo4~x2	4
s8/g10r1g1r2g8db10g1ly1~x4	4
s8/g11lb3g5r3g5k22db22k5~x2	4
s8/g12db3g3db3g3k15lb20t3~x2~db1204274-t2308259	4
s8/g12k1g2dr1g2k10db10lo1~x4	4
s8/g12r11dp12b3r32dp8g8dp8~x2	4
s8/g12ri11dp12r3ri32dp8g8dp8~x2~ri2209032-r2208029	4
s8/g13dp1g1dp1g3db5k4y2~x2	4
s8/g13dp1g1dp1g3t5k4y2~x4	4
s8/g14db1g1db1g3db6dg12r2~x2~g2408144-dg1806142	4
s8/g14dp11lb3k2lb3dp11g14dy1~x2~g2203152-dp1105325	4
s8/g14dp11y3k5y3dp11g14ly2~x2~dp1607327	4
s8/g14dt11y3k5y3dt11g14ly2~x2	4
s8/g14lb14db12lr8dy3k3dy3k5~x2	4
s8/g14r2g2r3g7db12g2dr2~x2~r1606028-dr1004029	4
s8/g164r20g6r20g23r14g4r36	4
s8/g165k12g6k18r4k10g4y4	4
s8/g16db4g8k2y1k6w8r10~x2	4
s8/g16dg1lg4dg41lg1dg6y2dg2~x2~g2203152-y2505139	4
s8/g16dg1y4dg41y1dg6gi2dg2~x2~g2203152-gi2408144	4
s8/g18lb3y1r2y1r3y1r10~x4	4
s8/g18r1w2k1w2r1o6k2~x4	4
s8/g18r6g75db6g13dy35g12db6	4
s8/g18r6g75db6g13o35g12db6	4
s8/g18w3y1r2y1r3y1r10~x4	4
s8/g19w1db12b2db2b2db2b16~x2	4
s8/g19w1db12lb2db2lb2db2lb16~x2	4
s8/g19w1db12lb2db2lb2db2lb16~x2~db1004274	4
s8/g1b1k1b30k30w2b5lo1~x2	4
s8/g1lb4dy12lb3dy6lb12g1lb1~x4	4
s8/g1lr1g6db5dg6r1dg1lo1~x4	4
s8/g1lr1g6db5dg6r1dg1lo1~x4~dg1605139	4
s8/g1r9g3k3g3r1k9w1~x2	4
s8/g1w1g6db5w6r1g1lo1~x4	4
s8/g20db2w2db12dp29r1dp1k3~x2	4
s8/g21w2g21k17dg12dp6k2w1~x2	4
s8/g22r3k1g2r3lb16k3y2~x4	4
s8/g22w2g22k18dg12dp6k2w1~x2	4
s8/g24dp3g3dp3g3dp7dg20r3~x2	4
s8/g24dp3g3dp3g3dp7dg20r3~x2~g2205128-dg1303152	4
s8/g24dr2w2dr2dt8o1dr24g4~x2	4
s8/g24k4g6r4g6k19db22w5~x2	4
s8/g25w1dg2w1g6k2w2dg3~x2	4
s8/g26ri2g3dbi15db26r2db3dbi4~x2~ri2008029-dbi1604274-db0805267-r1506028	4
s8/g28db3g3k10r2k10r20y4~x2	4
s8/g28db9dg18w3dg18db9g28r3~x2	4
s8/g28k4g5b4g5k19db19y2~x2	4
s8/g28r2g2r2g8db24dy3r2~x2	4
s8/g28r2g2r2g8db24y3r2~x2	4
s8/g28r3k28db8lb1g8r2k3~x2	4
s8/g28r4dp25w5r22g27r4dp2~x2	4
s8/g29k4dg6lo4dg28ly28k1lb5~x2~g2408144-dg1806142	4
s8/g2db2g6db4g3db4g18ly2~x4	4
s8/g2dg9dr16r2t30g3dg6w1~x2	4
s8/g2do13g11lyi5do1ly21g2dy1~x2~lyi3407090-ly2503076	4
s8/g2do8g8ly3do1w12g2do1~x2	4
s8/g2dy10g11ly4dy1w18g2dy1~x2	4
s8/g2dy10g11ly4dy1w18g2dy1~x2~dy1603076-ly3307090	4
s8/g2dy10g11y4dy1w18g2dy1~x2	4
s8/g2dy2g15dy1w1g15dy2g2~x2	4
s8/g2k3y1k3g2db8g16k1~x4	4
s8/g2o10g11y4o1w18g2o1~x2	4
s8/g2o2g15o1w1g15o2g2~x2	4
s8/g30db2n7r14n7r7w1db14~x2	4
s8/g36k2g2k2g3k12lb10r20~x2	4
s8/g37w2g6db23y6db2y3db2~x2	4
s8/g38n8t3db4n12ly1g4n1~x2	4
s8/g38w2g6db24o6db2o3db2~x2	4
s8/g3db16k3dp2k45r1k2lo3~x2	4
s8/g3db16k3dp2k45r1k2lo3~x2~g2408144-db1607278-lo2907057	4
s8/g3db16k3dp2k45r1k2lr3~x2	4
s8/g3dg32g36o12k2w68dg3k2~x2~g2003152-dg1806142	4
s8/g3dp7b11db3o8w2db3b3~x2	4
s8/g3dp7lb11db3dy8w2db3lb3~x2	4
s8/g3dr12g12ly5dr1w25g2dr1~x2	4
s8/g3dyi3g4k4dy14k3g41gi2~x2~g1903114-dyi1603076-dy1503076-gi2203152	4
s8/g3k6r2k6g3k2g16k1~x4	4
s8/g3k6w1k6g2k2g16k1~x2	4
s8/g3lb2g2lb13dg3lb2dr10gi3~x2~g2203152-dg1806142-gi2408144	4
s8/g3r12dg12g5r2db30g2r2~x2	4
s8/g3r12g12o5r1w25g2r1~x2	4
s8/g3r1g18k20r1db18lb1g2~x4	4
s8/g40db2w2db2y2db23g32r2~x2	4
s8/g40dr3g4dr3g12db32lo4dr3~x2	4
s8/g40k20lb10k4lb7g13k4lb4~x2	4
s8/g40r3g4r3g12db32lo4r3~x2	4
s8/g42b2w2b2g5dg12w32g4~x2	4
s8/g42y1w2y1g5dg12w32g4~x2	4
s8/g44db11g5t3g4db8g4w1~x2~db0705267-t2405244	4
s8/g44k2g2k2g3k12db10r3~x2	4
s8/g44lr2g10lb3k6lr1r2k18~x2	4
s8/g44w2g10t3k6w1o2k18~x2	4
s8/g45k4ri2g4ri2k4db21r5~x2~ri2806019-r2109032	4
s8/g45w2r3k15r3db15r3db15~x2	4
s8/g47dr3g6db35lo3~x2	4
s8/g48r4g2r4g6r2g3r9	4
s8/g48r4g2r4g6r2g3r9~x2	4
s8/g4dr14g14ly6dr1w30g2dr1~x2	4
s8/g4dy3g21dy2w14ly22dy3ly4~x2	4
s8/g4lb2g9k4g2r6db12w2~x2	4
s8/g4ly3r2ly22lb22w2lb3k2~x2	4
s8/g4n2dg24dy10ly12r1ly12dg2~x2~g2408144-dg1806142	4
s8/g4r1g15t5r1w5g4r1~x4	4
s8/g4r3lb1k1lb3~x4	4
s8/g4r4k12w2k12g32r4k3~x2	4
s8/g4y3r2y22lb22w2lb3k2~x2	4
s8/g5k15g5k15g19r2g13lb4~x2	4
s8/g5lg5y26k4y6r5k15w4~x2	4
s8/g5ly1dr2g25k14db19w2g4~x2	4
s8/g5n9g4w5g30r2g4r2~x2	4
s8/g5o2g2o9k9lb9db30w5~x2	4
s8/g5o2g2o9k9lr9db30w5~x2~lr2800000	4
s8/g5y1r2g25k14db19w4g2~x2	4
s8/g5y2dp40w1db15w1db1w1~x2	4
s8/g5y2lb20w2k20w20k2w5~x2	4
s8/g60w3k12n5g9n6k4w10	4
s8/g6db11lb8k4lb8k27lb4r4~x2	4
s8/g6dp14t22db6ly16w1db6t6~x2	4
s8/g6dp14t22db6ly16w1db6t6~x2~g2408144	4
s8/g6dp3k3dp3k3dp3g6r2~x2~dp1607327-r2109032	4
s8/g6k16r3k16g28k4g12w3~x2	4
s8/g6k16w1k16g8k4g12r2~x2	4
s8/g6k1r1lb2r2~x4~r2109032	4
s8/g6ti22g6dy20y1g45t1w5~x2~ti2503227-t2405244	4
s8/g6y1r1lb2r2~x4	4
s8/g78db13ly6r3ly5g6db9ly6~x2	4
s8/g78db13y6r3y5g6db9y6~x2	4
s8/g7dy2g5dg37db6dr16db5b2~x2	4
s8/g7ly2g5dg37db6dr16db5t2~x2	4
s8/g82k6g3k9r2k5g2dy2~x2	4
s8/g83k6g3k9r2k5g2y2~x2	4
s8/g8k2g13b4g12db22g5y3~x2	4
s8/g8k2g13r4g12db22g5ly3~x2	4
s8/g8k2g13r4g12dp22g5y3~x2	4
s8/g8k7db12r2db12k7g8lb2~x4~db1406275	4
s8/g8k7db8r2db8k7g8k2~x2	4
s8/g8lr4db21g6r7g1r1g8~x2	4
s8/g8r11k3y2dp8g15r5w2~x2	4
s8/g91y3k28n18r12b18w2g12~n1700000-r2209032	4
s8/g92dy3k28n18r12db18w2g12	4
s8/g99db20w8db30y8db10y8g46	4
s8/g9lb2g9k2dy14ly4lb2r2~x4~dy1603076-ly3307090	4
s8/g9r2g2r2g2r8g11w2~x4	4
s8/g9t4k4t3k4t4g9k2~x4	4
s8/g9y2g9w5r9lb2r9lb2~x2	4
s8/gi3r4k1r26g14r4dp16w2~x2~gi2408144-g1903114	4
s8/k108ki4lb4w2lb4ki1db2w2~x2~ki0800000	4
s8/k108n4lb4w2lb4n1db2w2~x2	4
s8/k10dg3k6dg20ki8dr4w4dg10~x2~k0504259-ki0700000	4
s8/k10lb1k2lb1k4lb10g1lb2~x4	4
s8/k10n1k2n1k4n10k1n2~x4	4
s8/k10n1k2n1k4n10y1n2~x4	4
s8/k10n2k2n8k40r4k5ri2~x2~r2109032-ri2806019	4
s8/k10o24dr3o3dr24dg3o6k6~x2	4
s8/k10t10k15g40k15t10k10y3~x2	4
s8/k10y2g11r11w1r1w1k9~x2	4
s8/k11g3k3g3k3g9w18k3~x2	4
s8/k12db12r4db12k12db11g12y4~x2	4
s8/k12dbi1k2db1k1db4dg1k1~x4~dbi1405255-db0805267	4
s8/k12dr8ly4k8dy6dr8k22db1~x2	4
s8/k12r3k2r16k8r12k2r3~x2	4
s8/k12t3k12t18w5~x2	4
s8/k13n1k1n1k4n10y1n1~x6	4
s8/k14lo3w8lo4k6w9k31g1~x2	4
s8/k14w2k3n14lb6r14k2r3~x2	4
s8/k14y3g18r15w2r3w2dp14~x2	4
s8/k15db10k15dr7k15w5k15db10	4
s8/k15dg1k3r9dg1r3lo11k1~x4	4
s8/k16b1k1b1k1b9ly18b1~x4	4
s8/k16g16k2g16k16w2dp16k1~x2	4
s8/k16n1k1n1k8n16k1n2~x2	4
s8/k16w1k1w1k8w16k1w2~x2	4
s8/k16w6k4b64m19k8g42y6	4
s8/k17lb2k3db16t28db2t3lo2~x2~lb3300000-t2204245	4
s8/k18db12k5g4r6g12k2ly4~x2	4
s8/k198lr9k17lb13lr9k4lr13k4	4
s8/k19g10k6g10k12g6k4g14~x2	4
s8/k19r1g3k7g2k2g20w2~x2	4
s8/k1db1k1db8n8k1n1lt1~x6	4
s8/k1db24r1dy1ly1g1dbi1lp1~x7~db1204274-dbi1706275	4
s8/k1db24r1lo1y1g1dbi1dp1~x7~db0906265-dbi1208266	4
s8/k1db5k4g3k1g3k6g1~x4	4
s8/k1db5w2k30db30k1db1k1~x2	4
s8/k1g1k8n1k1n2k1n1~x8	4
s8/k1g1k8n1k1n2k1n1~x8~n1900000	4
s8/k1g4r1k4db1k1db7g1~x6	4
s8/k1g6k6g1dp2dy2db6w1~x4	4
s8/k1o3lb3n3db3n3g3k1~x4	4
s8/k1r1g1db1y1dr1k1w1~x2	4
s8/k1r1w1r15w15r1w1k1~x4	4
s8/k1r7k2r1k2do1g3y1~x4	4
s8/k1r9g2r2g4w1g4r1~x2	4
s8/k1t1k1t12g12k1g1ly1~x4~t2105244	4
s8/k1t1k1t7dy7k1dy1lt1~x6	4
s8/k1t1k1t7g8k1g1ly1~x4	4
s8/k1t1k1t7y7k1y1lb1~x6~t2503227-lb3203246	4
s8/k1w1k1w1db1~x12	4
s8/k1w1k1w1t1~x12	4
s8/k1w1y2g1k10db1r2w1~x10	4
s8/k1w8k8w1k8w4k4w1~x2	4
s8/k20db2k6db2k4db27w2db8~x2	4
s8/k20ly4r4ly20dg20w5dg2lyi2~x2~dg1804144-lyi2805128	4
s8/k20ly4r4ly20g20w5g2dg2~x2~g1903114-dg1806142	4
s8/k20r1dg3k8dg2k2dg20w2~x2	4
s8/k20w1k1w3k1r1k1w1~x4	4
s8/k20w4r4w20dg20w5dg2g2~x2~dg1705151-g2307139	4
s8/k21db3k12dr2db12k2db12w2~x2	4
s8/k21db3k12r2db12k2db12w2~x2	4
s8/k21db8r4db2r2db23k4w2~x2	4
s8/k21dp15k5dp15k5dp15k21w2~x2~dp1205314	4
s8/k21lb2k4lb4do2lb4k13g2~x4	4
s8/k21o2k8w2o16n6k2n8~x2	4
s8/k21o2k8w2o16n6k2n8~x2~n1900000	4
s8/k21r1k1y1k1r1k3w3~x6	4
s8/k22g5k2g5k11g33k2r4~x2	4
s8/k22ly4k4g4k16r36y3r6~x2	4
s8/k22w16dg2w14dg2w16k22dr3~x2~dg1806142	4
s8/k22w16lo2w14lo2w16k22db3~x2	4
s8/k22w1k12r43w1~x2	4
s8/k24n18k11n4k11n18k53ly4	4
s8/k24n18k11n4k11n18k53n4	4
s8/k24n18k11n4k11n18k53r4	4
s8/k25r25k10lb3k10r25k25r3~x2	4
s8/k28r1k2r1k8db24g2db3~x2	4
s8/k29r3db24n6k8w4n8o6~x2~db1404245-n1900000-o2500000	4
s8/k29r3db24n6k8w4n8o6~x2~n1900000-o2500000	4
s8/k2b2w11b5k5w2k1b2~x2	4
s8/k2db22g4k7b2k2w2db2~x2	4
s8/k2db22g4k7ly2k2w2db2~x2	4
s8/k2dbi6k1db7g13k11db42r2~x2~dbi1605267-db1003265	4
s8/k2g5b7r7b7lp6o5gi2~x2~g2104115-b2505279-lp3004302-gi2107139	4
s8/k2g9dr2g9k2g2k26dg2~x2	4
s8/k2lb1g16lb1k13lb18k2lb2~x2	4
s8/k2lb2k2lb15g15k2g2w2~x4	4
s8/k2lb6r3lb6r3k20n30r2~x2	4
s8/k2r2k1r18g24k1g2lo2~x2	4
s8/k2r2k2r24g31k1g2y2~x2	4
s8/k2w1k2dr6k6dr3k28w2~x2	4
s8/k2w2db8k4dg33r2dg16w2~x2	4
s8/k2w2db8k4g33r2g16w2~x2	4
s8/k2w2k8ly8db24g13k3dr1~x2	4
s8/k2w2k8y8db24g13k3dr1~x2	4
s8/k2w3dp5y4w3y4dp25y2~x2	4
s8/k30r3k2r3k2r27k30r4~x2	4
s8/k30r3k3r3k6db32dg3db3~x2	4
s8/k31w1k2w2dt3k2n4w2~x4~dt1102249-n2203265	4
s8/k32w4k2w4k4w2k1w6~x2	4
s8/k35o2k3dp13g8w4g8dp8~x2	4
s8/k36r3k3r3k9t36g3t2~x2	4
s8/k36w4k3w4k6w2k1w12~x4	4
s8/k37r4db30n7k10w5n10y7~x2~n1700000-y2400000	4
s8/k37w9k3g9w3~x2	4
s8/k38y1w7y1k4y2k3y2~x2	4
s8/k3db10ly5db16g3w16g5w3~x2	4
s8/k3db11g15dg5g10dgi14dg14ly2~x2~dg1302166-dgi1303152	4
s8/k3db3k3db22g26k2db1y3~x2	4
s8/k3dbi3g15db15dp5r3y2dp1~x2~dbi1604274-db0805267-dp1607335-r2807041	4
s8/k3dbi3g15db15o5lo3dy2o1~x2~dbi1406275-db1204274	4
s8/k3dr48g6dr6g12y3g2k3~x2	4
s8/k3dr8k3dr8lo19dr7dt36dr3~x2	4
s8/k3g2k10w11g1dy10g2dy3~x6~w3600000	4
s8/k3g2k21w11g1dy21dg2dy3~x2	4
s8/k3g34db10g5r2k8dy2w3~x2	4
s8/k3g34t10g5r2k8dy2w3~x2	4
s8/k3g3dy28ly3dy3ly28db3lyi2~x2~dy1603076-lyi3307090	4
s8/k3g3lb2g11k12db18k2lb3~x2	4
s8/k3lb11g15dgi5g10dg14dgi14lo2~x2~dgi1605139	4
s8/k3lb1k32db6k4db16k3r2~x2	4
s8/k3ni3k3ni21n21k3n3lb1~x2~ni1900000-n1700000	4
s8/k3r18w2g21b2dp7lb5w2~x2	4
s8/k3r1g32k12w1k12r1g3~x2	4
s8/k3r1k18w1ly18g1ly1w2~x4	4
s8/k3r1k30w1db28r1db1w3~x2	4
s8/k3r1k30w1o28g1o1w3~x2	4
s8/k3r1y1db11g13db5r1y1~x2	4
s8/k3r1y1lb11g13lb5r1y1~x4	4
s8/k3r2db30r1k18o30r2o3~x2	4
s8/k3r2k14lb2db6lb2db16lb3~x2	4
s8/k3r34g10r5db2k8dy2w3~x2	4
s8/k3r34g10r5t2k8dy2w3~x2	4
s8/k3r3dg4db7k3dt39db15w3~x2	4
s8/k3w1r16k1g21t9k6w1~x4	4
s8/k3w2k3g8k8db8r2db3	4
s8/k3w2k3g8k8db8r2db3~x2	4
s8/k3w7g3k16g17w1g8k1~x2	4
s8/k3y2k3dr8k8r8dg2r3~x4	4
s8/k40dg15k10o2k10lo2k10lo2~x2	4
s8/k40dt10ly1k40dt10ly2dt10ly4~x2	4
s8/k40g21w3r1y2k12db12k10~x2	4
s8/k40n15o10y3lb5w5db10lb20~n1900000-o2500000	4
s8/k42lb2r3k5r16k8y2k3~x2	4
s8/k43dy3dg1w1db1dy3db25r2~x2	4
s8/k43y3b1w1db1y3db25r2~x2	4
s8/k44r2w10r3k6r1w2k18~x2	4
s8/k45dy4k4dy9k4dy4k45r4~x2	4
s8/k45ly10g7r3w4db13w9r6~x2	4
s8/k48r4k2r4k6r2k3r9~x2	4
s8/k4db36k4db4k34b3k3w4~x2	4
s8/k4db8k4db8r2g10k1w2~x2	4
s8/k4db9y6db22g4w20g6w4	4
s8/k4dp2dr7dp60g15db60t5w3	4
s8/k4dp2r7dp60g15db60t5w3	4
s8/k4dr2lr2dr28db27dr2k2lo2~x2	4
s8/k4dr8r30k8dr6k8dr12w3~x2~dr1305012-r1807008	4
s8/k4g24db6dp3k6dp12g3dp4~x2	4
s8/k4g32k4g4k8w3k8b4~x2	4
s8/k4g32k4g4k8w3k8lb4~x2	4
s8/k4lo2k13lo1w8t13lo2t4~x2	4
s8/k4ly2k4r29w29db4w2g4~x2	4
s8/k4ly8k26o6g15o6k26w2~x2	4
s8/k4n1dp5n1k20db37n4db4~x2	4
s8/k4o8m30k8o6k8o12w3~x2	4
s8/k4r1dbi3db28dbi36k3r2n1~x2~dbi1406275-db1004274	4
s8/k4r37db37r2db37g37r37k4	4
s8/k4r37db37r2db37g37r37k4~x2	4
s8/k4r4ly2r41k4r4k12w2~x2	4
s8/k4r4y2r41k4r4k12w2~x2	4
s8/k4w1dp5w1k20db37w4db4~x2	4
s8/k4y2k13y1w8lb13y2lb4~x2	4
s8/k4y2k13y1w8ly13y2ly4~x2	4
s8/k4y2k13y1w8n13y2n4~x2	4
s8/k4y2k13y1w8o13y2o4~x2	4
s8/k4y2k4r29w29db4w2g4~x2	4
s8/k50db2k13w1k13db5g15r2~x2	4
s8/k50t2k13w1k13t5g15r2~x2	4
s8/k54lb6k6lb6n20lo40k6y3	4
s8/k59r3k6r3k8r15k2dy3~x2	4
s8/k5dy5k5dy34n33k6n5lb2	4
s8/k5dy5k5dy34n33k6n5o2~n1900000-o2500000	4
s8/k5t3dy4ly1db13dy13g29w2~x2	4
s8/k5w5k5t11k3n17k30t3~x2	4
s8/k60r3k15r3lb2r5db3r2~x2	4
s8/k62r3k3dy3k3r3k9n5~x2	4
s8/k62r3k3lo3k3r3k9n5~x2	4
s8/k62w10y10k4w18k4ly3w4	4
s8/k66w1r8k14w14k6r11w8~x2	4
s8/k66w1r8k14w14k6r11w8~x4	4
s8/k6db10k10b1k1b1k10b6~x4	4
s8/k6db10k10b1k1b1k10b6~x4~db1406275	4
s8/k6ly2k21ly2k6ly24k2ly6~x2	4
s8/k6r2k6r12w2db36y1g3~x2	4
s8/k6r4k19dg4db25r5dg3y2~x2	4
s8/k6r4k19g4db25r5g3y2~x2	4
s8/k6w11b11r13db17w10k2w4~x2	4
s8/k6w11lb11r13db17w10k2w4~x2	4
s8/k6w3k2db30r9k4g20dy3~x2	4
s8/k6w3k2db30r9k4g20dy3~x2~g2408144	4
s8/k6y2k21y2k6y24k2y6	4
s8/k6y2k21y2k6y24k2y6~x2	4
s8/k70lo5k3n4dp4n4k3lo12	4
s8/k76db11k3y6k3db13k11n76	4
s8/k7g7k1g7k7lb1dp7k1~x4	4
s8/k7r2k2ki6y1ki1y1ki4~x4~ki0604259	4
s8/k7r3k27dg27ly3dg3ly3dg3~x2	4
s8/k7r3k27g27y3g3y3g3~x2	4
s8/k83r16g56k2w5k2g56r5~x2	4
s8/k83w6k3w9r2w5k2y2~x2	4
s8/k83y2db4r2k8g5r4w3~x2	4
s8/k8db8k2db2w2k5db5r2~x5	4
s8/k8dr7ly4k8g5dr7k18lb2~x2	4
s8/k8g3k4g20dr3~x2	4
s8/k8lb3g13dp12y2~x2	4
s8/k8r1k1r1k4db11y1db2~x6	4
s8/k8y1k1db28k12g2k1lb2~x2	4
s8/k8y4k16db10r19db10w2r6~x2	4
s8/k94r3k6r3k8r15k2y3~x2	4
s8/k9dg5w1dg15ki2dg1ki44r1~x2~k0504259-ki0700000	4
s8/k9n1k2n1k4n9k1n2~x4	4
s8/ki3r3g4db7ki3k39db15w3~x2~ki0700000-k0503265	4
s8/ki4w1dg12k3db16r1db1r1~x2~ki0803038-k0700000	4
s8/lb12dbi6lb50db39b12dp6b6w4~dbi1406275-db1004274	4
s8/lb12dg2lb2dg2lb2dy8g8dy1~x2~dg1504144-g2408144	4
s8/lb12dg2lb2dg2lb2dy8g8dy1~x2~dg1806142-g2408144	4
s8/lb12g2lb2g2lb2o8b8o1~x2	4
s8/lb12g2lb4g2lb4k33g13r4~x2	4
s8/lb12g4dp4g4lb31n3db12w4~x2	4
s8/lb12k1lb1k1lb1db8w9n2~x4	4
s8/lb12k3w3k3lb13t6k17r3~x2~lb3200000-t2503227	4
s8/lb12lg12db7w1do5o5lo2ly2~x2	4
s8/lb16db3lb3n3lb3db10dr12w4~x2	4
s8/lb19r2lb3r2lb3k43r22g3~x2	4
s8/lb1n12r1db1r1db2r5lb1~x4	4
s8/lb1y1lb1y7t7lb1t1lb1~x6~lb3203246-t2503227	4
s8/lb26db13k13w2g8k5r3lb3~x2	4
s8/lb2dbi19k4dbi4k4g9db2k1~x4~dbi1404245-db1106275	4
s8/lb2dr2lb30g20lb3g7k2y1~x2	4
s8/lb2o24ly14lb25ly14lb25y20lb2~x2	4
s8/lb30db1w4n10y18~x2	4
s8/lb30lr3lb3lr3lb12n30o3n5~x2~n1900000-o2500000	4
s8/lb30r3lb3r3lb12dt30n3dt5~x2	4
s8/lb32o3lb3o3lb3o10g24dr3~x2	4
s8/lb36db5g5w2r4w2dr9w22~x2	4
s8/lb38k2w2k2lb5g10w30lb4~x2	4
s8/lb3k24lb6k8w4k8lb35k2~x2	4
s8/lb40db4lb4b5g5lb3ly6o3~x2	4
s8/lb40k3lb3k3lb3n8k24n8~x2	4
s8/lb42k2w2k2lb5b12w32lb4~x2	4
s8/lb45w4db4w2ly14db2w2db2~x4	4
s8/lb4db1lb4db24w6db4w1db2~x4	4
s8/lb4db38g6dr2g6dr36lo2dr3~x2	4
s8/lb4dg17k10db3k3db17dr3db3~x2	4
s8/lb4k13lb17ly2r2ly24lb2w2~x2	4
s8/lb4lr4lb4lr5k8g2r19ly1~x2	4
s8/lb57k5lb9r29k18w9r9w5	4
s8/lb5k1dg30dp15r8dg30r8dp2~x2	4
s8/lb5k1g30dp15r8g30r8dp2	4
s8/lb5k1r30dp15r8g30r8dp2	4
s8/lb5k1r30dp15r8g30r8dp2~x2	4
s8/lb5k1r30dr15r8g30r8dr2	4
s8/lb5k1r30dr15r8g30r8dr2~x2	4
s8/lb5k1w30dp15w8g30w8dp2~x2	4
s8/lb5y5db12g1db1r1db1w2~x2	4
s8/lb5y5db12g1db1r1db1w2~x4	4
s8/lb6k6lb6db3w1k39dy3k3~x2	4
s8/lb6k6lb6t3w1k39ly3k3~x2	4
s8/lb70db5lb3lr5lb3w5lb3k5~x2	4
s8/lb70t5lb3ri5lb3w5t3r5~x2~ri2806019-r2109032	4
s8/lb7w2dr7w4lb50w2k2r2~x2	4
s8/lb8db10dbi69w6dbi6r8t19lb3~lb3300000-db0705267-dbi1404245-t2105244	4
s8/lb8db10t69w6t6r8lbi19lb3~lb3200000-t2503227-lbi3203246	4
s8/lb8ly2lb22dg6r2w10dg12lb3~x2	4
s8/lg2dg9k16r2db30lg3dg6w1~x2~lg3304130-dg1202138	4
s8/lg4n2dg24dy10w12r1w12dg2~x2	4
s8/lg8do2lg13r4lg12t22lg5lo3~x2~lg3302138	4
s8/lo11k66n32dg11n10db6n10o4	4
s8/lo12db2lo2db30dt2db2dt13lb4~x2	4
s8/lo2lb14k1g11k2r2gi2k1~x4~g2508144-gi2604158	4
s8/lo3dy40db12lo3k2lb4k2lo3~x2	4
s8/lo3k2n15k10dt23r2dt1w2~x2	4
s8/lo3y12lo12w3y2o26lo3y1~x2	4
s8/lo49db16k2w3db2w2db3lo2~x2	4
s8/lo4k17dr1k4dr2k4dr33w3~x2	4
s8/lo4k2dy15k2g15db15k2r1~x2	4
s8/lo5db1r2db4r36db22w4y2~x2	4
s8/lo5r6k5r6lo36db3lo2k1~x2	4
s8/lo60ly15lo4ly2lo2ly2lo2ly2~x2	4
s8/lo8k50n15dg6n6db3n6lo2~x2	4
s8/lr10k3lr3k3lr3k11dy11o3~x2~o2005023	4
s8/lr24n2lr6m3lr6w6lr6w6~x2~lr3104014-m2006009	4
s8/lr2dr1r24dr16dt20db3dt3ly2~x2	4
s8/lr3lb3lr1y25lr15r5lb4dy2~x2	4
s8/lr6dr16db20dbi18lb5dbi18t6dbi4~db1404245-dbi1406275	4
s8/lr8g33k21db6k6db33r6db6	4
s8/ly15dbi2lb8db21w2dbi21db6w7~x2~dbi1406275-db1004274	4
s8/ly15k1ly2k1ly2k10g14w2~x2	4
s8/ly16r4ly4dy2db56r18dbi1db7~x2~ly3307090-dbi1106275	4
s8/ly22do2ly2do2ly2do15w17do3~x2	4
s8/ly22dy2ly2dy2ly2dy14lr16dy3~x2	4
s8/ly24dy3ly3dy3ly3dy20w22dy4~x2~dy1603076	4
s8/ly3db1k2g26db28w1db1r2~x2	4
s8/ly3db3k2db18k26r21g2lb3~x2	4
s8/ly3db8w3db34r34g4r4w2~x2	4
s8/ly3dbi24db4dbi4db20g4dp4ly2~x2~dbi1706275-db1404245	4
s8/ly3dy12do14r4do1lb26do2dy1~x2	4
s8/ly3lb7do2r2do14lb2do2ly3~x2	4
s8/ly4dg17k10db3k3db17dr3db3~x2	4
s8/ly4dp2db30k3dp8db5dp1r2~x2	4
s8/ly50k1dr12lb1g12dr14lb1dr2~x4	4
s8/ly57k1r12w1g12r14w1r2~x2	4
s8/ly5g14dy4db4dy27g3dy4ly5~x2~ly3307090-dy1603076	4
s8/ly5k2w16k5lg29k2ly2k2~x2	4
s8/ly5k9ly2k7o10r4o35k4~x2~ly3607098-o2505058	4
s8/ly6dr8k4w6g16k13lb19k5~x2	4
s8/ly6n2ly2n2ly18n13db13n2~x2	4
s8/ly78dr11g2dr6ly2dr3ly2dr43~x2	4
s8/ly7db4ly2db4ly23n19db19n4~x2	4
s8/ly83k6ly3k9r2k5ly2y2~x2	4
s8/ly8lt24db21g18y4lb3dy2lo1~x2~lt3606199-lb3300000	4
s8/ly8n5dr1n15k2ly1k36n1~x2	4
s8/n10k7lt2lb2k27t7lt2t7~x2~lt3304230-t2105244	4
s8/n11k4dr4lo4n11~x4	4
s8/n12dt2n2dt2n2dt10w12dt3~x2~n1900000-dt0900000	4
s8/n12g4dp4g4n31dt3db12w4~x2	4
s8/n15k14t1y2t1k14n15k2~x4~n1802249-t2503227	4
s8/n16k4w2k4n6b11n2b16~x2	4
s8/n16k4w2k4n6o11n2o16~x2	4
s8/n16k4w2k4n6r11n2r16~x2	4
s8/n18k3g3r2w3db36k2y6~x2	4
s8/n20db2n2db2n2o47db24w2~n1900000-o2500000	4
s8/n21k2n2k2n2k15w17k3~x2	4
s8/n22k2n2k2n2k16w16k3~x2	4
s8/n2b30y3b2n16r2g16w2~x2	4
s8/n2dy2n15dy2w10ly15dy2ly2~x2	4
s8/n2o2n15o2w10oi15o2oi2~x2~o2102055-oi2104058	4
s8/n2o3n3o3n10o2n18o1~x4~n1900000-o2500000	4
s8/n30w4dt9lb2dt1y6dt8r8~x4	4
s8/n32k3n3k3o5k8oi21k4~x2~n1900000-oi2500000	4
s8/n32k3n3k3t5k8o21k4~x2~n1900000-o2500000	4
s8/n36k18n5db7n5k7r1dg2~x2~dg1806142	4
s8/n36k18n5db7n5k7r1g2~x2	4
s8/n3r14w1k2g2k16db20n1~x2	4
s8/n3r2n30r1w18o14r2o3~x2~n1900000-o2500000	4
s8/n40db4n4dp5g5n3y6r3~x2	4
s8/n49ly3t13dy8k23t10n14r4~x2	4
s8/n4db48n21db14dy3db6n1ly3~x2~dy1603076-ly3307090	4
s8/n4db48n21db14dy3db6n1y3~x2	4
s8/n4lb4n4k4n18k3dt38w3~x2~dt1500000	4
s8/n52k10do16n1w2~x2	4
s8/n57w5g20n5lo10~x2	4
s8/n6k2n23k23w2dp24db3r6~x2	4
s8/n6w2k4dy12k4w2n6r3~x2	4
s8/n74dp9n4r5n4dp9n37db9~x2	4
s8/n83k7w6n10r7k3r20w3~x2	4
s8/n8o74lb8n42o11dp2o16n4~n1900000-o2500000	4
s8/n9db1n1db1n1db7dg7dr2~x4	4
s8/n9db1n1db1n1db7k7dr2~x4	4
s8/n9do1n1do1n1do7w7do2~x4	4
s8/n9dy9yi9r1y1dy9y1r1~x4~n1900000-yi2300000	4
s8/n9o9yi9r1y1o9y1r1~x4~n1900000-o2205070-yi2300000	4
s8/o11k66n32dg11n10db6n10r4~o2606066-r2409032	4
s8/o13dg16g4dp4g4dp34y1dp1~x2	4
s8/o16dg29n19dgi8n19dg29o16r4~x2~o2500000-n1900000-dgi1806142-r1606028	4
s8/o18dt2o2dt2o2dt14dr14ly3~x2	4
s8/o20db2o2db2ly3db12w18db3~x2	4
s8/o21db4dr5db4o5k21g21ly5~x2	4
s8/o21lyi4dy5lyi4o5k21dg21ly5~x2~lyi2803114-dg1806142	4
s8/o22do2o2do2o2do15w17do3~x2	4
s8/o24n3o3n3o3n20lb22n4~x2~o2500000-n1900000	4
s8/o28g2o4db18g23db2g3oi4~x2~o2102055-oi2104058	4
s8/o2k37dr10db3dr5dy4dr3w2~x2	4
s8/o2k37r10db3r5dy4r3w2~x2	4
s8/o2lb14k1g11k2lr2b2k1~x4~o1604043-lr3103019	4
s8/o30k4o3k4o3g20dt20y4~x2	4
s8/o31w5o2w5o4w3o2w7~x2	4
s8/o3g1lb6k1g6o4k1lo1~x4	4
s8/o3k7o2w2oi12k2oi2o3~x2~o2102055-oi2104058	4
s8/o3lb4o4k4o18k3dt36w3~x2~o2500000-dt1600000-w3600000	4
s8/o3lb4o4k4o18k3n36w3~x2~o2500000-n1900000	4
s8/o49g13lyi4o12ly10n23t13dy3~x2~lyi2705081-ly2503076	4
s8/o4r3o24k1w7k1g24y3~x2	4
s8/o4w4k3w4k4w4k4w4~x2	4
s8/o50k1dr14lb1dg14dr14lb1dr2~x4	4
s8/o56k12o7k12o7dg50db50y10	4
s8/o57r5o2r8n2o3ly2o14~x2	4
s8/o5b12dg4r4dg27b3dg4o5	4
s8/o5dbi12db4oi4db22dbi3db4o5~o2102055-dbi1604274-db0805267-oi2104058	4
s8/o5g2o2g26k9lr9lb13w5~x2~g2203152-lr2800000-lb3203246	4
s8/o5g2o2g26k9lr9lb13w5~x2~lr2800000-lb3203246	4
s8/o5k1r2k4r36k23w4y2~x2	4
s8/o5lb13do4r4do27lb3do4o5	4
s8/o8k2dy10dp30dy30g55k4lo6	4
s8/o8r1o8g8k8db8o8r2~x2	4
s8/o96db8o8w3o8g3o8r3~x2	4
s8/oi8k2g10dp30g30dg55k4o6~oi2404317-g1803114-dg1806142-o2206047	4
s8/r100db10w5db14y4dbi8y4r24~db1004274-dbi1406275	4
s8/r10g14r3db14r10g14r3db4~x2	4
s8/r10k3w1k15ly1w3k3ly1~x4	4
s8/r114db10w3db16y3k3y3r28~x2	4
s8/r114g10w3g16ly3g3ly3r28~x2	4
s8/r11db1r11db1w10o11db1o11~x2	4
s8/r11w1r32k8db6k1db16k1~x2	4
s8/r12db2w1db2r3g8r3db1	4
s8/r12db2w1db2r3g8r3db1~x2	4
s8/r12dr2w1dr2r3g8r3dr1	4
s8/r12dr2w1dr2r3g8r3dr1~x2	4
s8/r12k2w8k4n16r2k31n2	4
s8/r12t2w1t2r3g8r3t1~x4	4
s8/r15db2r1db2r3db7g13dg3~x2~g2408144-dg1806142	4
s8/r15db5k2db5r15b3r15w2~x2	4
s8/r15db8r2db8r2db8r15w2~x4~db1406275-w3600000	4
s8/r16db2n6r3k4lb2db40lb6~x2	4
s8/r17db2r2db13r2db2g17db2~x2	4
s8/r1dg1lp1lb7dg7lp1dg1lp1~x6	4
s8/r1do1r9g6lb2t3r2ly1~x4	4
s8/r1dy1r9g6lg2t3r2y1~x4~lg2803208-t2203208	4
s8/r1g16db2g10db22y4r2y1~x2	4
s8/r1k1n1k15n15k1n1r1~x4	4
s8/r1k23y3db16y3k22r1w1~x2	4
s8/r1k3lb2k28r30k1r2lb1~x2	4
s8/r1k7g7k7db7k7r1w1~x4	4
s8/r1ly1g6ly15do2ly1do6w1~x4	4
s8/r20db2r2db2ly3db12w18db3~x2~ly2705081	4
s8/r20k1ly3k1r60k30r48k4~x2	4
s8/r21ri3r3ri3r3db19g22lb3~x2~r1807008-ri2108022	4
s8/r22db3y1g12r6db3lb3w1~x2	4
s8/r24t3w1g9r12~x8	4
s8/r25k2n4k2r8k31db32k8	4
s8/r26g5dg7dr2do9lo1loi1dg4~x2~lo2706066-loi2905070	4
s8/r26k18r7k4y4~x2	4
s8/r26n4r1dp2g1n4g14lb2~x2	4
s8/r28w2k12y3r12y3r12g3~x2	4
s8/r29t12lg15r8lg15t12r29w4~x2	4
s8/r2db16k8g1dp8ly1dp2w2~x2	4
s8/r2db1g2db1g19db2r27g2~x2	4
s8/r2do1dg9gi1do2gi6g2gi1~x4~gi2205128-g2007139	4
s8/r2g12db2g8db18w3r2w2~x2	4
s8/r2g1w1k1~x20	4
s8/r2g6y1g6r3g2r16db1~x4	4
s8/r2g6y1g6r3g2r16lb1~x4	4
s8/r2k1r12k2r3k26dy14ri2~x4~r1807016-ri2610034	4
s8/r2k2w16dg13g6y2k2w2~x2	4
s8/r2k3y1k3r2db8r16k1~x4	4
s8/r2k4db23k14g16y1k4y2~x2	4
s8/r2k4r2k4db1lb1db4r1~x4	4
s8/r2k4r2k4db1w1db4r1~x4	4
s8/r2k8y1k8g13db13lo1r2~x2	4
s8/r2k8y1k8g8db8k2w2~x2	4
s8/r2lb1r8k4db1g10lr1g2~x4	4
s8/r2lb1r8k4db1g10w1g2~x4	4
s8/r2lb5k4y1k4db16k3g2~x4	4
s8/r2ri6db5lg3g13ri20do2ri2~x2~r1906038-ri2109032	4
s8/r2w1r5g5lo1g10db40y2~x2	4
s8/r2w6db2w9db9w2db6y2~x2	4
s8/r30db3r2db3r6db14b26g6	4
s8/r30db3r2db3r6db14g26dg6~g2408144-dg1806142	4
s8/r30db5r3db33g8k3db8w2~x2	4
s8/r32n5r2n5r6n2r1n7~x4	4
s8/r33g17db50g17r11g17r9k7	4
s8/r35db2w2db2r4dr10w25r3~x2	4
s8/r36db3w1db6g1k1g1r9~x2	4
s8/r36db3w1db6g1k1g1r9~x4	4
s8/r36w1db3y1g16r8db3w5	4
s8/r36w4r3w4r6w2r1w12	4
s8/r36w4r3w4r6w2r1w12~x2	4
s8/r36w4r3w4r6w2r1w12~x4	4
s8/r3db20g3k20db3g20w3g3~x2	4
s8/r3db2w2db26k22w3db3w3~x2	4
s8/r3db3r3db10g10r3g3r3~x2	4
s8/r3db4w2db33dbi32db2r4w3~db1404245-dbi1406275	4
s8/r3db4w2db33dbi32db2r4w3~x2~db1404245-dbi1406275	4
s8/r3dg2r6dg20k15dg3db18w2~x2	4
s8/r3dg6ly2db2ly11dg2ly2r3~x2	4
s8/r3dr14g8r2g2w2g2r1~x2	4
s8/r3dy16g10r3g3lb2g3r3~x2	4
s8/r3g19dy3g19r3g3r21lb3~x2	4
s8/r3g1k1g12t12k1t1k1~x4	4
s8/r3g6db2dbi2db11g9db2r3~x2~db1204274-dbi1406275	4
s8/r3g9w1g9r3g6r18k2~x2	4
s8/r3k2db25k28g25k2r1db2~x2	4
s8/r3k2r23b3r3w23r3b3~x2	4
s8/r3k8g17y2g17k8db8k2~x2	4
s8/r3lb25db6dbi3r2t5dbi18w3~x2~db1004274-dbi1106275	4
s8/r3lo15g4db6w2r30db6ly3~x2	4
s8/r3ly8r3ly20dy20ly3dy8ly3~x2	4
s8/r3o14g8r2g2w2g2r1~x2	4
s8/r3ri3w23ri3r3ri23k2ri3~x2~r2109013-ri2209032	4
s8/r3w30b10k3dp15g2dp3g1~x2	4
s8/r3w6r2dg32db36k2db4lo2~x2	4
s8/r3w6r2dg32db36k2db4y2~x2	4
s8/r3w6r2g32db36k2db4y2~x2	4
s8/r40g16ly2k8y4w1db5w2~x2~ly3307090-y2602166	4
s8/r40g16y2k8lb4w1db5w2~x2	4
s8/r40w40k5w2k6w2k5w6~x2~r2109032-w3602028	4
s8/r42b2w2b2r5ri12w32r4~x2~r1707016-ri2008029	4
s8/r42db4y1db6g1db1g1r12~x2	4
s8/r42dp4ly1dp6g1dp1g1r12~x2	4
s8/r42k4w1k6y1db1y1r12~x2	4
s8/r44db2g26r3db2	4
s8/r45k2r2k28w16r4k4lo2	4
s8/r48db3ly2dg14r8db3lb4w3~x2	4
s8/r48db3y1g14r8db3lb4w1	4
s8/r48db3y1g14r8db3lb4w1~x2	4
s8/r48db3y1g14r8db3w4do1	4
s8/r48w4db4k4r12db4r1y4	4
s8/r48w4db4k4r12db4r1y4~x2	4
s8/r4dg3k2dg38db30k3db3k3~x2	4
s8/r4dg4k2dg29db21k3db3y3~x2	4
s8/r4dg4r1db4r4~x12~dg1605139	4
s8/r4dy2lb15y2k14w14k2w4~x2	4
s8/r4g14ly3g14r4g3r29y4~x2	4
s8/r4g16w2k15db15k2db2dy2~x2	4
s8/r4g16w2k15db15k2db2y2~x2	4
s8/r4g16w2k15db15k2db2y2~x2~db1406275	4
s8/r4k2g36k2t18y3t18k2~x2	4
s8/r4k6y1k6r4db16r32db1~x2	4
s8/r4k6y1k6r4db16r32k1~x2	4
s8/r4ly3dt24dy26g3ly21dp2ly4~x2	4
s8/r4n10k9dg2k9db33ki7g4~x2~ki0604259	4
s8/r4n10k9o2k9dbi33db7g4~x2~dbi1406275-db1404245	4
s8/r4w19dg2w8dg2w8k38w4~x2	4
s8/r4w2r1w18dp18lp18g3lp4~x2	4
s8/r4w2r1w18dp18o18g3o4~x2	4
s8/r50y8k2w2k2y8k22r3~x2	4
s8/r51lr2k11ly3r11ly3r11g3~x2	4
s8/r51n2r6k10r2k4n3k3~x2	4
s8/r51n2r6k10r2k4n3k3~x2~r2310029	4
s8/r54dp6r5dp6r10dp3r2dp18~x2	4
s8/r54g6r5g6r10g3r2g18~x2	4
s8/r55w20r8w2r8w2r8w2~x2	4
s8/r56w2db6w2g32r11db6w5	4
s8/r56w2k12y3r12y3r12g3~x2	4
s8/r5db20r3db20w6db3lb2db1~x2	4
s8/r5db3r3db29k29g29w4r4~x2	4
s8/r5db6r1db6r1db6r5w5~x4	4
s8/r5dg12o4db4o22dg3o4r5	4
s8/r5dp5r1g5r5~x8~dp1607327	4
s8/r5dt12g3db4g20dt3g3r5~x4	4
s8/r5g12db4dbi4db22g18db4r5~db0805267-dbi1604274	4
s8/r5g20r25db1r25db20r5db1~x4	4
s8/r5g2r2g35lo20r2lo20r2	4
s8/r5k2db19g4k19g28k2y5~x2	4
s8/r5k2dg1k2r5k2dg18ly3~x2	4
s8/r5lb1db10w2k10g10k1y3~x4	4
s8/r5lb2b14w2k13y13k2ly3~x2~y2405105-ly3307090	4
s8/r5lb2dp14w2k13ly13k2y3~x2	4
s8/r5lb2o14w2k13dy13k2y3~x2	4
s8/r5w2db20y2k16w18k2w5~x2	4
s8/r5w2lb20dy2k16w18k2w5~x2	4
s8/r5w2o20dy2k16w18k2w5~x2~r2109032-o2500000	4
s8/r5w4dbi6db2g43db2dbi4r3~x2~dbi1406275-db1204274	4
s8/r5w4lg6db2g43db2lg4r3~x2~lg2704216-db1108266	4
s8/r60db5r5w2r5g2r5y2~x2	4
s8/r60db8w3db10y3lb4y3r19~x2	4
s8/r65w1r6k8g8r6k3r11~x2	4
s8/r65w2r3dr4g11r3g3r11~x2	4
s8/r68db26r5y3r5g3r13n3~x2	4
s8/r68db27r5y3r5g3r13lb3~x2	4
s8/r6db2dp21w3dg19w26dg3w5~x2	4
s8/r6db3r3db32k30g30y3r3~x2	4
s8/r6g14r6db11r31lb2r4y3~x2	4
s8/r6g14r6db12r31lb2r4ly3~x2	4
s8/r6k1w4k4n15r1k35o2~x2~n1900000-o2500000	4
s8/r6k55db8g6db10g6db6g4~x2	4
s8/r6lb3dp20y2k20w20k2w5~x2	4
s8/r6lb3dp24y2k23w23k2w6~x2	4
s8/r6t22r6g20y2r45t2w5~x2	4
s8/r6y15do4db12g12dy4r25w5~x2	4
s8/r70k2y1dg18r10k4lb4w1~x2	4
s8/r70t1r2g12k2g1k10w1~x2	4
s8/r72g3y2g26r14db6lb6w2	4
s8/r72k6lb2k11y2db2y2r18~x2	4
s8/r74w27r13lb7r13w13r74k7	4
s8/r75db6r6w2r6g2r6ri2~x2~r1506019-ri2109032	4
s8/r7db2k2y1k2r2k1w1~x2	4
s8/r7g3r2g33k31db31k3db3	4
s8/r8dg3r4dg44w4~x2	4
s8/r8ly44k32w2n52k7n7w3	4
s8/r92db10r8w3r8g4r8lo3~x2	4
s8/r92db10r8w3r8g4r8ri4~x2~r1506019-ri2109032	4
s8/r9db8r8g52w2k32db44t4	4
s8/r9w5lb57k5lb9r29k18w9	4
s8/r9y2r45y20ly3~x2~r1706009	4
s8/ri22w2db11y4db11r6db2w10~x2~ri2806019-r2109032	4
s8/ri26g5dg7r2do9lr1lo1dg4~x2~ri2109032-r1807033	4
s8/ri64k10y4r5w2k2db3y4~x2~ri2008029-r1707016	4
s8/ri64k10y4r5w2k2db3y4~x2~ri2109032-r1807008	4
s8/ri65w2ri3r4dg11ri3dg3ri11~ri2008029-r1506028	4
s8/ri8r12k6r33k72n6k8w6~ri2108022-r1707008	4
s8/t10lb2k2t1k6lb1k45lo2~x2	4
s8/t11db5g4w3r3k16db28t2~x2	4
s8/t130k9t21ly8t21w8t35r70	4
s8/t142db12b24w7b5w5b5r10~t2605232-db1108266-b1511266	4
s8/t15db65y7t4y3db30t15w3~x2	4
s8/t16r4t4dy2db56r18lb1db7~x2~t2405244-lb3200000	4
s8/t18r1t1r1t1k7t13w2~x4	4
s8/t18w1k3w1t9w1k45t4~x2	4
s8/t20dr1w3db1w2db8g3w1~x4	4
s8/t27db9lb3dg6db33lb3dr3y2~x2~t2503227-db1406275-lb3103284	4
s8/t27db9lb3dg6db33lb3dr3y2~x2~t2503227-lb3103284	4
s8/t32g5lb8db4dp5w5k5ly8~x2~t2205244-db1208266	4
s8/t32k12t12g6r6g18k2y3~x2	4
s8/t36db6t5r3k2r3t5db18~x2	4
s8/t36r2t4w1dy14g4y2g18~x2	4
s8/t46dp3r3dp3r4dp12w3k3~x2	4
s8/t4r1k11r20k20r20g4ly1~x2	4
s8/t5k1g3k1t3k1g10r3~x2	4
s8/t70y4t3y4t7k2t2r7~x2	4
s8/t8r1k1r1k1~x8	4
s8/t9w2dg30o6dr2o2dr2o6~x2	4
s8/w10db2w1db35dg10dy3dg10r4~x2	4
s8/w10db2w1db35g10ly3g10r4~x2	4
s8/w10r47b2r2b2r18db3w4~x2~b1511266-db1108266	4
s8/w10r47dbi2r2dbi2r18db3w4~x2~dbi1406275-db1204274	4
s8/w12db2w12o17w12db2w5r2~x4	4
s8/w12dg2w12r17w12dg2w5p2~x4	4
s8/w12lb2w12db17w12lb2w5r2~x4	4
s8/w12lb2w12r17w12lb2w5dp2~x4	4
s8/w12lo12w12k5lo45k5lb5lo10~x2	4
s8/w12r2w12g17w12r2w5b2~x4	4
s8/w13k3w3k3w3k15dy18r3~x2	4
s8/w13k3w3k3w3k15ly18r3~x2	4
s8/w13r3w2k5w2r3w13db8~x2	4
s8/w16db4k12dg4w6lo4w11y7~x2	4
s8/w16db4k12g4w6b4w11y7~x2	4
s8/w16db4k12g4w6lo4w11y7~x2	4
s8/w18db4w18r30w18db4w9dp4	4
s8/w18lb22db15y6g10dp5g6r5~x2	4
s8/w1dp3g6k1db12ly1db2ly1~x4	4
s8/w1lo1k1lo12k12lo1k1lo1~x4	4
s8/w20k2w20lo5k3w3lo4k2	4
s8/w20k2w20y5k3w3y4k2	4
s8/w23k4w4k4w4k22o23ly5~x2	4
s8/w23k4w4k4w4k22o23ly5~x2~o2005046	4
s8/w24lo8do2lo8do2lo8dy15g2~x2	4
s8/w24t5w24db36w28t6w12r6	4
s8/w26k8w3k5db3r5n3k4~x2	4
s8/w2db40g22y3g2r3g2w2~x2	4
s8/w2dbi19k4dbi4k4g9db2k1~x4~dbi1705244-db1106275	4
s8/w2dr3dg9dr3db2dr3db3w1~x6	4
s8/w2dr3dg9dr3db2dr3db3w1~x6~w3600000	4
s8/w2dr3lyi4dr5db3dr10k38ly2~x2~lyi3407090-ly2705081	4
s8/w2g4k7w2k1w11db2w2~x4	4
s8/w2g5lb10g20ri1dy2r2dy1~x2~ri2109032-r1807033	4
s8/w2n30ly10w1ly10n1g10n1~x4	4
s8/w2r7g7k7r2g2k2w1~x5	4
s8/w3db1w30db1dp28w1dp1w3~x2	4
s8/w3dp2ly2dp38db28o2db2r2~x2	4
s8/w3dr11db4dr6dg48o2dg3o2~x2	4
s8/w3dr3k4w2dr18k1dr2k2~x4	4
s8/w3dt9y1lb3dp9lb1dt40dp2~x2	4
s8/w3dy1r29dy16g23db3g3ly2~x2	4
s8/w3dy1r29dy16g23db3g3y2~x2	4
s8/w3k1r4g20k3t30w4r2~x2	4
s8/w3k3w3k37r40w1r2lo3~x2	4
s8/w3k48ly5w3ly3g2db5lb3~x2	4
s8/w3k9y1lb3dp9lb1k40dp2~x2	4
s8/w3lb3k3lb21g49lb21k3lb3~x2~g2203152	4
s8/w3lb4db3y1g2lp1g1r1~x12	4
s8/w3n36b6dg6b6dg12b32w3	4
s8/w3o1r29o16g23db3g3y2~x2	4
s8/w4db19r4dp2r4dp23y4dp2~x2	4
s8/w4db32w12k5r9y8r4w4~x2	4
s8/w4db38g6dr2g6dr36y2dr3~x2	4
s8/w4db38g6dr2g6dr38ly2dr3~x2	4
s8/w4g10lb24g42r3dy4dr4y2	4
s8/w4g10lb24g42ri3y4r4ly2~ri2008029-y2405105-r1506028-ly3307090	4
s8/w4k1g18k17db13r1db3r1~x2	4
s8/w4k1w4g6k4w5r1lb2~x2	4
s8/w4k2lb18g18k18wi3k18r3~x2~w3600000-wi3703114	4
s8/w4lb1ly2lb22b20w2b4w2~x2	4
s8/w4lb1y2lb22db20w2db4w2~x2	4
s8/w4lb30g6dr2g6dr28y2dr3~x2	4
s8/w4lb32w12k5r9lo8r4w4~x2	4
s8/w4n15db8k4db28k2db4w2	4
s8/w50k1r12w1g12r13w1r2~x2	4
s8/w50k1r14w1dg14r14w1r2~x4~w4000000	4
s8/w57k1r12w1g12r14w1r2~x2	4
s8/w5db6r18k8lb5k4db27w3~x2	4
s8/w5g1w1g33y3r24g3r4~x2	4
s8/w5g4b1g4r4b1dg4y1~x2~g2104115-dg1304144	4
s8/w5g4lb1g4r4lb1dg4dy1~x6	4
s8/w5k1r30db15r8g30r8db2	4
s8/w5k20w10k1r2~x2	4
s8/w5n49w3dg24dr5ly4dy30w4~x2	4
s8/w5t32n5g6n5dr16n39ly5~x2	4
s8/w60lr15w3lr3w3lr3w5lr15~x2~lr3203019	4
s8/w60r15w3r3w3r3w5r15~x2	4
s8/w6g5k6g42db42k5db5k5	4
s8/w6g5r5g45k4ly24k4g5~x2	4
s8/w6g5r5g45k4o24k4g5~x2	4
s8/w6k2w2k31r41k2r2k4~x2	4
s8/w6ri8g24ri8db6r8db8w3~x2~ri2008029-r2008022	4
s8/w6y3db3y2db3y4db48y4	4
s8/w75dy1r18g9dy1r27w2r5~x2	4
s8/w75o1r18g9o1r27w2r5~x2	4
s8/w80k2r19w2dg19r22w2r4~x2	4
s8/w83k6w3k9r2k5w2y2~x2	4
s8/w8b2k6dg2w3o2w6ly4~x4	4
s8/w8db4y2db36lb48db2lb4r5~x2	4
s8/w8db5dbi30lb4db13lb13g5dy5~x2~db1004274-dbi1406275	4
s8/w8db5dbi30lb4db13lb13g5ly5~x2~db1004274-dbi1406275	4
s8/w8k4w54db18r6db8r49w6	4
s8/w8k6w54db16m6db8m49w6	4
s8/w8lb30w60lb15lo2lb2lo2lb5~x2	4
s8/w9db3y3db24dbi24y2dbi2y2~x2~db1106275-dbi1404245	4
s8/w9dg2g2w3g18k2dg33lo2~x2	4
s8/w9t3y3t24db24y2db2y2~x2	4
s8/y10lo5y54lo2w32ly54t4ly10	4
s8/y10lo5y54lo2w32ly54t4ly10~ly2503076	4
s8/y12dbi2y2dbi30db3dbi2db13w4~x2~dbi1604274-db0805267	4
s8/y12dg2y2dg2y2dy8g8dy1~x2	4
s8/y1db1k1db30k30w2db5ly1~x2~y2505139-ly3708101	4
s8/y1db2y1db12k1g6dp3w1~x4	4
s8/y1g1r1g6k6g6w1g1~x4	4
s8/y1k6g32k12dr12dp9db6w1~x2	4
s8/y1k6g32k12r12b9k6w1~x2	4
s8/y1ly4k1r1k1g4w1g1~x8~ly2704144-g2304202	4
s8/y20w2y20k4w3y3k3w2	4
s8/y2b1r2b26o11dg6k1w2~x2	4
s8/y2dr6g1dg2g12lb1g1lb2~x4	4
s8/y2k2dbi14db4k5r2y5r1~x4~dbi1208266-db1204274	4
s8/y2k2dbi14db4k5r2y5r1~x4~dbi1406275-db1204274	4
s8/y2k4y1dg16k14db23k4r1~x2	4
s8/y2ly1r2ly26dy11g6k1w2~x2	4
s8/y2ly1r2ly26dy11g6k1w2~x2~ly3307090-dy1603076	4
s8/y2r6g1ri2g12lb1g1lb2~x2~r1707016-ri2008029	4
s8/y2r6g1ri2g12lb1g1lb2~x2~r1707016-ri2209032	4
s8/y2r6g1ri2g12lb1g1lb2~x2~r1807008-ri2109032	4
s8/y2w1r2w26dy11g6k1w2~x2	4
s8/y32db3r4db3r8db32w3db4~x2	4
s8/y35db3r4db3r8db30w3db4~x2	4
s8/y3db1k2g26db28w1db1r2~x2	4
s8/y3db34dg5w2dg2w10db4lo3~x2	4
s8/y3db34dg5w2dg2w10db4lr3~x2	4
s8/y3db3k2db18k26r21g2lb3~x2	4
s8/y3db8w3db34r34dg4r4w2~x2	4
s8/y3g14k9r2k9db18k3w1~x2	4
s8/y3g2k1g30db24k2db2k2	4
s8/y3g2k1g30db24k2db2k2~x2	4
s8/y3g2k1g30t24k2t2k2~x2	4
s8/y3g9db9k1y2k15r37g2~x2	4
s8/y3k12db1g5db12r1k2r1~x4	4
s8/y3r2w1r40k36w3k3w3~x2	4
s8/y3r4k1r27g14r4db15w2~x2	4
s8/y42db2w2db2y5lo12w32r4~x2	4
s8/y4db24lb5g2db3k5lb33r2~x2	4
s8/y4db48y4db3y2db3y3w4	4
s8/y4k1r30k15r24k2r4k1~x4	4
s8/y4r4k2r10g30y2g3r2~x2	4
s8/y50k1dr12lb1g12dr14lb1dr2~x4	4
s8/y52db6lb3db2lb2db2lb16dr3~x2	4
s8/y5db2k2db12k16r20k2r4~x2	4
s8/y5dg14dy4db4dy27dg3dy4y5	4
s8/y5dg14o4db4o27dg3o4y5~x2	4
s8/y5g3y3g53dr7db5dr13w4~x2	4
s8/y5k2w16k5lb29k2y5k2~x2	4
s8/y5k9y2k7ly35r4ly35k4~x2	4
s8/y622r21g2dg6g41lb2g2lb6	4
s8/y6p2y24p6y2p21y2p6~x2	4
s8/y6r21b2dg6b41lb2b2lb6	4
s8/y6r21g2dg6g41lb2g2lb6	4
s8/y8db4lb23w3db22w25db3w6~x2	4
s8/y8g4db16g4k14y14db4t3~x2	4
s8/y8k2r23k1r17k1g4w3~x2	4
s8/y8r2y8g1r6y3g4y2~x4	4
s8/y8t24db21g18lo4lb3dy2lr1~x2~t2405244-lb3200000	4
s80/db3k2db10y6k2r4w2r4w2r4k2y2db4w2db4y2k2r4w2r4w2r4k2y2db10k2db10k2db10y2k2r4w2r4w2r4k10w1lb2w1k10y6db4y2db4y6lb2r2k2r10w1lb1w1r10w1lb1w1r10k2r2lb2y2db4w2db4y2k4r4w2r4w2r4k4y6db4y6k2r2k2r2~x2	4
s80/dg16g1dg1g1dg1g1dg1g1dg1g8o16dp32o16g8dg1g1dg1g1dg1g1dg1g1dg16t1dg1t1dg1t1dg1t1dg1t1dg1t1dg1t1dg1t1dg1t16lb32t16dg1t1dg1t1dg1t1dg1t1dg1t1dg1t1dg1t1dg1t1dg1t1dg1t1dg1t1dg1t1dg1t1dg1t1dg1t16lb32t16dg1t1-h6ddc73a164bb2d01	4
s81/dy10ly4k2ly2k2ly2k2ly4r1ly2r1ly4k4ly3r7ly3r7ly1k1ly1r7ly1k1ly1r7ly1k1ly1r7ly3r7ly3k4ly4k2ly2k2ly4k4ly6k2ly6k2ly6k2ly6k2ly6k2ly6k10ly4dy1w2dy1ly2dy1w2dy1ly4k6ly1w2ly1k6ly4dy1w2dy1ly2dy1w2dy1ly4k10ly6k2-h6b3483cbf9b8570e	4
s81/g14k4g14y4k2r8w2r8w2r8k2y2g8w2g8y2k2r8w2r8w2r8k2y2g14k4g14k4g14y2k2r8w2r8w2r8k12w1db4w1k12y4g6y2g6y4dp2r4k2r14w1db2w1r14w1db2w1r14k2r4dp2y2g8w2g8y2k2r8w2r8w2r8k2y4g8y4k2r8w2r8w2~x2	4
s81/g2dg2g2dg1lb1y1lb1y1lb1dg18r6o5r9y2r3o9r8lb4y3n2y1r16dg18lb1y1lb1y1lb1dg1g2dg2g2dg2g2dg1lb1y1lb1y1lb1dg1g2dg2g2dg2g2dg1lb1y1lb1y1lb1dg18r16y1n2y3lb4r8o9r3y2r9o5r6dg18lb1y1lb1y1lb1dg1g2dg2g2dg2g2dg1lb1-hd274d753e4425850	4
s81/n6lr3lo3r3n1r3lo3lr3n7lr3lb3lr1lb3lr24k4lr24lb3lr1lb3lr3n7lr3lo3r3n1r3lo3lr3n7lr3lo3r3n1r3lo3lr3n7lr3lb3lr1lb3lr24lo4lr24lb3lr1lb3lr3n7lr3lo3r3n1r3lo3lr3n7lr3lo3r3n1r3lo3lr3n7lr3lb3lr1lb3lr24k4lr24lb3-h378a4ed8be4b82af	4
s81/r11w1ri4w1r11ri2w1y2dp6w1dp6y2w2dg6g2ly2w1ly2g2dg6w2ri2r11w1ri4w1r11ri2w2dg6g2ly2w1ly2g2dg6w2y2dp6w1dp6y2w1ri2r11w1ri4w1r11ri2w2y2dp6w1dp6y2w2dg10g4w2g4dg10w2g4ly4w1dp5w1ly4g4w2dp11y4w2y4dp11w2ri2r11w-he7d7900006fe9af8	4
s81/ri14w3ri4w3ri14w2r4db2w2db2r4w2dbi3dg2w2dg2dbi3w2ri10w3ri10w2dbi3dg2w2dg2dbi3w2r4db2w2db2r4w2ri14w3ri4w3ri14w2r4db2w2db2r4w2dbi11dg4w2dg4dbi11w2dg4w2r4w2dg4w2r9db4w2db4r9w2ri11w2ri11w2r9db4w2db4r9w2dg-h54630e7daf3d593c	4
s82/db10lb3w1ri6r12w1r12ri6w1lb3db10r6w1dg10y6w1lb2w1lb2w1y6dg10w1lb3db10lb3w1ri5r6w1r6ri5w1lb3db10lb3w1dg10y6w1lb2w1lb2w1y6dg10w1r6db10lb3w1ri6r12w1r12ri6w1lb3db10r6ri5w1dg10y6w1lb2w1lb2w1y6dg10w1lb3db10-h375b155ff366c7e7	4
s82/db3y3g5w3g5y3k5r5w3r5k3y8g5y8k3r3k3r3k3r3k3y8g5y8k3r5w3r5k5y3g5w3g5y3db3r3k3r13w1db1w1r13w1db1w1r13k3r3db3y8g5y3g5y8k13w1db3w1k13r5w3r5w3r5k3y3g13k3g13k3g13y3k3r5w3r5w3r5k3y3g5w3~x2	4
s82/g4w1ri6r3w1r3ri6w1lb10w2dp3ri8r3w2r3ri8dp3w2k12g4k12w2dp3ri8r3w2r3ri8dp3w2dp6lb4w2lb4dp6w2k16g4w2g4k16w2dp6lb4w2lb4dp6w2dp3ri8r3w2r3ri8dp3w2k12g4k12w2dp3ri8r3w2r3ri8dp3w2lb10w1ri6r3w1r3ri6w1g4k16w2ri2-h9a2519dbca078ee2	4
s82/r2k2r16dp6w1dp2b2w1b2dp2w1g10lg3w1dp3b2w1r3w1b2dp4w1lg3g10w1dp2b2w1b2dp2w1dp24w1dp7w1dp7w1dp24w1dp2b2w1b2dp2w1r10m5w1m5r10w1dp2b2w1b2dp2w1dp24w1dp7w1dp7w1dp24w1dp2b2w1b2dp2w1g10lg3w1dp4b2w1r3w1b2dp3w1-h93f23068dbe55adb	4
s82/r5w23db5w5k7y3k3w2k3g16r8g3r6w3r6g3r8g16k3w2k3g3k7w5db5w23r4g1w19db4w4db1k5y3k2db1w4g15r6g3r5g1w3g1r5g3r6g15w4db1k2y3k5db1w4db4w19g1w19db4w4db1k5y3k2db1w4g15r6g3r5g1w3g1r5g3r6g15w4db1k2y3~x2	4
s84/w6k1w1k1w1k5w2k5w4k4r1k1r1k1r1k1r1k1r1k1r1k1r1k1r1k1r1k1r1k1r1k1r1k1r1k1r1k1r1k1r1k1r1k1r1k1r1k1r1k1r1k1r1k1r1k1r1k1r1k1r1k1r1k1r1k1r1k1r1k1r1k1r1k1r1k1r1k1r1k1r1k4w24k4~x2	4
s9/b10k6g42k2g1k2r1k24r2~x2	4
s9/b16y2b4y2b5k14g28y2g7~x2	4
s9/b16y3b8db12b1db6k32r1w2~x2	4
s9/b1dr5dg4db1g1db1g1db6w1~x4	4
s9/b22g4k4g14lb3g4lb3g4k3~x2	4
s9/b23dt2b2dt2b2dt28r2dt4t2~x2	4
s9/b2o1r10oi12o10b6r10o1b2~x2~o2102055-oi2104058	4
s9/b32w1k3w1g14b7k3dr3w1~x2	4
s9/b3db3b12db26g26r3g26db28w3~b2603265-db1404245	4
s9/b3do2o14g17do14b8o14do2b3~x2	4
s9/b3k2r2k12g10y1k1g2lb2~x4	4
s9/b4dg30dbi12g3db2lb3db26dp4db2~dg1806142-dbi1406275-g2408144-db1204274	4
s9/b4t3b6k2db12g2db2g24lb2~x2~b1813263-t2508259-db1208266-lb3105255	4
s9/b80k12dg3k3w3b24k3b4w3~x2	4
s9/db10dg1db1dg1db1dg2dr12dg1dr2~x4	4
s9/db10g42dbi8lb8dbi8k24dbi8db71r10~db1106275-dbi1406275	4
s9/db10k12dg3k1dg1k1dg30dy4w4~x2	4
s9/db10k12dg3k1dg1k1dg30w4ly4~x2	4
s9/db10o3t4o3db7t3g7db17dy2~x2	4
s9/db10r7db31k25dg23k8db7k8y5~x2	4
s9/db10r7db31k25dg23k8db7r8ly5~x2	4
s9/db10r7db31k25g23k8db7k8y5~x2	4
s9/db10y3db30y5k8g16b4g16b2~x2	4
s9/db10y3db30y5k8g16r4g16r2~x2	4
s9/db10y4db36g28w3g3w3g8y6	4
s9/db11k1db1k1db1k7dg8dr1lg6~x4	4
s9/db11k1db1k1db1k7dg8r1n7~x4~db1204274-n2203265	4
s9/db11k6g25r1ly2y1db25k5ly7~x2	4
s9/db12dr1db1dr1db1dr4g12y1g2~x4	4
s9/db12k3db2r2db2r12w2k1w2~x4	4
s9/db12lb2db2t6db4lb3db4lb18r1~x4~db1406275-t2405244	4
s9/db12lb4db4t12db8lb5db8lb35r4~x2~lb3203246-t2405244	4
s9/db12ly1g16db1g1db14g3db14r2~x4	4
s9/db12r2db4r4k15db4g4db2g12~x2	4
s9/db12w1db2k3r15k1y2k39r2~x2	4
s9/db12y1lb16db1lb1db14lb3db14y1~x4	4
s9/db12y1r16db1r1db14r3db14y1~x4	4
s9/db14k2db2k2db2k7g7w1g14	4
s9/db14k2db2k2db2k7g7w1g14~x2	4
s9/db152b2k4w2g28ri10k26r1y2~ri2008029-r2008022	4
s9/db16dr2db2dr2db2dr6dg13ly2dg3~x2	4
s9/db16k11db24g10y3g17db15k5r6~x2	4
s9/db16k1r7k1r7k1db7g24y4~x2	4
s9/db16k2db2k2db2k6dg13ly2dg3~x2	4
s9/db16k3db16k26dp4k26n20w3n8	4
s9/db16k3db40k22lb3k25g3k6dt10~db1404245-dt1102249	4
s9/db16w2db3y4db3w2db10r35db4~x2	4
s9/db16w6r8db3lo1g1lg3db1g10~x4	4
s9/db16w6r8db3y1g1b3db1g9~x2	4
s9/db16w6r8db3y1g1lb3db1g9~x2	4
s9/db17r3g55db3g4db3g4dy3w5~x2	4
s9/db17r3g55db3g4db3g4y3w5~x2	4
s9/db18g2k2g5w2g2w2g2k2~x4	4
s9/db18n5db18ly14k3w3k3ly14n3~x2	4
s9/db18w2db2r3db21k28dy1k1g2~x2	4
s9/db19w1db6w1db2w2y2w1y18~x4	4
s9/db1b1g3dp6db2k32db2dp12w1~x2	4
s9/db1b1g3dp6db2k32db2dp12w1~x2~db1406275-dp1105325	4
s9/db1dr1k8dr1db1dr1w8dr1db1~x4	4
s9/db1dr4db12dr1k7g12k7dy21w1~x2	4
s9/db1dr9g5dr1k5dr1g5dr9w1~x2	4
s9/db1dy4g8y1g8db12w1db2r1~x4	4
s9/db1dy9g5dy1k5dy1g5dy9w1~x2	4
s9/db1k1db8y1g12y1db8k1db1~x2	4
s9/db1k1dr12g12k6db5dr12k1db1~x4	4
s9/db1k1r12g12k6db5r12k1db1~x2	4
s9/db1k8db2dg16dr6dg16db2k8w1~x2	4
s9/db1lb1db1k8g10k8r1w1y1~x2	4
s9/db1o9g5o1k5o1g5o9w1~x2	4
s9/db1r1k8r1db1r1n8r1db1~x2	4
s9/db1r1k8r1db1r1n8r1db1~x4	4
s9/db1r1k8r1db1r1w8r1db1~x2	4
s9/db1r1k8r1db1r1w8r1db1~x6	4
s9/db1r20g6k6g6r1k6db20w1~x2	4
s9/db1r4db12r1k7g12k7dy21w1~x2	4
s9/db1r5db4r1g1r1g4r5g1~x14	4
s9/db1r5db4r1g1r1g4r5g1~x20	4
s9/db1w2lb12k2db2k2dp15db2ly1~x2	4
s9/db1w2t12k2db2k2dp15db2y1~x2	4
s9/db20b3db4r3db3k10g21k4r20~x2	4
s9/db20k10lo3k7dr4k7lo3k8g20~x2	4
s9/db20k3y1w1g3r3k1r2w1~x2	4
s9/db20y1w1ly3g4dg10n4y1dp4~x2~g1903114-dg1806142	4
s9/db21g5k5g15w3g5w3g5k3~x2	4
s9/db22g3db3g3db3g9n28g3n6~x2	4
s9/db23k2db2k2db2k28dr2k4t2~x2	4
s9/db23k4db4r4db4r25w4k4w4~x2	4
s9/db23ly2dr3dbi7dr3ly2g15dr21ly5~x2~db1404245-dbi1406275	4
s9/db24k8g8r2g4k1w2k1g4~x2	4
s9/db24r3db4r6g8r3g8r30k3~x2	4
s9/db24r4g24r4db4w20r10g3w4~x2	4
s9/db24w3db4y6db4w3db15r52db6	4
s9/db24y2k8g16k1g3k1g3r4~x2	4
s9/db25k12y4k9r6k9y4k12g25~x2	4
s9/db25lb25r2lb25g25y2g25db25w4~x2	4
s9/db25r46w11r11w7r11w11r46db12	4
s9/db25w2db25lb25r2lb25g25dy2g25~x2	4
s9/db26dg11r8k2r2w2r4w1r15~x2	4
s9/db26g11r8k2r2w2r4w1r15~x2	4
s9/db26r3db3w2db3r3db6r6dy2~x4	4
s9/db26r3db3w2db3r3db6r6y2~x4	4
s9/db27k4db4k4db4k14lb14w2lb27	4
s9/db28g3dp3g8w3g3w3g3r3~x2	4
s9/db28k3db6k3db6k20dy28k3w6~x2	4
s9/db28k3db6k3db6k20o28k3w6~x2	4
s9/db2dr49dg51dr9w2dr9db51dr49db2~x2	4
s9/db2dy12k1t5w3t5k1g30ly2~x2	4
s9/db2dy18dg10dy1k10dy2dg10dy18w2~x2	4
s9/db2n10db1n1db10r1db10g10w2~x2	4
s9/db2r1dg26ly1k18db26y1r1db2~x2	4
s9/db2r1dg26ly1k18db26y1r1db2~x2~ly3307090-y2602166	4
s9/db2r21db1w4db7w2db2w2r2~x2	4
s9/db2r2db10r10db1r10g10r1db2~x4	4
s9/db2r3g11r3db2lb2db11r2g2~x2	4
s9/db2r49db51r9w2r9g51r49db2~x2	4
s9/db30dbi4do6ni4do6n6do12n13dr4~x2~db1003265-dbi1404245-ni1700000	4
s9/db32ly4dbi12db2dbi4db2n16db67ly6~db1204274-dbi1406275	4
s9/db32r4db4dy4db9lr9db4lr16w7~x2	4
s9/db32r4db4dy4db9n9db4n16w7~x2	4
s9/db33k16g17n3g17k16db15k3w3~x2	4
s9/db33k1db5k8g8r2g15y1w2~x2	4
s9/db38r5k5g5w5y5db5r5w5~x2	4
s9/db3dr1db14dg14dr1dg1dr1dg1dr2~x4	4
s9/db3dy1db14r14dy1r1dy1r1db2~x4	4
s9/db3g4db24g6w3g4r3g8ly3~x2	4
s9/db3g6db2t11dr3dy4dr3t28w3~x2	4
s9/db3k5r2g2r3g12r6k1r3~x4	4
s9/db3lb1k1r12b1g9r1lb1db3~x4	4
s9/db3lb1k1r12ri1g9r1lb1db3~x4~r2109032-ri2406019	4
s9/db3ly2db32r28w2r2w2r2w3~x2	4
s9/db3n1db10g3r1k3db5n2lb1~x4	4
s9/db3n3db36dbi7k3dbi6g5k1y3~x2~db1106275-dbi1406275	4
s9/db3n44k9n10k9n10k9n44r3~x2	4
s9/db3r13db13r9db5w2dp9db21ly2~x2	4
s9/db3r13db13r9db5w2dp9db21y2~x2	4
s9/db3w12k11r4w2r2w2r24ly3~x2	4
s9/db3w2g14r14k2db7k9dy2k2~x2	4
s9/db40g3db2g12k2g2y2g2k3~x2	4
s9/db40r4db10dg10g22ly3g4lyi3g4~x2~dg1806142-g1903114-ly2705081-lyi3407090	4
s9/db40r4k16w3dy8dr4dy3dr8k10~x2	4
s9/db43ly5db1ly4db1ly2db7w1db2~x2	4
s9/db43y5db1y4db1y2db7w1db2~x2	4
s9/db45r4n20w3ly9dr4ly3dr9n11~x2	4
s9/db46y4db4y4db6k16n66lb11r6	4
s9/db46y4db4y4db6k16n66w11r6	4
s9/db48r10w2r10g17k3w17k3w34~x2	4
s9/db48w2db7w2db7w2db20lb11r2~x2	4
s9/db4dg41ly4g4ly4g9r18ly4w4~x2~dg1603171-g2305163	4
s9/db4do5g19dp5do5k5do5db36w3~x2	4
s9/db4g17lb3r3lb3k19w2g17r4~x2	4
s9/db4g17lb3r3lb3k19y2g17r4~x2	4
s9/db4k1g18do2g11do11lb18k1r4~x2	4
s9/db4k1g18dy2g11dy11lb18k1r4~x2	4
s9/db4k1r2k32g32y2k1g3lb2~x2	4
s9/db4k1r2k32g32y2k1g3lb2~x2~db1407270	4
s9/db4k2db16k12w1g13r2g2y4~x2	4
s9/db4k3db28w2dp6dg28n2dg4dp4~x2~dg1806142-n1805302	4
s9/db4k4db4k4db4r2b3db4b4~x3	4
s9/db4k4db4k4db4r2lo3db4lo4~x3	4
s9/db4lo2db20dt2dr4dt2db3dt12db2~x2	4
s9/db4w1db1w3db24n9k1n9k3~x2	4
s9/db4w3db17lb10k1dp5k1lb6g3~x2	4
s9/db4w3lb28w3dp16w4dp8lp46g4	4
s9/db4y2db17k2r4k2db3k11db3~x2	4
s9/db52lo2db2r2db12r6db2r3db2~x2	4
s9/db58n3g16dr3ly2g7db29dr3n2~x2	4
s9/db58y2r1lb4y2r2lb7r8y6~x2	4
s9/db5dy1dg7dr1db45dr5dy3db4dy3~x2	4
s9/db5k1lb2k1w6k1lb2db25lb2~x2	4
s9/db5k9g7k3g7k3g7k25g3~x2	4
s9/db5r16db4k3db4k3db43r15w1~x2	4
s9/db5r19k2g8r3g18k2g9k2~x2	4
s9/db5r2lp2r2db5y1r1y1db5~x8	4
s9/db5r3db21b5db5b40k2b2w1~x2	4
s9/db5w4r1db26r25w1r8w5k1~x2	4
s9/db5w4r1db26r26w1r8w5k1~x2	4
s9/db5y2db17g14w1g1w1g4y2~x2	4
s9/db60lr1db6g10r1g7k2ly2lr2~x2	4
s9/db60ly3db5lyi5db9do20ly4g32w4~x2~ly2503076-lyi2705081	4
s9/db60r5db60dbi40db36r10db36dbi40w5~db1004274-dbi1404245	4
s9/db60r5db60t40db36r10db36t40w5	4
s9/db62w2db4w5db6y2dr8y3w4~x2	4
s9/db62w2db4w5db6y2r8y3w4~x2	4
s9/db66w2db10w2db10w2db12r3lb24~x2	4
s9/db6ly2db27r27ly2r2ly2r2db4~x2	4
s9/db70w6db21g10t27g4t4g1r4~x2	4
s9/db7k2db2k2db2k7g7w1g7~x4	4
s9/db7k5b6k5r7k2db2k70b2	4
s9/db80dg1db2dr4lr1n5db8ly2dg2~x2~db0705267-lr2800000-n1900000	4
s9/db8k2db2k2db2k8g7k1w1~x2	4
s9/db8k4db31lo5r26k5y10lo5k2	4
s9/db8k4lo2k3dr2k3lo2k4g8~x4	4
s9/db8w2k8g12r2db3r2db24r2~x2	4
s9/db8w3db25k3db4k8r31y2r5~x2	4
s9/db96y11db8y11db16y6w4y16w8	4
s9/dbi16db7dy4db2dy16db2g24db8lb11~x2~dbi1406275-db1004274	4
s9/dbi16db7ly4db2ly16db2g24db8lb11~x2~dbi1406275-db1004274	4
s9/dbi4t3dbi6k2db12g2db2g24lb2~x2~dbi1406275-t2405244-db1004274-lb3203246	4
s9/dbi66w1db10w1db10w1db12r2lb24~x2~dbi1406275-db1404245	4
s9/dbi7db5lr6db5r7db2dbi2db70lr2~dbi1406275-db1404245	4
s9/dg10db4dg4db5dg6y10r6dg18y4	4
s9/dg115k15r8k4t8k4y8k4g8~x2	4
s9/dg12k11dg1k1dg1db10dg1k1dg1~x4	4
s9/dg12r2dgi12k3g2k40dg6g2r2~x2~dgi1806142-g2408144	4
s9/dg14k2dg4r2dg4k14dp15k1w3~x2	4
s9/dg15db20k2r4k2db20dg15k2dy2~x2	4
s9/dg15db8k5db8dg15y3dg15db8k5~x2	4
s9/dg15g3dr2g3dg8t12db20r2db4~x2~t2105244-db1004274	4
s9/dg16g1dgi1g1lb24k12o16dp2g2~x2~g2408144-dgi1806142	4
s9/dg18g2db5dr45lb3db18lb3dr8lbi2~x2~dg1806142-g2408144-lb3103284-lbi3200000	4
s9/dg18g2db5r45dbi3db18dbi3r5w2~dg1806142-g2408144-db1204274-dbi1406275	4
s9/dg1r11dg3k4dg4r1k2db11w1~x2	4
s9/dg1r1g22dy21dg12r11g22r1dg1~x2	4
s9/dg1r24dg8k8dg8r1k4db16w1~x2	4
s9/dg1r5dg4r1dg1r1db4r5db1~x12	4
s9/dg20db2dg2db2dg2db8r24db2r3	4
s9/dg20db2dg2db2dg2db8r24db2r3~x2	4
s9/dg20dr1ly1dr1w1dg1dr1w1b5~x4	4
s9/dg20dr2g3db12k20dr2dt3db4dt3~x2	4
s9/dg20dr2g3db12k20dr2n3db4n3~x2~dg1302138	4
s9/dg20g6w15db5w2db15n4db10r2~x2~dg1806142-g2504202	4
s9/dg20y2n5w4dg2n2dg2n2b6~x2	4
s9/dg22lo2dg4dp3dg4k20db20k1w3~x2	4
s9/dg23r7g25y5dg17k5y1w1r1~x2	4
s9/dg24b3dg3b3dg3b9r24dg3r4~x2~dg1304144-r1506009	4
s9/dg24db3dg3db3dg3db9r24dg3r4~x2	4
s9/dg24g3dg4g12dg8g3dg8g30t3~x2~dg1806142-g2408144	4
s9/dg24lb4dg3db11dp8db37k3db2o4~x2	4
s9/dg24lb4dg3db11dp8db37k3db2r4~x2	4
s9/dg28dr12dg4k20ly2k3ly2k3dg7~x2	4
s9/dg28k2db3k11db3k2db17b4lb2~x2~db1108266-b1511266	4
s9/dg28k2db3k11db3k2db17dbi4lb2~x2~db1004274-dbi1406275	4
s9/dg2b8dbi1b1dbi1b1dbi8db10w1~x4~dg1104144-dbi1003265	4
s9/dg2dp19dg2dp46lb2dp10dg3lp2r2~x2	4
s9/dg2dpi19dg2dp46lb2dpi10dg3o2r2~x2~dpi1306313-dp1206313	4
s9/dg2dt19dg2do46lb2dt10dg3o2r2~x2~dt1302305-do1402332	4
s9/dg2g8dt1g1dt1g1dt8db9n1~x4	4
s9/dg2gi1o1dg1g1gi1o1w1b2~x20~dg1304144-gi2508144	4
s9/dg2ly6g24r2dy2dg1dy6dg10g2~x2	4
s9/dg2ly6g24r2dy2dg1dy6dg10g2~x2~g1906142	4
s9/dg2n13db12w3db10w3db12g13b2~x2	4
s9/dg2n13dg12w3lb10w3lb12g13r2~x2	4
s9/dg2n13t12w3t10w3t12g13dp2~x2~dg1806142-g2203152	4
s9/dg2r1dg8db2dg1db2dg1db10r2~x4	4
s9/dg32lb3lp3lb3dg2k20db17r3y4~x2	4
s9/dg32lb3p3lb3dg2k20db17r3y4~x2	4
s9/dg3dr1lb5dr1dg2dr1dg1dr9do2~x4	4
s9/dg3dr1lb5dr1dg2dr1dg1dr9dy2~x4	4
s9/dg3lb12dg10lb6dg8g6dg8o23oi3~x2~dg1806142-g2408144-o2005046-oi2007033	4
s9/dg3lo2o10dg10db20dg12r3db10w2~x2	4
s9/dg3y2dr10dg10db20dg12r3db10w2~x2	4
s9/dg3y2dr10dg10g20dg12r3g10w2~x2	4
s9/dg41ly3g7n3w24dg10g7n7w3~x2	4
s9/dg4db22dbi6w10db3w6dp4dbi3w4~x2~db1003265-dbi1404245	4
s9/dg4db22dbi6w10db3w6dp4dbi3w4~x2~db1204274-dbi1406275	4
s9/dg4db3dg20db9dr2db2dr2db18dp4~x2	4
s9/dg4dpi48dp10lb3dp16lb3n30lb3db2~x2~dpi1507327-dp1105325	4
s9/dg4dr1dg12k1ly4k1dg3t5w2~x2	4
s9/dg4dr2dg20db8k8db4lb1lo2k1~x2	4
s9/dg4k4dg23k11r2k2r2k20w4~x2	4
s9/dg4w1db2y2k3db3w1dr22y1~x4	4
s9/dg5k1y2k1dg19k15y2db20dg3~x2	4
s9/dg5r9dg10w2dg2ly2dg10r9dg5~x2	4
s9/dg6dy2o1dg15o3dy1dg15g6o1~x2	4
s9/dg70y6lb28g56lb5g11lb5g11r12~dg1405139-g2106142	4
s9/dg70y6n28g56n5g11n5g11b12	4
s9/dg70y6n28g56n5g11n5g11lo12	4
s9/dgi20g6dg15db5dg2db15n4db10r2~x2~dgi1806142-g2504202	4
s9/dgi4db2dgi17dg2dr4dg2dgi3dg11dgi2~x2~dgi1603171	4
s9/dgi4db2dgi17dg2dr4dg2dgi3dg11dgi2~x2~dgi1603171-db1406275	4
s9/dgi4dgii52dt4g8dt6dg12dgi17dgii7lo4~dgi1604144-dgii1702166-g2304158	4
s9/dgi4ly2dgi17dg2dr4dg2dgi3dg11dgi2~x2~dgi1603171	4
s9/dgii4y52dg4g8dg6dgi12dgii17y7lo4~dgii1806142-y2204130-g2106142-dgi1403152	4
s9/do15dy2do5dy5k18db5do5db2do15~x2	4
s9/do15ly2do2w2do2dg10o6do3w2~x2~ly2806085-o2404072	4
s9/do1lb1k1lb1do1lb1k1lb1db1~x6	4
s9/do1w1k1w1do1w1k1w1o1~x6	4
s9/do20db2do5db5k18g5do5g2do15~x2	4
s9/do22ly11dg2ly4dg2ly6dg16do42lr6~x2	4
s9/do3dy1lr1do1dy3do3lr3y6dp1~x6~do1301000-lr3100000	4
s9/do40t2dp2t2do2dpi5dp20t2dp20~x2~dp1105325-dpi1607327	4
s9/do64dr9o11dr4lb2lo2n5dr2lo13~x2	4
s9/do68k4do18dt20k3w3k10lb8lo4~do1301000-dt1600000	4
s9/do6lg3do18dy2do2dy10g28dr2g4~x2~lg3002138-g1903114	4
s9/do8o4w2o4do1o12g9do24r4~x2~do1400000-o2600000	4
s9/dp12n3r13dp4r10w2lb18n22r4~x2	4
s9/dp12r1g4r2dp10lb20db3lb9w1~x2	4
s9/dp1g1db2y1db16lb16db1w2r1~x4	4
s9/dp1k2dr7n4dr2k4dr7n2dp1~x4	4
s9/dp1r7dp22r23dp1r23g22r7dp1~x2	4
s9/dp20dg2dp2dg2dp2dg8k24dg2k3~x2	4
s9/dp2dg13db8dg3db33do3db8do13r2~x2	4
s9/dp2g4k8lo1k1db4lb1db1lb2~x8	4
s9/dp30db10o5db10dp30db3dpi5db3dp30~x2~dp1105325-dpi1607327	4
s9/dp35dt2dy1dt1lb1dt5dr2g5lo4~x2	4
s9/dp3k1g16dr5g6dr5g14dr16lo2~x2	4
s9/dp3k40ly3dp6k10dp10k3ly1r3~x2	4
s9/dp3n2o2k60n2k3n12k1o3~x2~n1900000-o2500000	4
s9/dp4db18dr2db2dr2db9g20db3g4~x2	4
s9/dp4db18r2db2r2db9g20db3g4~x2~dp1607327-r1606028	4
s9/dp4db40k15dg10dp2dg10dp2dg10w4~x2	4
s9/dp4db40k15g10dp2g10dp2g10y4~x2~db0806265-k0700000	4
s9/dp4db7dp2db25k19w2dg23k2dy3~x2	4
s9/dp4g24dg6lg4dg4lg4dg44lo1w4~g2408144-lg3105139	4
s9/dp4k2w3k2db30g9k4w20dy3~x2	4
s9/dp4k2w3k2db30g9k4w20dy3~x2~g2408144	4
s9/dp4n10r18ly3r3ly5ri8n9w4~x2~r1807008-ri2109013	4
s9/dp4n10r18ly3r3ly5ri8n9w4~x2~r1807008-ri2806019	4
s9/dp60k10dp6lb6dp6w4dp4k15dp15	4
s9/dp6db4k4db26k12dp3dbi42dy4dbi4~db1204274-dbi1605267	4
s9/dp6db4k4db26k12dp3dbi42y4dbi4~db1404245-dbi1406275	4
s9/dp6r1dp20g6dp6g24k1g2w4~x2	4
s9/dp8k1dg2k1dy2k6dg8k1w2~x4	4
s9/dp8k1g2k1dy2k6g8k1w2~x4	4
s9/dr10lb36k24dr30dy8k16w18db16dy9	4
s9/dr10lb36k24dr30ly8k16w18db16ly9	4
s9/dr12g6k1g2k1g1k6dr24w2~x2	4
s9/dr15t2ly1t10w1t2w1t2ly1~x4	4
s9/dr18k1dy3k1lr1dr3k2dr2lr2~x4	4
s9/dr1g6ly1dr2ly1dr2ly1db6ly1~x8	4
s9/dr1ly1k1ly1y1ly1k1ly1y1~x6	4
s9/dr1n6k1n1k2n1k1n6dy1~x8	4
s9/dr1n6k1n1k2n1k1n6ly1~x8	4
s9/dr1t8k4g1dg4g1k4t8y1~x6	4
s9/dr20b2dr2b2dr2b8k24b2k3~x2	4
s9/dr20g2dr2g2dr2g8k24g2k3~x2	4
s9/dr22g11k2g4k2g6k16dr42lb6~x2	4
s9/dr24lb1k3lb1g14dr8k3dp3lb2~x4	4
s9/dr26w1db10w1dg32dr11db8lb3w1~x2	4
s9/dr28y3dr3db3dr4dp8g10dpi15dp4~x2~dp1105325-dpi1607327	4
s9/dr2db34k2lb2k2n30db3n6dr2~x2	4
s9/dr2k6dr24g2dr2r1dr6k1r2~x2	4
s9/dr2lb1g7r1k7g1db7r1g2~x8~dr1004029-r1606028	4
s9/dr3db7lb1dg6dbi5dy2g2lo2dr3~x2~db1204274-dg1706142-dbi1208266-g2408144	4
s9/dr3dg24k4dg10g3dg10dr5dy3n3~x2	4
s9/dr3dy1w12dy2db2dy2db14w2db2~x2~dy1603076-db1406275	4
s9/dr3g32k4g4k11db3k7dr4w3	4
s9/dr3k1w12k2b2k2ki14w2ki2~x2~b1511266-ki0604259	4
s9/dr3lo2dr12lo2dr3lo8dr2lo8dr2~x2	4
s9/dr3o28do5o5do33o5do5o28ly3~x2	4
s9/dr3o3dt16k2dt2g16dr3g2w2~x2	4
s9/dr3ti16k12g2k2dg32t2dg2lr3~x2~ti2503227-t2405244	4
s9/dr3w6y4k25w3n30o30w3k2~x2~n1900000-o2500000	4
s9/dr3y2dr12y2dr3y8dr2y8dr2~x2	4
s9/dr40lb2dp2lb2dr2dpi5dp20lb2dp20~x2~dp1105325-dpi1607327	4
s9/dr4k12w1dg6dr3k1dr3w1dr3~x4	4
s9/dr4k2g17r6g6r6g15r20y3~x2	4
s9/dr4k5lo1dr26lb1k30lo1k1lo4~x2	4
s9/dr50dy4w16db2w4db2w15g27r4~x2	4
s9/dr50y4w16db2w4db2w15g27r4~x2	4
s9/dr6k1y1k2db2dr4o8k1r2~x4	4
s9/dr6k2dr4dy3dr60db14dr3db3w1~x2	4
s9/dr6k2dr4y3dr60db14dr3db3w1~x2	4
s9/dr6w1dr2w25dr3g12dr3g12dr3~x2	4
s9/dr74k4dr7k4dr9k40w2k4n2	4
s9/dr8dg8k1dg3k1dg1k10dr20w3~x2	4
s9/dt1lr7w1ly3w1ly7dt4p13w1~x4	4
s9/dt25r14dt8dy14t5dt12o6dt8lb2~x2	4
s9/dt3db4dt24db6r3db4g3db8w3~x2	4
s9/dt40dg3k3dg12w3dg3w3dg3r3~x2	4
s9/dt44y8dt8y22lb4y4lb11y2w2~x2~dt1100000-y2200000	4
s9/dt47y1db27lr4g5y1lr8b1db1~x2~dt1000000-lr3201060	4
s9/dt4k2dt2k4dt20k43dt2k4dt2~x2	4
s9/dt4lb1dt1lb3dt24o9k1o9k3~x2~dt1502277-o2500000	4
s9/dt5dp1dt4db4dt7db8w1db2y1~x4	4
s9/dt5dy1dg7dr1dt45dr5dy3dt4dy3~x2	4
s9/dt76db1dt2lb1g14dr5dt13o1lo1~x2~db2006246-lb3200000	4
s9/dy16r16lr3dg16o2r1o2dy6r2~x4	4
s9/dy1k6g4k1g16db1g4db6w1~x4	4
s9/dy1lb3dp14w2db22w2g14dy3lb1~x2	4
s9/dy1lb3dp14w2db22w2g14dy3lb1~x2~db1406275	4
s9/dy21r2g18r2g18r2dg8w6dy10~x2	4
s9/dy22do3dy3do3dy3do9lb28do3lb6~x2	4
s9/dy24r24w3g21y2r1y2dy6r2~x2	4
s9/dy2lb2ly4dy5ly5dy46ly7dy1w2~x2	4
s9/dy2n1dy1o3n3db3dy2r2db1~x4	4
s9/dy2n2dg19n6dg2n6lo14dr4w2~x2	4
s9/dy3k3dy3k18db28w1dg22k2dy2~x2	4
s9/dy3k3dy3k18n28w1g22k2dy2~x2~n1702249-g2206152	4
s9/dy3ly1lb1dy1ly1dy3lb3lyi6dr1~x6~ly2503076-lyi3104101	4
s9/dy3n2dg19n6dg2n6ly14dr4w2~x2	4
s9/dy4db3dt18k3dt2g18dy3g2lb2~x4	4
s9/dy5db9r3db5dy2db4dy26lb3r4~x2	4
s9/dy5db9r3db5dy2db4dy26lb3r4~x2~db1204274	4
s9/dy5lb3k1lb6n11lb3t3lb43w3~x2	4
s9/dy60db8o16db4lo8dy4r2db6w1~x2~o2007033-lo2905070	4
s9/dy62do12lg1g4dg2g4lg1do12dg12~x2~lg3304130-g1903152	4
s9/dy6r30n2k3n30g3n2r25w6~x2	4
s9/dy7db7dy4db26w12db3w14dr2db6	4
s9/dy7k1dg1r1k1r7dg15k1lo1~x4	4
s9/g10r1g1r1g1r4db12r1db2~x2	4
s9/g11k2g1dr4db1dr4db13b2db1~x4	4
s9/g11k2g1dr4db1dr4db13lb2db1~x4	4
s9/g12dg1g1dg1g1k5r10k1r2~x2	4
s9/g12k1g1k1g1r5ki10k1ki2~x4~r2109032-ki0700000	4
s9/g12k1g1k1g1r5ri10k1ri2~x2~r1707016-ri2008029	4
s9/g12k1g1k1g1r5ri10k1ri2~x2~r1707016-ri2209032	4
s9/g12k1r10k2n10k14n10k2r4~x2	4
s9/g12k1r10k2y10k14y10k2r4~x2	4
s9/g12k2r12k3n12k16n12k3r6~x2	4
s9/g12k2r12k3w7k16w7k3w6~x2	4
s9/g12k8n6k22n3k8n3k40g6	4
s9/g12w1r1w4r1w1r8dy2r1~x4	4
s9/g12w1r1w4r1w1r8y2r1~x4	4
s9/g13k2g34k6t16r2t16k2g13~x2	4
s9/g13k3g34k6db16r2db16k3g13~x2	4
s9/g13w2g10k5r13k3r5db15o5~x2	4
s9/g13y16w4y4r4y4k20y8r8~x2	4
s9/g14dg14db14k1db1k1dg38g9db9~x2	4
s9/g14w1g7k7db2k2db2k2db7	4
s9/g14w1g7k7db2k2db2k2db7~x2	4
s9/g14w1g7k7db2k2db2k2db7~x4	4
s9/g15y3g27r2g2r33t2w1t4~x2	4
s9/g16b2dp13lb2k6y2g16lb2k12~x2	4
s9/g16t6dr6t4w2t80lo3t10y2	4
s9/g16t6dr6t4w2t80lo3t10y2~w3600000	4
s9/g16y3db9r3db9g6db3g3k3~x4	4
s9/g17k1dr16k2n14k19n14k2dr6~x2	4
s9/g17k1r16k2n14k19n14k2r6	4
s9/g17k1r16k2n14k19n14k2r6~x2	4
s9/g17k1r16k2y14k19y14k2r6	4
s9/g18b2db5r45dbi3db18dbi3r5w2~db0805267-dbi1604274	4
s9/g20db2g2db2g2db8dr24db2dr3~x2	4
s9/g20db2g2db2g2db8r24db2r3	4
s9/g20db2g2db2g2db8r24db2r3~x2	4
s9/g20k2g2k2g2k8db24dp3db3~x2	4
s9/g20k2r3k2r6g20r29g3r10~x2	4
s9/g20lb6dg15db5dg2db15n4db10r2~x2	4
s9/g20y2n5w4g2n2g2n2db6~x2	4
s9/g20y2n5w4g2n2g2n2t6~x2	4
s9/g20y2n5w4g2n2g2n2t6~x2~w4000000	4
s9/g22dg3g3dg3g3dg9lb28dg3lb6~x2	4
s9/g22dr2g4dr2g4dr18w24dr1lo3~x2	4
s9/g22k1g2k1g3k8r20k1r3~x4	4
s9/g22k1g2k1g3k8r20k1r6~x2	4
s9/g22k2r22db2w1ly12dp1k1y4~x2	4
s9/g22k3g1k3g2dp8dr1dp8dr16~x2	4
s9/g22y2g4dp3g4k20db20k1w3~x2	4
s9/g24k3g2k3g4k4r20k3r6~x2	4
s9/g24k3g2k3g4k4r20k3r6~x2~g2504202	4
s9/g25r2w2db2w2r13dy28db2r3~x2	4
s9/g26db3dr3db20dr3db3dr30lb3k2~x2	4
s9/g26r3g3r3g3r11w27r3w5~x2	4
s9/g28dr12g4db20lo2db3lo2db3g7~x2	4
s9/g28r12g4db20y2db3y2db3g7~x2	4
s9/g28r4k3n2k1dg2r3db20y2~x2	4
s9/g2dp2g10k6r2k6lb10k1w2~x2	4
s9/g2ly9do6dr3do2dr3do2dr10w2~x4	4
s9/g2ly9do6dy3do2dy3do2dy10w2~x4	4
s9/g2r28db6r5db2r2db2r11w2	4
s9/g2r28db6r5db2r2db2r11w2~x2	4
s9/g2r2db1r24db6r3g12r4db1~x2	4
s9/g2r3g4y1g1w1g4r3g2~x2	4
s9/g32lb3dp3lb3g2k20b17dr3lo4~x2~lb3300000-b2603265	4
s9/g32r3do12t3ly3t3k48lb2k4~x2	4
s9/g32r3do12t3ly3t3k48lb2k4~x2~lb3300000	4
s9/g32w1k3w1gi14g7k3dp3w1~x2~g1903114-gi2408144	4
s9/g33db4g4db4g4db12w33db3w6~x2	4
s9/g35k3db2k5db3k1db20k3w3~x2	4
s9/g36gi19g4gi31t2r3t2r3gi12~x2~g1903114-gi2408144	4
s9/g3db8g3k4g9y2db2y2r2	4
s9/g3db8g3k4g9y2db2y2r2~x2	4
s9/g3db9g3k4g8y2db2y2r2	4
s9/g3dp2g25k6r2k6lb20k1w2~x2	4
s9/g3dp4g23k10r2k10lb18k1w3~x2	4
s9/g3n5k4n33g12k4w2n18ly3~x2	4
s9/g3r12g15r2w1db30w1g2r2~x2	4
s9/g3r9lb1g9r1g1r8db9r1~x4	4
s9/g3r9lb1g9r1g1r9db9r1~x4	4
s9/g3w29g3db3g3db6g13y3r2~x2	4
s9/g40db8g8o8dt5o13k9g40r4~db1906256-dt1603265	4
s9/g40dbi8g8lp8db5lp13k9g40r4~dbi1406275-db1204274	4
s9/g40k8g4k8g4dr14b64lb9b3	4
s9/g40k8g4k8g4dr14db64lb9db3	4
s9/g48n26w5dy7lb10g3t7n10r3~x2	4
s9/g4dr2g20db8k8db4lb1lo2k1~x2	4
s9/g4lo1dt1lo1dt2g9r1dt6w1~x4	4
s9/g4lp46dp8w4dp16w3lb28w3b4~lp3004302-lb3200000	4
s9/g4r1db2r1g10dy5r3dy10y1~x4	4
s9/g4r32db9r6db2r3db2r12w3~x2	4
s9/g4r32dr34w3~r1908029	4
s9/g4r32dr34w3~x2~r1908029	4
s9/g4r5g31r5g31ly5g4ly27lyi3~x2~ly2503076-lyi3407090	4
s9/g4y2g17dg2r4dg2g3dg11g2~x2	4
s9/g4y9g3db4g3w3dr32g4y3~x2~db1208266	4
s9/g4y9g3db4g3w3r32g4y3~x2	4
s9/g5db22g6k10w24y2db2w2r2~x2	4
s9/g5db24g7k10g24dy2db2dy2r2~x2	4
s9/g5db24g7k10g24y2db2y2r2~x2	4
s9/g5dr1r4db2r20g12db16r4dr1~x2	4
s9/g5r9g10y2g2w2g10r9g5~x2	4
s9/g5w2g8r9k3r4k3r17g3~x2	4
s9/g5y1g3y2g8k8db1k8g1~x4	4
s9/g60db1ly5k1r15k1w15k1g15~x2	4
s9/g60db1y5k1r15k1w15k1g15~x2	4
s9/g6db11lr8k4lr8k4lr8k27lr4~x2	4
s9/g6db11w8k4w8k4w8k27w4~x2	4
s9/g6lr2g10k3dr1k3lo10lr2lo6~x4	4
s9/g6w1lb3ti6t12b15o3w1lbi1~x2~lb3203246-ti2503227-t2308259-b2008266-lbi3300000	4
s9/g71k4r4db9r4db4r36db4w4	4
s9/g71k4r4db9r4db4r36db4w4~x2	4
s9/g71k4r4dp9r4dp4r36dp4w4	4
s9/g7k1dr8k2w7k10w7k2w4~x4	4
s9/g7k1r7k1w7k10w7k2w4~x2	4
s9/g8dg1g1dg42w2o40g2dg2o3~x2	4
s9/g8n8lb7b5o2k2o2k2o2~x2	4
s9/g8n8lb7r5dy2k2dy2k2dy2~x2	4
s9/g8n8lg7r5w2k2w2k2w2~x4	4
s9/g8r1g4do2w4lb3w1lb3w4~x8	4
s9/g90r1k10w6k4g6r10db62y8	4
s9/g9dy2g6r35db6lb1dr20db5lb2~x2	4
s9/g9k2b4g14w3dg3w23g5y3~x2	4
s9/g9k2r4g14w3lp3w23g5y3~x2	4
s9/g9w4g15r17k5r7k5r32g5	4
s9/g9w4g15r17k5r7k5r32g5~x2	4
s9/g9y2g6r35db6lb1dr20db5lb2~x2	4
s9/g9y2g6r35db6lb1dr20db5lb2~x2~r2109032-db1004274	4
s9/gi20r2g3db12k20r2lb3db4lb3~x2~gi2203152-g1903114	4
s9/gi4g3gi9b14y8b2r35lp2r3~x2~gi2203208-b1813263-r2208029-lp3004317	4
s9/k100dp8n4k4n4dp8k25db10n4	4
s9/k10db3k3db32g1db1g1db2n2~x2	4
s9/k10dg9w2dg9k10r1db8dp12k3~x2	4
s9/k10dg9w2dg9k10r1db8dp12k3~x2~db1004274-dp1105325	4
s9/k10dg9w2dg9k10r1db8dp12k3~x2~dp1503322	4
s9/k10dp3db4dp3k7b3g8k17y2~x2	4
s9/k10dp3k6g1k6g1k6g2k6~x2	4
s9/k10w10k10ly32k2w2k2w2dr5~x2	4
s9/k10y3k2t20k10g15k2r3w3~x2	4
s9/k12db10k3lt4k3db10k12dg12k2~x2	4
s9/k12dr12ly3dr4k10w2dt17k13n4~x2	4
s9/k12lb1k2lb6k4lb3k4lb21r4~x2	4
s9/k12r1g14w1g14k14r1db8k2~x2	4
s9/k12r1k1r1k1r4dg12y1dg2~x4	4
s9/k12r2k28dg12k1w3k1dg12r4~x2	4
s9/k12r2k28g12k1w3k1g12r4~x2	4
s9/k12w12k12w12g13w8do6g4do5	4
s9/k13ly4g15w4r13w4g15w4db13~x2	4
s9/k13y4g15w4r13w4g15w4db13~x2	4
s9/k15g2k2g4r2g2r2g2k2~x2	4
s9/k15n2k5n5k18y5k5y2k15~x2	4
s9/k17g6ly1k1db1k1ly1g6k16~x4~db1106275	4
s9/k18r2k2r5w2r2w2r2k2~x2	4
s9/k18r2k2r5w2r2w2r2k2~x4	4
s9/k19r2k20db6k8db6ly2~x2	4
s9/k1db1dg16r16k12db8dg16db1k1~x2	4
s9/k1db1r16g16k12db8r16db1k1~x2	4
s9/k1db3k3g3r1g3k3g1r1~x2	4
s9/k1dp8dr1dy3dr1dy8k4dg14dr1~x4	4
s9/k1g12k12r1k1r1k12t12r1~x4	4
s9/k1g15dy1y2dy1w6r1db3k1~x2	4
s9/k1g23k1y3k1w8r1lb5k1~x2	4
s9/k1g30dy2y4dy2w12r2t6k1~x2	4
s9/k1g30dy2y4dy2w12r2t6k1~x2~g2203152	4
s9/k1g8k9r1k1r1k9db8r1~x6	4
s9/k1lb1r16g16k12lb8r16lb1k1~x2	4
s9/k1lr1g5dp1g2dy5lr1y3lr1~x4	4
s9/k1ly12r1ly2k4r1k4ly2k1~x4	4
s9/k1r1k5r1w1r1db5r1k1~x2	4
s9/k1w1k1w1k1w1k1w1o1~x6	4
s9/k1w1r16g16k12w8r16w1k1~x2	4
s9/k1w7dr6db7dr1g1dr1g1w1~x4	4
s9/k1y12k2g1k2g3k1y1k1~x4	4
s9/k1y12r1y2k4r1k4y2k1~x4	4
s9/k20db2k2db4dg4y2k40r2w3~x2	4
s9/k21dp2n1k1n1dp2k6db2n1~x4	4
s9/k21n1k1n1k1n1k1n7~x4	4
s9/k22b16dr3b16k2b16g3b3lb5~x2	4
s9/k22db16r3db16k3db16dg3db3b5~x2	4
s9/k22g11k2g4k2g6k58lb6~x2	4
s9/k23y2dr3db7dr3y2dg15dr21y5~x2	4
s9/k24db2k24db14y3r36k18y5r3~x2	4
s9/k25w1n3w1k31n3k31w2r9~x2	4
s9/k25w1n3w1k31n3k31w2r9~x2~n1700000	4
s9/k2db2k2db17dg10k2dg2g13lo2~x2	4
s9/k2db2r26dg25k13db13r26db2k2~x2	4
s9/k2db2r26dg25k13db13r26db2k2~x2~r2609032	4
s9/k2db3g16b1k13b1db18k2db2~x2	4
s9/k2db3g16lb1k13lb1db18k2db2~x2	4
s9/k2db3k2db18k11db2k11g25dp2~x2	4
s9/k2dr3k36n2k5n7ly3lb5g2~x2	4
s9/k2dy1k2dy8r29n9db24w2db2~x2~db1204274	4
s9/k2g30k3dbi4k2db18lb1k3r2~x2~dbi1406275-db1004274	4
s9/k2g7k1g9dy21n2dy1n1dy2~x2	4
s9/k2lb6k1db7g13w1k11r14y2~x2	4
s9/k2n2w4n6w27n15k42n2w2	4
s9/k2r1g8r3g3r14y1r1w2~x2	4
s9/k2r2k15lb2k4lb2n9dt27w2~x2~n1800000-dt1200000	4
s9/k2r2k4ly3dg24k2dg16t17r2~x2	4
s9/k2r2k8r2w1r2db8r2k2~x2	4
s9/k2r2k8r2w1r2db8r2k2~x4	4
s9/k2r35db6r5db2r2db2r14w2~x2	4
s9/k2r8db2k2r2k6dy2g6y1~x2	4
s9/k2r8db2k2r2k6o2g6y1~x2	4
s9/k2r9w2db2w4db2w2db20w2~x4	4
s9/k2t8k6g35k8ly2w2k2ly2~x2	4
s9/k2w1dg25dy11r12w1ly12k1w2~x2~dy1503076-ly3307090	4
s9/k2w1dp7k1g6k1db7lb1k1~x4	4
s9/k2w1g25dy11r12w1y12k1w2~x2	4
s9/k2y1k2y8r29n9db24w2db2~x2	4
s9/k30db20k10db5w2db10dg20r2dg10	4
s9/k35r6db6r6k16db48r36k6r6	4
s9/k36r3db3r3k8db23r18g3r3~x2	4
s9/k36r3db3r3k8db24r18g3r3~x2	4
s9/k36r3db3r3k8db24r18g3r3~x2~db1406275	4
s9/k36r3db3r3k8db24r18y3r3~x2	4
s9/k38lb2o24w2k16o6lb2k3lb5~x2	4
s9/k3dg14k8dg8dr3dg4lo3dg24w3~x2	4
s9/k3dp16dg5dp3o2dp2k12db23w2~x2	4
s9/k3dp16g5dp3b2dp2k12db23w2~x2	4
s9/k3dr1k14db14dr1db1dr1db1dr2~x4	4
s9/k3dr1k14db14dr1db1dr1db1dr2~x4~db1406275	4
s9/k3dr1k14lo14dr1lo1dr1lo1dr2~x4	4
s9/k3dy14lo4dy9lo14k14g28k1o3~x2	4
s9/k3g3k20r2k2r2db20g3db3~x2	4
s9/k3lr15t3lr4t3lr4t10y30w3~x2~lr2800000-t2503227	4
s9/k3ly1k14dr14ly1dr1ly1dr1k2~x4	4
s9/k3ly6lb13r2lb2r32lb1r2lb1~x2	4
s9/k3n6k2n8dt20o3dt2o2dt3~x2~n1900000-o2500000	4
s9/k3r1k32db28r1db2r1db2r3~x2	4
s9/k3r2dy4r1db25g12dy14db3r1~x2	4
s9/k3r3g21r8ri3r3k3lb25w3~x2~r2109032-ri2806019	4
s9/k3ri3g21r8ri3r4k3db26w3~x2~ri2008029-r1707016	4
s9/k3w1k1w6g1w1g1w1o3~x4	4
s9/k3y3g22db6k17g6db22r3db3~x2	4
s9/k3y6n13r2n2r32n1r2n2~x2	4
s9/k40w25k10y8k3y8k10r25w4~x2	4
s9/k4db10k2db2k4t5k6t6k4~x4	4
s9/k4db12lb3db4g8lo2r24db4r4~x2	4
s9/k4db1k1db1k1db4r2db4w2~x4	4
s9/k4db4k2db4k2db22dy27y2r3~x2	4
s9/k4dg33k18dy10g19dy3dg15k1ly3~x2	4
s9/k4dg33k18dy10g19dy3dg15k1y3~x2	4
s9/k4g34y1k18g3db18r3g3r3~x2	4
s9/k4g35lo1k18g3db18dr3g3dr3~x2	4
s9/k4lb12n3lb3n3lb4ly17lb15dy4~x2~ly2701120	4
s9/k4lb2db5lb7db9g14n4g1n4~x2	4
s9/k4lb4k2lb4k2lb22ly27y2r3~x2	4
s9/k4ly15dg5k3dg7k3dg30r20dg3~x2	4
s9/k4ly17k2ly2g7k2ly2k22db4~x2	4
s9/k4m4k19m9k9m19k2m2w3~x2	4
s9/k4n13m3lr7w3ly25r2ly3o4~x2	4
s9/k4n13ri3lb7w3ly25r2ly3dy4~x2~ri2806019-r2109032	4
s9/k4r14t2dg16r3k3r3t12dg4~x2	4
s9/k4r14t2g16r3k3r3t12g4~x2	4
s9/k4r2k28db31y1db2y1db2w3~x2	4
s9/k4r32db9dp6db2dp3db2dp12w3	4
s9/k4r4k19r9k9r19k2r2w2~x2	4
s9/k4w1k1w9g1w1g1w1dy4~x4	4
s9/k4w26k10lo8k3lo8k10r26w4~x2	4
s9/k4w4k4w4k4w4db3w2r2	4
s9/k4y1g2y1g32lb1g3db32lb3~x2	4
s9/k4y1g2y1g32lb1g3lb32db3~x2	4
s9/k50w1n15w1k40n13k62w4dr21~x2	4
s9/k50w3k3r4w3r3w5r3k3~x2	4
s9/k53g5k5dp13db5dp5db5dp5k5~x2	4
s9/k5db3k3db23n4k25n23lb3n5~x2	4
s9/k5dr40k4w2k4dr10w4dr5w1~x2	4
s9/k5ly1dg7dr1k45dr5ly3k4ly3~x2	4
s9/k5r1y1k1y1r1k8db1w1~x6	4
s9/k5r40k4w2k4r10w4r5w1~x2	4
s9/k65dg9o11k5t2lo2ly5k2lo13~x2~dg1001060	4
s9/k6db3k3db33k16b21k3b3r4~x2~db1003265-b1813263	4
s9/k6db49g10k2g10k2lr26k2g2~x2	4
s9/k6dg55g6k85g4k4dg12k2w5~dg1806142-g2408144	4
s9/k6r2k12y3k6lb16y3lb16k2~x2	4
s9/k6w6k6w6g7w4dy3g2dy3~x2	4
s9/k6w6k6w6g7w4dy3g2dy3~x2~g2203152	4
s9/k6y20k6y4k4y10k8y2k5~x2	4
s9/k75dp6n2k2n2dp6k12db2n2~x2	4
s9/k75g2k4dp10db1dp4db1dp4k4~x2	4
s9/k78y16k2dt2k2y2k3r2k10~x2~y2100000-dt1700000	4
s9/k80dg1k2dr4lb1n5k8ly2dg2~x2	4
s9/k80n4k44n50k36n4y12k12y45	4
s9/k8n30lb16k24lb40lbi32lb7lbi12lb4~lb3103284-lbi3200000	4
s9/k8r1k3w5k5w3k5dr23r3~x2	4
s9/k8r1k3w5k5w3k5o23r3~x2	4
s9/k93dr2k4w2k8n8k2n16w2~x2	4
s9/k9lo6db9n2do3n2dg17db17lg5~x2	4
s9/k9ly6db9n2o3n2dg17db17lb5~x2~ly2806085-o2404072	4
s9/k9r4k2r20n9r4db18r4w2~x2	4
s9/ki10k3ki3k32dg1k1dg1k2n2~x2~ki0700000-k0504259	4
s9/lb14db1n3g1n3db1n4w24r1~x4	4
s9/lb14w1lb3y2lb3w1lb4db24r3~x2	4
s9/lb16k1r7k1r7k1lb7g24ly4~x2	4
s9/lb16y3lb9t14lb1t8k32dr1w4~x2	4
s9/lb1k1dr10g10k5db5dr10k1lb1~x4	4
s9/lb1k1r10g10k5lb5r10k1lb1~x4	4
s9/lb20lo2n5lb4db2n2db2n2dg1~x2	4
s9/lb2dg2db1dg30n10db20dg1db2lo1~x2	4
s9/lb2dr12k4dr2k2dr2k6g5lb2~x2	4
s9/lb2k1r5n3o12n4lb1k40db1~x2~n1900000-o2500000	4
s9/lb2k2r14g15k8lb7r14k2lb2	4
s9/lb2k2r14g15k8lb7r14k2lb2~x2	4
s9/lb2k2r27g27k12lb12r27k2lb2~x2	4
s9/lb34r3lb8db4lb8k24g34k2w6	4
s9/lb3db20k3db2k5db2k3g15r2~x2	4
s9/lb3g6lb1db1dr5db2r5db1lb3~x4	4
s9/lb3k6w2k6db2k2db32k2n1~x2	4
s9/lb3n1k1r12b1g9b1n1lb3~x2	4
s9/lb3n1k1ri12r1g9r1n1lb3~x2~ri2209032-r2208029	4
s9/lb44db2lb4db2lb6k16r40db2o11	4
s9/lb48r1db10r1lb10n2db27w1o3~x2	4
s9/lb48w2lb7w2lb7w2lb20db11r2~x2	4
s9/lb4dr2lb7n30lb8n7r5k1w2~x2	4
s9/lb4dy27ly8k4ly8k4ly8o11y3~x2	4
s9/lb4dy27n8k4ly8k4n8o11y3~x2	4
s9/lb4g3lb9db14ly8db2r35ri2r3~x2~r2109032-ri2806019	4
s9/lb4k2g20lr2k13lr2t20lr2r2~x2~lb3203246-lr2800000	4
s9/lb4n6k4r2o10k44n1k1lb2~x2~r2410029-o2208036	4
s9/lb4n6k4ri2r10k44n1k1lb2~x2~ri2109032-r1807033	4
s9/lb50r3lb4r4lb7k14dg31ly2w2~x2	4
s9/lb54dy4n4g12o4g8w1g8db6~x2	4
s9/lb5r5k58r5lb5r5w25r5lb4	4
s9/lb5w3lt7lb5lt27b8db43w3lt3~lb3500000-w4000000-lt3104245-b2208266-db1108266	4
s9/lb60k6lb8k2lb8w2dr12k49ly4	4
s9/lb66w2lb10w2lb10w2lb12r3db24~x2	4
s9/lb6k2r32lo2k6lo2r4k2lb3~x2	4
s9/lb70db5lb3w5lb3w5lb3r5lb8~x2	4
s9/lb8y2g4y2dp4y2lb8w15ly2~x4	4
s9/lbi15k50lb4r18k5db5k15ly10k4~x2~lbi3203246-lb3200000	4
s9/lg15k50w4r18k5db5k15y10k4~x2~lg2704216-w3600000	4
s9/lg16g1dg1g1lb24k12o16dp2g2~x2~g2408144-dg1806142	4
s9/lg16k3lg16k26dp4k26n20k3n8	4
s9/lg22db3lg3db3lg3db9lb22db3lb6~x2	4
s9/lo2k3db6dr4k48dr4db6k3lb2~x2	4
s9/lo2n28k2w2k2t26n3t5lo2~x2	4
s9/lo32k6r1lr1r1k4dg8lo1dg3~x4	4
s9/lo3dg2dr14dgi17dg14lo8dr14dg2lo3~x2~dg1001060-dgi1403171	4
s9/lo4g10k3g3k3g3k9dr11k3~x4	4
s9/lo7k3db4k3dr21k2dr4k2w4~x2	4
s9/lp2w1y1g1dgi1dg1y1g1dg1~x20~g2408144-dgi1806142	4
s9/lr11r4y2k4y2r4y12r20lb2~x2	4
s9/lr18k1dy3k1lr2dr2k2dr2lr2~x4	4
s9/lr18k3lr4lb3lr4k19n20k2r4~x2~lr2800000-n1700000	4
s9/lr1do12g2dr2g16dr2g2do12lo1~x4	4
s9/lr2dy1r10ly12dy10lr6r10dy1lr2~x2	4
s9/ly16lb8n1lb2n1lb1n8ly34w2~x2	4
s9/ly1dr45dt23w1dt6r2ly1r2ly1~x2	4
s9/ly1k45dt23w1dt6r2ly1r2ly1~x2	4
s9/ly1t12k6db1k1db1k1db6ly1~x4	4
s9/ly20k2ly3k2ly4k9r18k2r5~x2	4
s9/ly24do2ly3dy6ly3do2dg15ly20do4~x2	4
s9/ly24k2ly3k2ly3k8g24k2g5~x2	4
s9/ly25r2w2db2w2r13dy28db2r3~x2	4
s9/ly2do1o10oi12do10ly6o10do1ly2~x4~o1305035-oi2104072	4
s9/ly3dg30g20lo6g3lo3g3db20r2~x2~dg1806142-g1903114	4
s9/ly3k2r3db20k24g20r3k2lb3~x2	4
s9/ly4k1g28k6dy18w4t41k1w3~x2	4
s9/ly4o24dy19w3g23n13dy3oi13dy3~x2~n1900000-oi2500000	4
s9/ly4w1dp48r2ri3r2dp3w1ly4~x2~r2109032-ri2806019	4
s9/ly62dr12g1dgi4dg2dgi4g1dr12dg12~x2~g2408144-dgi1806142	4
s9/ly8k7r3k7r3k38w2k3ly6~x2	4
s9/lyi5g23t21ly30k10ly4g4ly16w3~x2~lyi2705081-ly2503076	4
s9/m3lb2db6lb2dr8lo2g6lo2m2~x2	4
s9/n10dbi5db15k3db15k5dr25k3w4~x2~dbi1605267-db1003265	4
s9/n10lb11k2lb3k2lb2k8n40k4~x2	4
s9/n10lb11k2lb3k2lb2k8n40w4~x2	4
s9/n10lb5db15k3db15k5dr25k3w4~x2	4
s9/n12k2n2k2n2k12db12b3w1~x2~db1308266-b2009265	4
s9/n12k2n2k2n2k12lp12lb3w1~x2	4
s9/n14db3n2lbi8n5lbi2k2n25lb2~x2~n1700000-lbi3300000	4
s9/n14k19n14k6n14k6n14k47n6	4
s9/n14lg3n2o8n5o2k2n25lb2~x2~n1900000-o2500000	4
s9/n16k13n7dy3r2dy3n7k13n16~x2	4
s9/n16w1n1k1n8ly4r2w2r2~x4	4
s9/n16y1n2y1n2db6w4dy1dg6~x2	4
s9/n18y1n2y1n2db6w4dy1g6~x2	4
s9/n18y1n2y1n2db6w4o1g6~x2	4
s9/n1lb6db4lb1db16dt1db4dt6lb1~x4~dt1602194	4
s9/n28r2n3w2n17y8lb16ly3lb3~x2~n1700000-y2400000	4
s9/n29k23lo1g9lo2r4k14w2k4~x2	4
s9/n29k23y1g9y2r4k14w2k4~x2	4
s9/n36y2n1y2n4db12w8dy2g12~x2	4
s9/n37db4n7db4n9db40lb2db4n2	4
s9/n3do18n4do3n4r13n21do2b3~x2	4
s9/n3dp3k16n2o2n16k3n2o2~x2~n1900000-o2500000	4
s9/n3dy3r5dg10g3dg10k4dg24r3~x2~dg1806142-g2203152	4
s9/n3k14r3k14lb3r32k2r6k2~x2	4
s9/n3o3k16n2k2n16k3n2lb2~x2~n1700000-o2500000	4
s9/n3o3k16n2k2n16k3n2lb2~x2~n1900000-o2500000	4
s9/n3r3k38n25ly3n6r7n3ly2~x2	4
s9/n3r3k38n25y3n6r7n3y2~x2	4
s9/n44do4n1k1n4y4k1db4do4~x2	4
s9/n44o8n8o22lb4o4lb11o2w2~x2~n1900000-o2500000	4
s9/n44y2dg27y2g16lb8dg16lb2dg8~x2	4
s9/n47lo1k27o4dg5lo1o8t1k1~x2~n1900000-o2500000	4
s9/n47r8k22r7w3r24n9r10ly3~x2	4
s9/n47r8k22r7w3r24n9r10y3~x2	4
s9/n4db2n7dt30n8dt7r5db1w2~x2	4
s9/n4db2n7dt30n8dt7r5db1w2~x2~n1900000-w3600000	4
s9/n4db2n7k30n8k7dr5db1w2~x2	4
s9/n4k2dg2y1dg8k20db50r2db2~x2	4
s9/n4w1k36db2dr4w1db14dr8w1~x2	4
s9/n55db8w8db8g5n8y4w4k4~x2	4
s9/n55t8w8t8g5n8ly4w4k4~x2	4
s9/n5lbi3lb7n5lb27b8db43w3lb3~lbi3300000-lb3103284-b1907278-db1404245	4
s9/n65dp3g3dp3g16do8g3do3b4~x2	4
s9/n68k4n18o20k3w3k10lb8lr4~n1900000-o2500000	4
s9/n6db2n1w17n1db2n16ly27g2~x2	4
s9/n8g4n8db2lb8r1m1lb8db2~n2203265-db0705267-r2209032-m2610337	4
s9/n8o4w2o4n1o12g9n24dr4~x2~n1900000-o2500000	4
s9/n8y4n35db2lb8db2n4db21n4~x2	4
s9/n8y4n35db2lt8db2n4db21n4~x2~db1108266-lt3103227	4
s9/ni3o3k16ni2k2ni16k3ni2n2~x2~ni1700000	4
s9/o16k2o9k37o10~x2	4
s9/o16lb8n1lb2n1lb1n8o34w2~x2~o2500000-n1900000	4
s9/o17b2w2b2o20oi18db3oi6k2~x2~b2603265-oi2600000	4
s9/o18k3o4lb3o4k18n20k2r4~x2~o2500000-n1900000	4
s9/o1lb6db4lb1db16n1db4n6lb1~x4~o2500000-n1900000	4
s9/o24r24w3g21y2r1y2o6r2~x2	4
s9/o3b2g19b6g2b6dg14dr4w2~x2	4
s9/o3db24k16dt3g2dt2g2dt28lb3~x2	4
s9/o44y2k4dp2o15r6k3lb3y2~x2	4
s9/o48ly14o9dg14k6o11g6o10dg3~x2~o2208036-dg1806142	4
s9/o4dg2o7dt30o8dt7g5dg1w2~x2~o2600000-dt1501240	4
s9/o4dg2o7n30o8n7g5dg1w2~x2~o2500000-n1900000	4
s9/o4dg30db12g3k2lb3k26dp4k2~dg1504144-db0906265-g2307139-k0704274	4
s9/o4dp2o7n30o8n7dpi5dp1w2~x2~o2500000-dp1105325-n1900000-dpi1607327	4
s9/o4dr18dy2dr2dy5k2dy15dr1o4~x2	4
s9/o4k7o2db25k19w2g13k2y3~x2	4
s9/o65do9r11o5lb2b2n5o2b13~x2	4
s9/o7n6lb1ly6n1ly6n6lb1o6~x8~o2500000-n1900000	4
s9/o9w9o9n25o1w1o1w1g3~x2~o2500000-n1900000	4
s9/oi24do2oi3o6oi3do2dg15oi20do4~x2~oi2104058-o2102055	4
s9/r12db2r3g20k4g20r30k2r1~x2	4
s9/r12db2r4db4k15g4r4g2r12~x2	4
s9/r12g2r4g4k15lb4r4lb2r12~x2	4
s9/r12g6k1g2k1g1k6r24w2~x2	4
s9/r12g6k1g2k1g1k6r24w2~x4	4
s9/r12w2ly3w2r3k5r2ly18w2~x2	4
s9/r12w2o3w2r3k5r2o18w2~x2	4
s9/r13lb1k3dy1g4r1k2lb1w1~x4	4
s9/r13lb1k3y1g4r1k2lb1w1~x4	4
s9/r13lb3r13g12y2b9lb9r13b2~x2	4
s9/r13lb3r13g12y2dp9lb9r13dp2~x2	4
s9/r13y1k3ly1dg4r1k2y1w1~x4~y2602166-ly3307090	4
s9/r14y2r6k1y14k1g10y1g10~x2	4
s9/r15k1r1db5r1g1r1g1lo1~x8	4
s9/r15k1r1dt5r1g1r1g1lo1~x8~dt1703208	4
s9/r15ri1g3k1w11r3g3ri3w1~x4~r1506019-ri2806019	4
s9/r16k3r16g44k3g8k3ly20k4~x2	4
s9/r16k3r16g44k3g8k3y20k4~x2	4
s9/r17k5w4k6ly5db31k5g6w3~x2	4
s9/r17k5w4k6y5db31k5g6w3~x2	4
s9/r19y1k2lb1g7r2k1lb1w1~x4	4
s9/r1db2dg1k3dg19db3y1db2y1~x4	4
s9/r1db2dt1k3dt19db3y1db2y1~x4~db1208266-dt1102249	4
s9/r1db2n1dt3n19db3lo1db2lo1~x4~db1007262-n1703284-dt1103265	4
s9/r1dy7db3g1n3g1db3g7w1~x4	4
s9/r1g3t1g5k1g1k9db12w1~x4~t2402222-db1004274	4
s9/r1g6y1r2y1r2y1db6y1~x2	4
s9/r1g8y1r2y1r2y1db8y1~x4	4
s9/r1k1n30k6n1k6dy8k1r1~x2	4
s9/r1k1w13t13db7k7w13k1r1~x4	4
s9/r1k1w13t13db7k7w13k1r1~x4~t2205244-db1106275	4
s9/r1k2dg4k1dg1k2db3k1w1~x6	4
s9/r1k2g4k1g1k2db3k1w1~x6	4
s9/r1lb1k11lb1r1lb1w11lb1r1~x2	4
s9/r1lo4dr3r1dr3lr1g3db3lr1~x4~r1606028-dr1004029	4
s9/r1n6k1n1k2n1k1n6ly1~x8	4
s9/r20k2r2k2r2k8g24db2g3~x2	4
s9/r22lb6db10y4r4w4g22db8y3	4
s9/r24db8r23k4w4k4r10k32r8	4
s9/r24ly2n3dy2w10r4n3dy3w2~x2~ly3307090-dy1603076	4
s9/r24t14ly2t3k2t6r38ly1lr2~x2	4
s9/r24y2n3dy2w10r4n3dy3w2~x2	4
s9/r24y2n3o2w10r4n3o3w2~x2	4
s9/r28db12r3g20dp1g2dp1g2r7~x2	4
s9/r28db12r3g20m1g2m1g2r7~x2	4
s9/r28y3r3db3r4b8dg10dp15b4~x2~db1003265-dg1304144	4
s9/r2db10g1db2g1db2g8r1g2~x4	4
s9/r2db12dg2b11dg4db5b2dg24w2~x2	4
s9/r2db12dg2b11dg4db5b2w24g2~x2	4
s9/r2db12dg2g11dg4db5g2dg24w2~x2	4
s9/r2db12dg2g11dg4db5g2w24g2~x2	4
s9/r2db12dg2g11dg4db5g2w24g2~x2~w3600000	4
s9/r2db12r2g11r4db5g2r24w2~x2	4
s9/r2db2w26dg25k14db13w26db2r2~x2	4
s9/r2db2w26g25k14db13w26db2r2~x2	4
s9/r2db4k4g4w1g4k4g4w1~x4	4
s9/r2do15dg12do2db12do2dg12do15ly2~x4	4
s9/r2do15dg12do2dt12do2dg12do15ly2~x4~dt0803284	4
s9/r2g10k12db1k2db14k1db1g2~x2	4
s9/r2g10k12n1k2n14k1n1g2~x2	4
s9/r2g10k12n1ly2n14k1n1g2~x2	4
s9/r2g2r2g4ly3dy45g2dy3g2~x2	4
s9/r2g2r2g4y3dy45g2dy3g2~x2	4
s9/r2k1y2g3y4g3db12k1w2~x4	4
s9/r2k2w2k14dg13g6y2k2w2~x2	4
s9/r2k3db42k3y2k3g22k3r2~x2	4
s9/r2k3db42k3y2k3g22k3r2~x2~db1406275	4
s9/r2k3ki40k3y2k3dg20k3r2~x2~ki0604259	4
s9/r2k8w2k8r2k21r10k42r1~x2	4
s9/r2ly13db8ly3db33g3db8g13o2~x2	4
s9/r2w2b2w2b7w4b1r21b2~x4	4
s9/r2y2t9k10dg12k1y1k1dy1~x4	4
s9/r30w1dp4y1dg14r6dp4lb2w1~x4	4
s9/r33w1k3w1g13r7k3dp3w1~x2	4
s9/r34db4r1db4g2k3g1k3g22~x2	4
s9/r36w1db3y1dg16r8db3lb2w1~x2	4
s9/r36w1db3y1g16r8db3lb2w1	4
s9/r36w1db3y1g16r8db3lb2w1~x2	4
s9/r36w1db3y1g16r8db3t2w1~x2	4
s9/r38y1db3w1g13r6db3lb3w1~x2	4
s9/r3db16o2db2o12k8g12k12w3~x2	4
s9/r3db20k6lb5k4lb3k2r1db2~x2	4
s9/r3db20k6w5k4w3k2r1db2~x2	4
s9/r3db21r3db3k13db13lb3db3w2~x2	4
s9/r3db6k1db1k1db1k6g9k2~x2	4
s9/r3db7lb1dg6dbi5loi2lo2g2r3~x2~db1204274-dg1806142-dbi1406275-loi2906085-lo2706066-g2408144	4
s9/r3dg2k9lb2k2lb24y2lb2y1~x2	4
s9/r3dy23y8g6y8db6y10db12y3~x2~y2303114-g2208144	4
s9/r3g2k1g20k9lb20k1lb2r3~x2	4
s9/r3g2k9b2k2b24y2b2y1~x2	4
s9/r3g2k9lb2k2lb24y2lb2y1~x4	4
s9/r3g2k9lg2k2lg24y2lg2y1~x4~g2408144-lg2901240	4
s9/r3g3lo2r18w2g21lo2g2lo3~x2	4
s9/r3g3y1r18w1g21y1g1y3~x2	4
s9/r3g6k2g2k1y1g2db3w1~x4	4
s9/r3k1g8ly1dy7ly1g19y25k1~x2~ly3507098-dy1503057-y2104086	4
s9/r3k1g8ly1dyi7ly1g19dy25k1~x2~dyi1603076-dy1503076	4
s9/r3n32db2n3db4n2db16w1db1~x2	4
s9/r3t14y2k2t14k36y2k2y2~x2	4
s9/r3t22r3t3k14t14lb3t3w2~x2	4
s9/r3w2r9dt15w2dt15lb9r2lb3~x2~dt0900000-lb3200000	4
s9/r3w5dy16ly2dy1ly40w6n3r2~x4	4
s9/r3w5dy16ly2dy1ly40w6o3r2~x4~ly2705081-o2500000	4
s9/r3y1r12y2r3y8r2y8r1~x2	4
s9/r40k15r6g32r6g32r40g2r20	4
s9/r40k3r2db12r2g2r2g2y3~x2	4
s9/r40w1db7w1g12r8db6lb2w1~x2	4
s9/r40y1k2n1w15r5k5n5w1~x2	4
s9/r41w2dp5dy2g21r9dp5db3w2~x2	4
s9/r41w2dp5y2g21r9dp5db3w2~x2	4
s9/r41y3n7db3w24r10n7db7w3~x2	4
s9/r48db1g24db1r10db1g12k1w4~x2	4
s9/r4db11k3db3k3db4k15g36w3~x2	4
s9/r4db15k18g3k2g2k2g44y4~x2	4
s9/r4g15db8g4r48g4db8g4ly3~x2	4
s9/r4g24r6g4r4g6r44g1w4~x2~w4000000	4
s9/r4g3dp3g44dp16g10w2g2dp2~x2	4
s9/r4g73db73k4lb4k4db73g73y4	4
s9/r4k12w1k12r4k4r24g1r4~x2	4
s9/r4k12w1k12r4k4r24g1r4~x4	4
s9/r4k16w4k16r4k42r20k83r2	4
s9/r4k2w6k2db40k80g10w6r3	4
s9/r4k2w6k2t40k80g10w6r3	4
s9/r4ly24k13ly2k4ly3k1ly3lb2~x2	4
s9/r4t11k3t3k3t4k15g36w3~x2	4
s9/r4t12db36w4db4t16w3db6t3~x2	4
s9/r4t3lr2k2lr12k2db10ti25w2~x2~lr2800000-ti2503227	4
s9/r4w1r4g10y1k10lb4k2lb4~x2~r1908029-y1904072	4
s9/r4w1r4g10y1k10lb4k2lb4~x4	4
s9/r4w1r4g10y1k10w4k2w4	4
s9/r4w4k4w4k4w4k2lb23w2~x2	4
s9/r4w4k4w4k4w4k2n23w2~x2	4
s9/r4y2r34db10g4db4lb4db23w3~x2	4
s9/r50db3g6db1r3db1g8k1lb3~x2	4
s9/r51y2k4w2g21r10k4lb4w2~x2	4
s9/r52dg2r2dg2r3w3db2w2db2~x4	4
s9/r52k5y5ly5do5k2r6k1y2~x2	4
s9/r52k5y5ly5do5k2r6k1y2~x2~ly2503076-do1103038	4
s9/r5db15k15g15w2g15k15g15w2~x2	4
s9/r5db1r5b13db8lb5r5w1db3~x2	4
s9/r5dp10r20g2r20g10r5g10r5~x2	4
s9/r5g20r5g3r4g5r36do2w4~x2	4
s9/r5g20r5g3r4g5r36do2w4~x2~w4000000	4
s9/r5g20r5g3r4g5r36g1w4~x2	4
s9/r5m2r1dg16m2r11m1r1m2~x4	4
s9/r5w1db10g10w1y1g2lb2w1~x2	4
s9/r60b15r4db10w2db10w2db10r4~x2	4
s9/r60ly4k22g5k25lb8k4r4k4~x2	4
s9/r67y3b6dg3w25r10b6dg7w3~x2	4
s9/r67y3n6lb3w25r10n6lb7w3~x2	4
s9/r6db2r1db16r3db16g28w2g4~x2	4
s9/r6db2r1db8r3db16g28w2g4~x2	4
s9/r6g2w21dy2k8dy2g32w1k3~x2	4
s9/r6g3r6db1w1db1r2db8r4	4
s9/r6g3r6db1w1db1r2db8r4~x2	4
s9/r6g3r6db1w1db1r2db8r4~x4	4
s9/r6y2r18y3r4y12r3y10r2~x2	4
s9/r72db6y1db12k4w1n4w1k5~x2	4
s9/r72db6y2db11lb2db2lb2r9k2~x2	4
s9/r72dg6y2dg11b2dg2b2r9k2~x2	4
s9/r7db2g5k24db2g10db28g10w3~x2	4
s9/r80w2r5k10r6n4r10k2n6	4
s9/r8db9dp3y1dp1y2dp2k32dp1~x2	4
s9/r8db9dp3y1dp1y2dp2k32dp3~x2	4
s9/r8dy33y33k33r8db8y33db8r8	4
s9/r8o33y33k33r8db8y33db8r8	4
s9/r8y1g20r29k2r29w20r2db7~x2	4
s9/r96db1g24db1r10db1g12k1w4~x2	4
s9/r9db11k3db3k3db3k20g20k3~x2	4
s9/r9g18k6g6k3ly3g6db8w3~x2	4
s9/r9k1g1k1dp6k1dp6y1k2~x6	4
s9/ri3r18dr6ri15r4ri3r4ri7k2~x2~ri2509032-r1807025	4
s9/ri3r18dr6ri15r4ri3r4ri7w2~x2~ri2406019-r2109032	4
s9/ri3r18dr6ri15r4ri3r4ri7w2~x2~ri2509032-r1807025	4
s9/ri4r2ri1dg16r2ri11r1ri1r2~x2~ri2109032-r2109013	4
s9/t11r1k8r1t1r1n8r1t1~x4	4
s9/t12lo1t2lo1t3k5g10lo1g2~x4	4
s9/t12ly1w16t1w1t14w3t14r2~x4	4
s9/t13lb13r1lb13g13y1g13t13w1~x4	4
s9/t14lb1t3lo2t3lb1t4db24dr3~x4~t2503227-lb3200000	4
s9/t1r1k8r1t1r1n8r1t1~x4	4
s9/t22db3t3db3t3db9lb28db3lb6~x2~t2405244-lb3200000	4
s9/t22k12g11y2g11k12t11k2r2~x2	4
s9/t25k1dy6k1lr10w3lr10k1y3~x4~t2503227-dy1503076-lr2800000	4
s9/t25k1dy6k1lr10w3lr10k1y3~x4~t2503227-lr2800000	4
s9/t27db8t14db8t14db26r84db6r12	4
s9/t3r2dg16r2t3r2n16r2t3~x4	4
s9/t49lb11ly7k16w5t20lb10k6ti5~x2~lb3200000-ti2405244	4
s9/t4w30r4t3r1t1r1t22w2~x2	4
s9/t62g5t3g22k3g3y3g3k6~x2	4
s9/w120k2db4g3w2k2r8w2r3~x2	4
s9/w12db79lo6db53lb4db22dp10db24g8	4
s9/w12db79lo6db53lb4db22lp10db24g8	4
s9/w14lb3w14y1dg20w15lb3w7dp3~x2	4
s9/w16db3w2db3w2db3r5db6w2~x4	4
s9/w16g2k5r2k10g11y2g11k2~x2	4
s9/w17k2db6lb6w1db1dp10k2dp3~x4	4
s9/w1b3w3b1w5k1w2k3lo1~x4	4
s9/w1db12k9dg1k1dg5lb1dg3lo1~x4	4
s9/w1db16ly1r3ly1dg6g2dg6w1~x2~dg1806142-g2408144	4
s9/w1db16y1dr3y1dg6g2dg6w1~x2	4
s9/w1db2g15db3g26o24g3r2ly1~x2	4
s9/w1db8r3db2r1db2r3db8ly1~x4	4
s9/w1dbi6g1dbi1g1dbi1db4dr5lo1~x4~dbi1406275-db1106275	4
s9/w1dr12g2dr2w16dr2g2dr12lo1~x4	4
s9/w1g16lb2g12k1g12k10dp10lb1~x2	4
s9/w20lo2n5w4db2n2db2n2dg1~x2	4
s9/w216k8dg24b24w4k4r45w8r12	4
s9/w216k8dg24g24w4k4r45w8r12	4
s9/w24t24lb6w1db4w20t10lb3w4~x2	4
s9/w24t24lb6w1db4w20t10lb3w4~x2~t2205244-db1204274	4
s9/w29db2w2db2w2db14dr31db2dr3~x2	4
s9/w29db2w2db2w2db14r31db2r3~x2	4
s9/w2db16g16t4k4t4g16db16w1~x2	4
s9/w2db20dg2b2dg2b4dg8y2r1~x2	4
s9/w2db20dg2dgi2dg2dgi5dg8ly2r1~x2~dgi1605139	4
s9/w2db20dg2g2dg2g4dg8y2r1~x2	4
s9/w2db20dg2g2dg2g4dg8y2r1~x2~dg1806142-g2408144	4
s9/w2db27k1g3k1n10k1r24w2~x2	4
s9/w2db2w1db40r3ly1r10dg10r1~x2	4
s9/w2db3r6k8g12lo1db4k2w2~x2	4
s9/w2db3r6k8g12y1db4k2w2~x2	4
s9/w2db3r6k8g12y1db4k2w2~x4	4
s9/w2db4r16k12g36dy1db6k2w2~x2	4
s9/w2db4r16k14dg32y1db8k2w2~x2	4
s9/w2dg12k3dg3k16dg3k3dg12ly2~x2	4
s9/w2dg27dy1ly7lb5dy5r17dy6lb1~x2	4
s9/w2dr14k1n5k1n5do8dr10ly2~x4	4
s9/w2g27y1dy7db5y5r17y6db1~x2	4
s9/w2k11w2k2w16k2w2k11lo2~x4	4
s9/w2k25b2dg6dy2r6b2k25w2~x2	4
s9/w2k25b2dg6dy2r6b2k25w2~x2~dg1704144	4
s9/w2k25dt2dg6dy2r6dt2k25w2~x2~dg1704144	4
s9/w2k2r14g15k8w7r14k2w2	4
s9/w2k3r10k5r3k5r15k35w1~x2	4
s9/w2o1w2g6w10o6w2g1w2~x2	4
s9/w2r12k3r3k16r3k3r12ly2~x2	4
s9/w2r1w2g6w10r6w2g1w2~x4	4
s9/w2r1w2g6w10r6w2g1w2~x4~w3600000-g2408144	4
s9/w2r2db14g16y2k2g2r35g1~x2	4
s9/w30lb4db6dp4db6g6db12g13lt4~x2~lb3203246-db1404245-g2203152-lt3606199	4
s9/w30t4db6dp4db6g6db12g13lb4~x2~t2405244-lb3203246	4
s9/w37k4db12g12w2lr2r23w4r6~x2~lr2805035-r1506019	4
s9/w38r12w37g32k3w4k3g32r4	4
s9/w38r12w37g32k3w4k3g32r4~x2	4
s9/w3b25r3ri3r3ri5g10r3k2~x2~r1707008-ri2109032	4
s9/w3db19w1lb17y11g10w1db3w1~x2	4
s9/w3db1k14db2k1g6k1db30ly3~x2	4
s9/w3db1w1db3k1y1k8g3dp2~x2	4
s9/w3db22k2r3k2r5g7b2k2~x2	4
s9/w3db25dr3r3dr3r5g10dr3k2~x2	4
s9/w3db25r3ri3r3ri5g10r3k2~x2~r1506028-ri2008029	4
s9/w3db28g26r3g26db26lb12db3lb3	4
s9/w3db2w2db40r3y1r10g10r1~x2	4
s9/w3db2y1db2y1db31k28r2k2~x2	4
s9/w3db3r2db14k3g12k14db16y2~x2	4
s9/w3db4dg8k5dbi20g3y13g4w2~x2~db1004274-dbi1406275	4
s9/w3k2lb30k5r5y5lb5db12w1~x2	4
s9/w3lb25dr3r3dr3r8g21dr3k2~x2	4
s9/w3lb26db13k13w2g8k5r3lb3~x2	4
s9/w3lb2n14o8lb14db16n13lb2w3~x2~n1900000-o2500000	4
s9/w3lg15db6dbi2db1dbi2db1dbi21y2~x2~db1004274-dbi1406275	4
s9/w3ly1k3w10k10w6ly4k40ly3~x2	4
s9/w3ly2g8k2ly3k2db15k1ly2~x4	4
s9/w3ly2g8ly2k3ly2db15k1ly2~x4	4
s9/w3ni2n14lr8ni14db16n13ni2w3~x2~ni2203265-n1700000-lr2800000-db0705267	4
s9/w3t19w1lb17ly11g10w1t3w1~x2	4
s9/w3y4w26m18w2m4r2m4w2~x2~m2610337-r2209032	4
s9/w40y4n10w8b4n4b4n4g1~x2	4
s9/w40y4n10w8db4n4db4n4g1~x2	4
s9/w4db8w1b1dbi6b3r6b1w4~x2~db0805267-dbi1604274	4
s9/w4db8w1dbi1b6dbi3r6dbi1w4~x2~db0805267-dbi1604274	4
s9/w4db8w1dbi1lo6dbi3r6dbi1w4~x2~db0804274-dbi1605267	4
s9/w4db8w1dbi1lo6dbi3r6dbi1w4~x4~db1204274-dbi1406275	4
s9/w4db8w1dbi1r6dbi3b6dbi1w4~x2~db0805267-dbi1604274	4
s9/w4db8w1dbi1r6dbi3lo6dbi1w4~x2~db0804274-dbi1605267	4
s9/w4db8w1dbi1r6dbi3lo6dbi1w4~x4~db1204274-dbi1406275	4
s9/w4db8w1lo1dbi6lo3r6lo1w4~x2~db0804274-dbi1605267	4
s9/w4db8w1lo1dbi6lo3r6lo1w4~x4~db1204274-dbi1406275	4
s9/w4dbi8w1db1g6db3r6db1w4~x2~dbi1604274-db0805267	4
s9/w4dbi8w1db1g6db3r6db1w4~x2~dbi1605267-db0804274	4
s9/w4dbi8w1db1g6db3r6db1w4~x4~dbi1406275-db1204274	4
s9/w4dg20k13b2k2b2k2b16lb4~x2	4
s9/w4dr13lb54dg22k4ly20lb48dr13w4	4
s9/w4g30k1g1k1g3k12db10r3	4
s9/w4g30k1g1k1g3k12db10r3~x2	4
s9/w4k1g19y1k19db13r2db4r2~x2	4
s9/w4k6r3k15r3k6r27db9w2~x2	4
s9/w4n20k13db2k2db2k2db16lb4~x2	4
s9/w50dy4ly2k2ly2dy4ly10dy15lb2~x2	4
s9/w50k3dg10g11w1k1r20w3r5~x2~dg1806142-g2203152	4
s9/w50o4b2k2b2o4b10o15lb2~x2	4
s9/w5db3w25k2w2k16g8k1w4	4
s9/w5g3b3g3b3db20b16w21k3~x2	4
s9/w5g3r3g3r3lb20r16w21k3~x2	4
s9/w6k1w2k4w4k2w4k15r1~x2	4
s9/w6lb36ly12g19dg6r6dg6r28dg4~g2408144-dg1806142	4
s9/w6lb36y12g19dg6r6dg6r28dg4	4
s9/w6ly1r4w1db4ly1r8w1r2~x2	4
s9/w6o1r4w1db4o1r8w1r2~x2	4
s9/w8db50k4r8k6r12g17dp7k4	4
s9/w8dt2w1dt2w1dt2r3dt3w1~x4	4
s9/w8g15k15g5k2g6k40db20r6	4
s9/w9db2dy8n6dy9n15dy13n3db4~x2	4
s9/y16ly5k8ly8k68g46w8k8r8	4
s9/y1k1r8dg8k6y4r8k1y1~x8	4
s9/y1k1r8y4k6dg8w8k1y1~x4	4
s9/y1k3r24k3r3k24r3k3w1~x2	4
s9/y1k6g4k1g16db1g4db6w1~x2	4
s9/y1k6g4k1g16db1g4db6w1~x4	4
s9/y1k6g4k1w16b1w4b6w1~x2	4
s9/y1k6g4k1w16lb1w4lb6w1~x2	4
s9/y1r12g2r1g16r1g2r12w1	4
s9/y1r12g2r1g16r1g2r12w1~x2	4
s9/y1r12g2r1g16r1g2r12w1~x4	4
s9/y1r12k2r2k16r2k2r12w1	4
s9/y1r12k2r2k16r2k2r12w1~x2	4
s9/y1r1y1r1y1b1y1b1y1~x6	4
s9/y1r1y1r1y1lo1y1lo1y1~x6	4
s9/y1r2g3o24g26db3g15db2w1~x2	4
s9/y1r6k1r1k16r1k1r6w1~x2	4
s9/y1r9k2r2k12r2k2r9w1~x4	4
s9/y20db27r6db15y8db11y78dbi10r12~db0805267-dbi1604274	4
s9/y20db27r6db15y8db11y78dbi10r12~db1204274-dbi1406275	4
s9/y24k2y3k2y3k8g24k2g5~x2	4
s9/y27k4w4r64w4r4k4r4k12~x2	4
s9/y2dbi3r3dbi28db3dbi3db12r3w2~x2~dbi1406275-db1004274	4
s9/y2g20db8r3db2r2db16w1lb2~x2	4
s9/y2g30k1t5w3t5k1dy12b2~x2~t2308259-b2008266	4
s9/y2k1dg5r4g2r2g4k1w2~x6~dg1806142-g2504187	4
s9/y2k4y1k4r5k50n1k2r1~x2	4
s9/y2r12g2r1g32r1g2r12w2	4
s9/y2w2r2k14g20k16b2lb1b2~x2	4
s9/y3db24r3db8k1lb16k1db3w3~x2	4
s9/y3db29k15r4g25r8k4r3w2~x2	4
s9/y3dg1g3dg16dr32dg1dy1db4g2~x2	4
s9/y3dg1g3dg16dr32dg1dy1db4g2~x2~dg1605139	4
s9/y3dg4y1dg15r24db15w1db4w3~x4	4
s9/y3dt4y1dt15dp24lr15w1lr4w3~x4~dt1300000-lr2700000	4
s9/y3g24k18r4g22r6k4r3w3~x2	4
s9/y3g27k5g5k32g5k5g27w3~x2	4
s9/y3g6dg32r4y2r2dp7dg2w2~x2	4
s9/y3k18w2k4g12n33k4n5g3~x2	4
s9/y3k2lb3r14g19k3w3dp10lb3~x2	4
s9/y3k2r3db20k24g20r3k2lb3~x2	4
s9/y3lb6lg20db5g3db15ly3db3lg3~x2~lg2904173-db1404245-g2304202-ly3104101	4
s9/y3lp9k3lp4k9g15k9db11w2~x4	4
s9/y3r27k5r5k32r5k5r27w3~x2	4
s9/y4db8r3db14w18o4g28db58w4	4
s9/y4g6y1g15r23db15w1db6w4~x2	4
s9/y4k2dg7g7r5k2r15k2w4~x2	4
s9/y4k4g12k37w4k4w16k2w4~x2	4
s9/y4ly2y39dt10n4dt4dr4dt25w3~x2~y2602166-ly3307090	4
s9/y4r24dy19w3g23n13dy3ni13dy3~x2~r2008029-dy1603076-g2104115-ni1700000	4
s9/y4r24dy19w3g23o13dy3n13dy3~x2~o2500000-n1900000	4
s9/y4w1dp48r2o3r2dp3w1y4~x2	4
s9/y6db15k20ki25r40ki25k20db15w4~db1807262-ki0703265	4
s9/y6r13k13w5k13r13g5r4g6~x2	4
s9/y6r30n2k3n30g3n2r25w6~x2	4
s9/y6w1y5w12y1db1lb1db1lb4~x4	4
s9/y75k6w3n2k6n2k6w3n2	4
s9/y7db32dp4db4dp8db4dp8g32y3~x2	4
s9/y7n6lt1dy6n1dy6n6lt1y6~x8~y2400000-lt3304230	4
s9/y8g16k6g6k6g6k16dr21k5	4
s9/y8g16k6g6k6g6k16r21k5	4
s9/y9k1lb4k1r30k1n4g9y3~x2	4
s9/y9k1lb4k1r40k1n4g9y1~x2	4
s9/yi25dp3yi8dp13y8lr2g11yi2dp3~x2~yi2602194-lr2800000	4
s92/g6k4g14ly4k2r8w2r8w2r8k2ly2g8w2g8ly2k2r8w2r8w2r8w1r8k2ly2g14k4g14k4g14ly2k2r8w1r8w1r8k12w1db4w1k12ly4g6ly2g6ly6g6ly4g2r4k2r14db2w2r14w2db2w2r14k2r4dp2ly2g8w2g8ly2k2r8w2r8k2ly4g8ly4k2r2k2r2k2r2k2ly2g6l-h7b5faa3442048204	4
